name,area_frac,circularity,shape_factor,solidity,eccentricity,fractal_dim,lacunarity,edge_std,edge_skew,edge_kurt
ffc0_Rep1.TIF,0.1802,0.0232,-1.6341,0.3556,0.8125,1.4226,3.1239,0.0787,1.6116,2.7419
ffc0_Rep2.TIF,0.3141,0.0173,-1.761,0.5231,0.6349,1.5144,2.0099,0.0633,2.0548,6.0872
ffc100_Rep1.TIF,0.3977,0.0165,-1.7817,0.6016,0.1694,1.5494,1.6791,0.0626,2.3376,7.2021
ffc100_Rep2.TIF,0.4004,0.0167,-1.7779,0.6028,0.285,1.552,1.6683,0.0659,2.1514,5.9534
ffc101_Rep1.TIF,0.4469,0.017,-1.7693,0.671,0.1951,1.5619,1.555,0.0684,1.8099,3.63
ffc101_Rep2.TIF,0.4936,0.0243,-1.6137,0.7333,0.3182,1.5267,1.5301,0.0559,2.6475,9.5658
ffc102_Rep1.TIF,0.4308,0.0219,-1.6603,0.6464,0.2044,1.521,1.6549,0.064,2.2579,6.3844
ffc102_Rep2.TIF,0.4346,0.0177,-1.7512,0.6486,0.1558,1.5485,1.6172,0.06,2.13,5.5564
ffc102_Rep3.TIF,0.4365,0.0194,-1.7129,0.6519,0.2124,1.5375,1.6235,0.0615,2.2732,6.6459
ffc102_Rep4.TIF,0.4319,0.0177,-1.7513,0.6404,0.1298,1.5521,1.6181,0.0627,2.2338,6.3491
ffc103_Rep1.TIF,0.4369,0.0192,-1.716,0.6521,0.1082,1.5429,1.6079,0.0623,2.1637,5.9889
ffc103_Rep2.TIF,0.4422,0.0202,-1.6954,0.6541,0.2277,1.5335,1.5855,0.0633,2.3158,6.9349
ffc104_Rep1.TIF,0.2224,0.0219,-1.6594,0.4842,0.4236,1.4804,2.7289,0.0633,2.3411,6.5306
ffc104_Rep2.TIF,0.4159,0.0211,-1.6755,0.633,0.2946,1.516,1.7249,0.0676,2.2589,6.202
ffc105_Rep1.TIF,0.3949,0.0175,-1.7564,0.5994,0.2417,1.5419,1.6862,0.0648,2.283,6.082
ffc105_Rep2.TIF,0.3834,0.0144,-1.8416,0.5729,0.3098,1.5566,1.6805,0.078,1.8339,3.1869
ffc106_Rep1.TIF,0.0345,0.0993,-1.0032,0.3678,0.9707,1.2091,16.4348,0.0978,0.947,0.7112
ffc106_Rep2.TIF,0.1347,0.0398,-1.3997,0.1997,0.2288,1.2918,4.4538,0.079,1.4382,2.561
ffc107_Rep1.TIF,0.0933,0.051,-1.2928,0.163,0.7254,1.2449,6.3897,0.0961,1.1416,1.1261
ffc107_Rep2.TIF,0.1277,0.0283,-1.5483,0.1903,0.2524,1.3269,4.4739,0.0848,1.2613,1.8813
ffc108_Rep1.TIF,0.1236,0.0395,-1.4034,0.1845,0.2539,1.2856,4.7289,0.088,1.5626,2.2173
ffc108_Rep2.TIF,0.1172,0.0444,-1.3522,0.1781,0.2506,1.2649,5.0878,0.09,1.1754,0.7715
ffc109_Rep1.TIF,0.016,0.1818,-0.7405,0.6577,0.9875,1.123,31.1329,0.1098,1.5093,1.7362
ffc109_Rep2.TIF,0.12,0.0398,-1.4,0.1818,0.2415,1.2831,4.977,0.0852,1.3803,1.641
ffc10_Rep1.TIF,0.1294,0.0358,-1.4464,0.1943,0.2461,1.3045,4.4194,0.0866,1.611,2.8486
ffc10_Rep2.TIF,0.2473,0.0226,-1.6461,0.3719,0.1998,1.4312,2.506,0.077,1.9747,4.2845
ffc110_Rep1.TIF,0.1476,0.0307,-1.513,0.2199,0.1967,1.3276,3.9255,0.0721,1.6344,3.0392
ffc110_Rep2.TIF,0.1282,0.0359,-1.4448,0.1908,0.2175,1.2977,4.4874,0.0795,1.5758,3.4085
ffc111_Rep1.TIF,0.1353,0.0429,-1.3672,0.2004,0.1042,1.2864,4.4111,0.0843,1.7169,3.3249
ffc111_Rep2.TIF,0.1396,0.0353,-1.4518,0.2073,0.223,1.3083,4.1779,0.0814,1.7785,3.7425
ffc112_Rep1.TIF,0.1352,0.0328,-1.4839,0.2005,0.2737,1.3219,4.2943,0.0863,1.5623,2.77
ffc112_Rep2.TIF,0.0707,0.0786,-1.1045,0.2424,0.9324,1.2392,8.5222,0.084,1.1623,0.8608
ffc113_Rep1.TIF,0.3192,0.024,-1.6193,0.5613,0.63,1.4738,2.128,0.0605,2.3949,6.9204
ffc113_Rep2.TIF,0.2038,0.0297,-1.5269,0.3039,0.3504,1.3712,3.0847,0.0759,1.8672,4.2914
ffc114_Rep1.TIF,0.4282,0.0176,-1.7542,0.6371,0.2608,1.5529,1.6319,0.0663,2.0119,4.5768
ffc114_Rep2.TIF,0.122,0.0331,-1.4798,0.1836,0.2152,1.3033,4.7959,0.0832,1.1255,1.5472
ffc115_Rep1.TIF,0.5221,0.0305,-1.5155,0.7724,0.0883,1.4977,1.5083,0.0654,2.1995,5.6452
ffc115_Rep2.TIF,0.4967,0.0255,-1.5926,0.7344,0.2322,1.5196,1.5382,0.0545,2.7965,10.3785
ffc116_Rep1.TIF,0.4638,0.0227,-1.644,0.6849,0.2347,1.5219,1.5787,0.0594,2.4564,7.8278
ffc116_Rep2.TIF,0.4608,0.0218,-1.6617,0.6825,0.2498,1.5309,1.5681,0.0606,2.4304,7.1777
ffc117_Rep1.TIF,0.2934,0.0167,-1.7771,0.4347,0.2708,1.4936,2.09,0.073,2.0143,4.6782
ffc117_Rep2.TIF,0.1362,0.0346,-1.4607,0.2033,0.2918,1.3095,4.2779,0.0756,1.5111,2.5773
ffc118_Rep1.TIF,0.2657,0.0213,-1.6714,0.4008,0.2537,1.4492,2.3818,0.0731,2.0336,4.5732
ffc118_Rep2.TIF,0.1352,0.0408,-1.3888,0.2016,0.2038,1.2909,4.4418,0.0863,1.4823,2.3289
ffc119_Rep1.TIF,0.1269,0.0403,-1.395,0.1905,0.2468,1.2924,4.6418,0.086,1.6198,2.7077
ffc119_Rep2.TIF,0.0675,0.0854,-1.0688,0.1945,0.9287,1.2033,8.8358,0.0934,1.6474,2.8116
ffc11_Rep1.TIF,0.2182,0.0305,-1.5163,0.5563,0.8213,1.4196,3.0093,0.0587,2.3899,8.4894
ffc11_Rep2.TIF,0.437,0.0192,-1.7167,0.6519,0.1435,1.5393,1.5914,0.0665,2.0737,5.3707
ffc120_Rep1.TIF,0.1114,0.0323,-1.4912,0.1913,0.7246,1.3106,5.2079,0.0866,1.1931,1.7555
ffc120_Rep2.TIF,0.4161,0.0166,-1.7786,0.6179,0.2199,1.5506,1.6368,0.0655,2.1208,5.1153
ffc121_Rep1.TIF,0.4762,0.0216,-1.6661,0.702,0.0774,1.5312,1.5727,0.0624,2.2812,6.4563
ffc121_Rep2.TIF,0.2494,0.0145,-1.8388,0.372,0.214,1.4932,2.3658,0.0798,1.6189,2.687
ffc122_Rep1.TIF,0.1625,0.028,-1.5535,0.2466,0.3406,1.3467,3.6323,0.088,1.7499,3.3866
ffc122_Rep2.TIF,0.13,0.0372,-1.429,0.1954,0.3119,1.2963,4.4763,0.0865,1.5503,2.0743
ffc123_Rep1.TIF,0.4015,0.015,-1.8225,0.5945,0.3308,1.5618,1.6566,0.0686,2.1658,5.3262
ffc123_Rep2.TIF,0.1237,0.028,-1.5522,0.1875,0.2235,1.3169,4.6232,0.0823,0.9784,1.4073
ffc124_Rep1.TIF,0.4178,0.014,-1.8553,0.6175,0.1791,1.5785,1.5986,0.0661,2.3435,6.5811
ffc124_Rep2.TIF,0.3945,0.0149,-1.8268,0.5871,0.3068,1.5613,1.6961,0.0618,2.134,4.8779
ffc125_Rep1.TIF,0.2361,0.0172,-1.7655,0.3514,0.3287,1.4648,2.4714,0.0724,1.8455,4.1777
ffc125_Rep2.TIF,0.1445,0.0307,-1.5133,0.2148,0.308,1.3402,4.1096,0.0852,1.5406,2.6686
ffc126_Rep1.TIF,0.333,0.0132,-1.8779,0.4951,0.2019,1.5462,1.8077,0.0728,1.9838,4.5673
ffc126_Rep2.TIF,0.4321,0.0199,-1.7019,0.6433,0.251,1.534,1.6149,0.0603,2.3697,7.2816
ffc127_Rep1.TIF,0.4239,0.0196,-1.7078,0.6319,0.1672,1.5321,1.6366,0.0642,2.2477,6.0955
ffc127_Rep2.TIF,0.4577,0.0202,-1.694,0.6837,0.2618,1.5399,1.5708,0.0664,2.2817,6.0627
ffc128_Rep1.TIF,0.2475,0.0203,-1.6923,0.3654,0.3534,1.4501,2.4419,0.0733,2.1127,5.181
ffc128_Rep2.TIF,0.1321,0.0377,-1.4237,0.1962,0.2441,1.3045,4.3878,0.0848,1.797,3.5317
ffc129_Rep1.TIF,0.4429,0.017,-1.7697,0.6569,0.1184,1.5625,1.5846,0.0683,2.2767,6.3122
ffc129_Rep2.TIF,0.3809,0.0148,-1.8287,0.5671,0.2588,1.5552,1.703,0.0714,2.1252,5.5107
ffc12_Rep1.TIF,0.3826,0.0176,-1.7547,0.5721,0.286,1.5336,1.7553,0.0655,2.209,5.743
ffc12_Rep2.TIF,0.4352,0.024,-1.619,0.6492,0.2721,1.5069,1.6679,0.0696,2.0059,4.5441
ffc130_Rep1.TIF,0.3994,0.0165,-1.7818,0.6033,0.3556,1.5494,1.6931,0.0669,1.9392,4.584
ffc130_Rep2.TIF,0.4624,0.0212,-1.6729,0.681,0.3257,1.5324,1.5873,0.0631,2.5418,8.0707
ffc131_Rep1.TIF,0.0973,0.0465,-1.3326,0.1674,0.7946,1.2401,6.0743,0.0833,1.4036,1.9611
ffc131_Rep2.TIF,0.134,0.0375,-1.426,0.2004,0.2791,1.2949,4.3523,0.0837,1.618,2.8283
ffc133_Rep1.TIF,0.0619,0.1038,-0.984,0.2104,0.9435,1.1653,9.9802,0.085,1.1191,1.0184
ffc133_Rep2.TIF,0.0136,0.1191,-0.9239,0.5936,0.9893,1.1648,31.4376,0.0632,1.4748,1.5981
ffc134_Rep1.TIF,0.1273,0.0417,-1.3798,0.1904,0.2281,1.2803,4.5505,0.0897,1.6438,2.5817
ffc134_Rep2.TIF,0.1314,0.043,-1.367,0.1967,0.2995,1.2894,4.5211,0.0746,1.6921,2.9701
ffc136_Rep1.TIF,0.1793,0.0293,-1.5337,0.2681,0.3048,1.3599,3.3345,0.0811,1.7412,3.1546
ffc136_Rep2.TIF,0.1327,0.0427,-1.3697,0.1993,0.1477,1.2864,4.5394,0.0851,1.3041,1.2405
ffc137_Rep1.TIF,0.1195,0.0362,-1.4418,0.1801,0.2016,1.2915,4.7574,0.0775,1.6517,2.8229
ffc137_Rep2.TIF,0.1223,0.0373,-1.4286,0.1846,0.2135,1.2948,4.7535,0.0878,1.4894,2.1572
ffc138_Rep1.TIF,0.0693,0.067,-1.1737,0.2058,0.9359,1.2422,8.5077,0.0891,1.5884,2.3353
ffc138_Rep2.TIF,0.018,0.167,-0.7773,0.6052,0.9855,1.0886,28.9089,0.0818,1.4649,1.7159
ffc13_Rep1.TIF,0.2634,0.0211,-1.6766,0.3962,0.3695,1.4438,2.3337,0.076,1.7968,3.4823
ffc13_Rep2.TIF,0.1731,0.0335,-1.475,0.4858,0.8328,1.3762,3.6005,0.07,1.9075,4.0513
ffc140_Rep1.TIF,0.1339,0.0384,-1.4154,0.1996,0.1659,1.2967,4.3679,0.0759,1.5569,2.9409
ffc140_Rep2.TIF,0.0997,0.046,-1.337,0.1687,0.7435,1.2453,5.7988,0.0828,1.7413,3.6437
ffc141_Rep1.TIF,0.1246,0.0331,-1.4797,0.1837,0.3054,1.3051,4.5299,0.0836,1.4722,2.4142
ffc141_Rep2.TIF,0.1258,0.0395,-1.4031,0.1891,0.2331,1.2815,4.6467,0.0822,1.3663,1.5611
ffc142_Rep1.TIF,0.3791,0.018,-1.7454,0.566,0.4069,1.531,1.7504,0.064,2.0943,5.5129
ffc142_Rep2.TIF,0.4169,0.018,-1.7439,0.6208,0.2531,1.5455,1.6396,0.0659,2.2219,5.8212
ffc143_Rep1.TIF,0.0139,0.2075,-0.683,0.6529,0.9826,1.0873,36.052,0.0944,1.1007,0.8945
ffc143_Rep2.TIF,0.1185,0.0427,-1.37,0.1791,0.1212,1.2705,4.9876,0.0881,1.386,1.6441
ffc144_Rep1.TIF,0.1293,0.0365,-1.4375,0.1937,0.2477,1.2912,4.4349,0.0826,1.5076,2.1463
ffc144_Rep2.TIF,0.1298,0.0369,-1.433,0.1957,0.2869,1.3086,4.5474,0.0868,1.4126,1.6795
ffc145_Rep1.TIF,0.1235,0.0401,-1.3969,0.1866,0.2866,1.2804,4.7085,0.0901,1.3239,1.2943
ffc145_Rep2.TIF,0.1251,0.0384,-1.4155,0.1878,0.1433,1.2851,4.5844,0.0848,1.8869,3.8265
ffc146_Rep1.TIF,0.4839,0.0272,-1.565,0.7214,0.2939,1.507,1.569,0.0598,2.3073,6.3292
ffc146_Rep2.TIF,0.4409,0.0214,-1.6704,0.6617,0.3332,1.524,1.6454,0.0606,2.0947,5.2542
ffc147_Rep1.TIF,0.2214,0.0229,-1.641,0.3305,0.2253,1.4148,2.7157,0.074,2.0512,5.1677
ffc147_Rep2.TIF,0.2576,0.0298,-1.5255,0.5485,0.6013,1.4214,2.6157,0.0543,2.6876,9.8387
ffc148_Rep1.TIF,0.1136,0.0358,-1.4466,0.1704,0.226,1.2892,4.9136,0.08,1.7636,3.2985
ffc148_Rep2.TIF,0.1267,0.0412,-1.3849,0.189,0.1172,1.28,4.6316,0.0856,1.7877,3.4442
ffc149_Rep1.TIF,0.0133,0.2074,-0.6831,0.7596,0.9818,1.0659,38.2482,0.0926,0.6493,-0.5925
ffc149_Rep2.TIF,0.0632,0.0832,-1.0801,0.1789,0.9374,1.2091,9.5075,0.0832,1.0594,0.4237
ffc14_Rep1.TIF,0.4886,0.0266,-1.5751,0.7288,0.3099,1.5089,1.5518,0.0542,2.3944,7.2132
ffc14_Rep2.TIF,0.4565,0.0238,-1.6243,0.6876,0.4463,1.5176,1.6274,0.0576,2.4565,7.4051
ffc14_Rep3.TIF,0.4809,0.0244,-1.6129,0.723,0.209,1.5233,1.579,0.065,2.1748,5.5789
ffc14_Rep4.TIF,0.471,0.0217,-1.6626,0.7052,0.3126,1.5298,1.5796,0.0656,2.2828,6.2425
ffc150_Rep1.TIF,0.1242,0.0359,-1.4443,0.1872,0.2965,1.296,4.65,0.0834,1.4343,1.907
ffc150_Rep2.TIF,0.1221,0.0411,-1.3866,0.185,0.235,1.2778,4.7909,0.0795,1.0932,0.7084
ffc151_Rep1.TIF,0.1183,0.0392,-1.407,0.179,0.1194,1.2795,4.8071,0.0766,1.3191,1.6998
ffc151_Rep2.TIF,0.1227,0.0408,-1.3897,0.1852,0.0911,1.2817,4.7375,0.0899,1.3379,1.3486
ffc152_Rep1.TIF,0.3244,0.0195,-1.7095,0.482,0.312,1.4898,1.9774,0.0678,2.3121,6.1969
ffc152_Rep2.TIF,0.33,0.0204,-1.6907,0.4892,0.3573,1.4955,2.0108,0.0689,2.0997,5.0844
ffc153_Rep1.TIF,0.122,0.0359,-1.4452,0.184,0.2405,1.2996,4.6757,0.0889,1.5207,2.0876
ffc153_Rep2.TIF,0.1272,0.0387,-1.412,0.1925,0.2217,1.2858,4.6212,0.0878,1.101,0.6276
ffc154_Rep1.TIF,0.2471,0.0199,-1.7017,0.37,0.469,1.4479,2.482,0.0772,1.805,3.6856
ffc154_Rep2.TIF,0.1362,0.0417,-1.3803,0.2042,0.2899,1.2886,4.4625,0.088,1.4525,2.1602
ffc155_Rep1.TIF,0.0141,0.1864,-0.7297,0.687,0.9901,1.1016,32.2625,0.082,1.8369,3.6693
ffc155_Rep2.TIF,0.1241,0.0399,-1.3988,0.1858,0.16,1.2845,4.6959,0.0823,1.7406,3.3382
ffc156_Rep1.TIF,0.3885,0.0165,-1.7821,0.5926,0.1838,1.5493,1.6905,0.0717,1.8859,4.095
ffc156_Rep2.TIF,0.4617,0.0198,-1.704,0.689,0.1646,1.5464,1.5709,0.0607,2.2894,7.0649
ffc157_Rep1.TIF,0.309,0.0201,-1.6972,0.4615,0.3158,1.4808,2.1144,0.0718,1.8253,3.4671
ffc157_Rep2.TIF,0.3937,0.0206,-1.6852,0.5841,0.3063,1.5112,1.7657,0.0777,1.8528,3.4699
ffc158_Rep1.TIF,0.1331,0.0398,-1.4005,0.199,0.2285,1.2971,4.4886,0.0875,1.6207,2.7184
ffc158_Rep2.TIF,0.1312,0.0388,-1.4107,0.1955,0.0589,1.2995,4.4511,0.0885,1.603,2.6569
ffc159_Rep1.TIF,0.1287,0.0419,-1.3775,0.1936,0.2195,1.2844,4.6603,0.0872,1.5409,2.3981
ffc159_Rep2.TIF,0.1271,0.0423,-1.3736,0.1901,0.2593,1.2798,4.7046,0.0866,1.6055,2.6844
ffc15_Rep1.TIF,0.4909,0.0242,-1.616,0.728,0.2417,1.5299,1.5358,0.0588,2.5429,8.4448
ffc15_Rep2.TIF,0.4844,0.0224,-1.6492,0.723,0.1885,1.5351,1.5389,0.0655,2.4006,7.2426
ffc160_Rep1.TIF,0.1196,0.0489,-1.3104,0.1806,0.3014,1.2583,5.0487,0.0914,1.4607,1.5802
ffc160_Rep2.TIF,0.0908,0.0649,-1.1878,0.1596,0.768,1.2175,6.7369,0.0905,1.3791,1.7069
ffc161_Rep1.TIF,0.0169,0.2503,-0.6015,0.7159,0.9837,1.1,32.2739,0.0975,0.8317,-0.2325
ffc161_Rep2.TIF,0.4159,0.0199,-1.7014,0.6185,0.1497,1.5268,1.6552,0.0657,2.3665,6.785
ffc162_Rep1.TIF,0.133,0.0357,-1.4471,0.1977,0.199,1.3085,4.3875,0.0761,1.4641,2.9036
ffc162_Rep2.TIF,0.0632,0.103,-0.987,0.2403,0.9423,1.1863,9.6933,0.0853,1.7161,3.0201
ffc164_Rep1.TIF,0.4023,0.0167,-1.7776,0.6004,0.2141,1.547,1.6698,0.0685,2.1899,5.5669
ffc164_Rep2.TIF,0.4584,0.0203,-1.6931,0.6767,0.129,1.5387,1.5599,0.07,2.2288,5.8718
ffc165_Rep1.TIF,0.4665,0.0205,-1.6878,0.6942,0.3467,1.5406,1.5783,0.0635,2.0585,4.8501
ffc165_Rep2.TIF,0.4305,0.0196,-1.7088,0.647,0.4454,1.5464,1.639,0.0693,2.211,5.5054
ffc166_Rep1.TIF,0.4028,0.0173,-1.7622,0.6017,0.3194,1.5366,1.6767,0.0654,1.8428,3.3199
ffc166_Rep2.TIF,0.3699,0.0188,-1.7268,0.5429,0.348,1.5165,1.8308,0.0681,2.1083,5.5058
ffc167_Rep1.TIF,0.1314,0.0388,-1.4112,0.1949,0.1808,1.291,4.5285,0.0817,1.6963,3.4546
ffc167_Rep2.TIF,0.1276,0.037,-1.4316,0.1897,0.235,1.2926,4.4813,0.0851,2.0353,4.6332
ffc168_Rep1.TIF,0.1303,0.0382,-1.4176,0.194,0.229,1.2952,4.4178,0.0825,1.7804,3.4749
ffc168_Rep2.TIF,0.1293,0.042,-1.3765,0.1922,0.2515,1.2786,4.6095,0.0799,1.6721,3.0806
ffc169_Rep1.TIF,0.1393,0.029,-1.5369,0.212,0.1472,1.3365,4.1356,0.0926,1.3038,1.08
ffc169_Rep2.TIF,0.1218,0.0393,-1.4059,0.185,0.1409,1.2849,4.8337,0.0856,1.4014,1.6277
ffc16_Rep1.TIF,0.3488,0.0182,-1.7392,0.5192,0.2327,1.5099,1.8754,0.0745,1.9685,4.3599
ffc16_Rep2.TIF,0.3874,0.0181,-1.7426,0.5766,0.1733,1.5299,1.7227,0.0727,2.0733,4.8862
ffc170_Rep1.TIF,0.2347,0.0196,-1.7087,0.3502,0.469,1.4447,2.5997,0.0693,2.0949,5.4501
ffc170_Rep2.TIF,0.1406,0.0411,-1.3862,0.2122,0.3054,1.2915,4.3951,0.0775,1.7883,3.5985
ffc171_Rep1.TIF,0.126,0.0376,-1.4252,0.187,0.2393,1.2979,4.4927,0.0812,2.0159,4.6505
ffc171_Rep2.TIF,0.0128,0.0771,-1.1127,0.1805,0.9781,1.1139,21.4769,0.0314,1.9844,4.8669
ffc173_Rep1.TIF,0.3217,0.0206,-1.6867,0.5613,0.6704,1.4887,2.0551,0.0675,2.4113,7.3598
ffc173_Rep2.TIF,0.423,0.023,-1.6377,0.6305,0.371,1.5057,1.7077,0.062,2.5973,8.6339
ffc174_Rep1.TIF,0.4145,0.0161,-1.7934,0.6155,0.2334,1.5583,1.6324,0.0653,2.254,6.1183
ffc174_Rep2.TIF,0.4341,0.0168,-1.7739,0.6471,0.2205,1.5555,1.6113,0.059,2.4705,7.2357
ffc175_Rep1.TIF,0.3632,0.0153,-1.815,0.5379,0.2261,1.5382,1.7772,0.0663,2.1688,5.6467
ffc175_Rep2.TIF,0.132,0.0364,-1.4385,0.1956,0.2301,1.3078,4.44,0.081,1.4596,2.322
ffc176_Rep1.TIF,0.2829,0.0185,-1.7323,0.4925,0.7223,1.4922,2.2221,0.0688,2.2942,6.4114
ffc176_Rep2.TIF,0.368,0.0159,-1.7995,0.5497,0.4261,1.5443,1.7512,0.0701,2.1301,5.3657
ffc177_Rep1.TIF,0.327,0.0157,-1.8047,0.4911,0.4159,1.5224,1.8684,0.0764,1.8811,3.6724
ffc177_Rep2.TIF,0.3301,0.0159,-1.7999,0.4869,0.3107,1.5219,1.831,0.0688,2.2376,6.1622
ffc177_Rep3.TIF,0.2998,0.0164,-1.7843,0.4427,0.3888,1.5037,1.9747,0.0748,1.9877,4.3958
ffc177_Rep4.TIF,0.2603,0.0192,-1.7163,0.3826,0.4624,1.4624,2.291,0.0706,2.3533,7.035
ffc178_Rep1.TIF,0.3613,0.0176,-1.7544,0.5379,0.3395,1.5283,1.7804,0.0657,2.273,6.6934
ffc178_Rep2.TIF,0.3358,0.0166,-1.7798,0.5106,0.3659,1.5231,1.8857,0.0701,1.9661,4.8758
ffc178_Rep3.TIF,0.3852,0.0183,-1.7378,0.5794,0.3039,1.528,1.7091,0.0675,2.0546,4.68
ffc178_Rep4.TIF,0.3807,0.0153,-1.8141,0.5604,0.335,1.5528,1.671,0.0605,2.4196,7.9287
ffc179_Rep1.TIF,0.2618,0.0256,-1.5921,0.6102,0.6567,1.4579,2.5933,0.0558,2.6381,9.0143
ffc179_Rep2.TIF,0.3996,0.0165,-1.7836,0.5993,0.1826,1.5538,1.6866,0.065,2.4592,7.3787
ffc17_Rep1.TIF,0.3521,0.0146,-1.8347,0.5386,0.4132,1.554,1.797,0.0686,1.9079,4.2862
ffc17_Rep2.TIF,0.4519,0.0224,-1.6503,0.6779,0.134,1.5256,1.6038,0.0615,2.1254,5.7256
ffc180_Rep1.TIF,0.1902,0.028,-1.5529,0.5783,0.7904,1.4454,3.3366,0.0657,2.0494,5.102
ffc180_Rep2.TIF,0.4457,0.0204,-1.6898,0.6598,0.2873,1.5339,1.6058,0.0662,2.253,6.1045
ffc181_Rep1.TIF,0.4939,0.0304,-1.5169,0.73,0.2634,1.489,1.5721,0.0573,2.4124,7.6367
ffc181_Rep2.TIF,0.4715,0.0256,-1.5919,0.6975,0.3427,1.5099,1.5984,0.0603,2.262,6.5414
ffc182_Rep1.TIF,0.2336,0.0224,-1.6505,0.358,0.3985,1.4354,2.6436,0.0887,1.4345,1.5439
ffc182_Rep2.TIF,0.1786,0.0317,-1.4984,0.4553,0.8212,1.3918,3.5904,0.0645,2.4398,7.2529
ffc182_Rep3.TIF,0.3385,0.0165,-1.7838,0.4991,0.2078,1.5277,1.8419,0.0656,2.0913,5.3571
ffc182_Rep4.TIF,0.3779,0.0176,-1.7533,0.5644,0.293,1.5315,1.7196,0.0717,2.1231,5.5338
ffc182_Rep5.TIF,0.1417,0.0203,-1.6932,0.2654,0.7269,1.4026,3.6397,0.0792,1.9154,4.5
ffc182_Rep6.TIF,0.2736,0.0218,-1.6619,0.4073,0.3777,1.4492,2.2923,0.0754,2.0974,5.4732
ffc183_Rep1.TIF,0.3943,0.0177,-1.7532,0.5962,0.2692,1.5412,1.6925,0.0721,2.0637,5.3123
ffc183_Rep2.TIF,0.4003,0.0198,-1.7037,0.6071,0.2207,1.5246,1.7119,0.0646,2.2879,6.8029
ffc184_Rep1.TIF,0.3809,0.0151,-1.8206,0.5745,0.2927,1.5572,1.708,0.0686,2.0432,5.2888
ffc184_Rep2.TIF,0.4675,0.0221,-1.6561,0.6933,0.2008,1.5289,1.5644,0.0597,2.0824,5.2339
ffc185_Rep1.TIF,0.4228,0.0192,-1.7177,0.6326,0.19,1.5365,1.6249,0.067,2.0627,5.2344
ffc185_Rep2.TIF,0.2056,0.0294,-1.5311,0.3526,0.7437,1.4049,3.0161,0.0773,1.7774,3.6907
ffc185_Rep3.TIF,0.4338,0.0174,-1.759,0.6443,0.1475,1.5541,1.5572,0.0612,2.4564,8.5444
ffc185_Rep4.TIF,0.4343,0.0201,-1.6959,0.647,0.2788,1.5307,1.6275,0.0663,2.1961,6.084
ffc186_Rep1.TIF,0.4431,0.0199,-1.7002,0.6644,0.2489,1.536,1.602,0.064,2.2703,6.6807
ffc186_Rep2.TIF,0.1005,0.0456,-1.3411,0.3764,0.9256,1.3417,5.7591,0.0763,1.2234,0.9402
ffc186_Rep3.TIF,0.2307,0.0319,-1.4967,0.5787,0.6775,1.4294,2.8617,0.0575,2.2157,6.8275
ffc186_Rep4.TIF,0.4405,0.0222,-1.6539,0.6556,0.3153,1.5214,1.6421,0.0628,2.3898,8.3271
ffc187_Rep1.TIF,0.3091,0.0188,-1.7264,0.53,0.7233,1.5115,2.1159,0.0657,1.8371,4.3644
ffc187_Rep2.TIF,0.4666,0.0216,-1.6658,0.6922,0.234,1.5301,1.579,0.0615,2.4138,7.6019
ffc188_Rep1.TIF,0.3838,0.0158,-1.8013,0.5856,0.2949,1.5485,1.7218,0.0789,1.7942,3.5169
ffc188_Rep2.TIF,0.0939,0.0396,-1.402,0.4168,0.9267,1.3686,5.8326,0.0718,1.5826,2.5605
ffc188_Rep3.TIF,0.4462,0.0227,-1.6449,0.6742,0.3162,1.5213,1.6367,0.0623,2.2345,6.6215
ffc188_Rep4.TIF,0.4489,0.02,-1.6987,0.6685,0.2494,1.5409,1.5926,0.0713,2.0287,5.309
ffc189_Rep1.TIF,0.4669,0.0231,-1.6362,0.698,0.2863,1.5242,1.5801,0.066,2.2398,6.3469
ffc189_Rep2.TIF,0.4636,0.0235,-1.6286,0.6919,0.2537,1.5182,1.5947,0.0623,2.2468,7.0043
ffc189_Rep3.TIF,0.4635,0.0215,-1.6666,0.6884,0.2427,1.5319,1.5806,0.065,2.1495,5.6283
ffc189_Rep4.TIF,0.4583,0.0239,-1.6224,0.6829,0.2651,1.515,1.6037,0.0678,2.1262,5.5006
ffc18_Rep1.TIF,0.481,0.0234,-1.6311,0.7156,0.3711,1.526,1.5754,0.0641,2.3039,6.5832
ffc18_Rep2.TIF,0.48,0.0256,-1.5914,0.7135,0.36,1.5152,1.575,0.0606,2.8318,10.5932
ffc190_Rep1.TIF,0.3904,0.0167,-1.7781,0.5794,0.2653,1.5409,1.678,0.0658,1.9576,4.6072
ffc190_Rep2.TIF,0.3626,0.0156,-1.8069,0.5382,0.2526,1.5421,1.7101,0.0679,2.171,5.9238
ffc190_Rep3.TIF,0.3737,0.0163,-1.7889,0.56,0.2326,1.5394,1.7036,0.0694,2.1162,5.9101
ffc190_Rep4.TIF,0.1208,0.0344,-1.4639,0.3954,0.8818,1.4066,4.6451,0.0798,2.03,4.8861
ffc191_Rep1.TIF,0.4312,0.0169,-1.7711,0.6389,0.2734,1.556,1.5894,0.0624,2.1961,6.3701
ffc191_Rep2.TIF,0.2599,0.0206,-1.6856,0.4723,0.7039,1.4819,2.3616,0.0737,2.0976,5.6519
ffc191_Rep3.TIF,0.4061,0.0187,-1.728,0.6117,0.1588,1.5366,1.6762,0.0641,2.1601,6.3912
ffc191_Rep4.TIF,0.2662,0.0206,-1.6869,0.5173,0.7616,1.4968,2.3521,0.0639,1.89,5.1399
ffc192_Rep1.TIF,0.3331,0.0171,-1.7659,0.4995,0.2648,1.5192,1.8755,0.078,1.5889,2.6773
ffc192_Rep2.TIF,0.2791,0.0221,-1.6556,0.4122,0.3685,1.4547,2.2482,0.0741,2.0207,4.9351
ffc192_Rep3.TIF,0.3605,0.0166,-1.7796,0.5384,0.208,1.5352,1.7691,0.0729,1.8926,4.4968
ffc192_Rep4.TIF,0.0617,0.0394,-1.4041,0.328,0.8033,1.3565,8.6864,0.073,1.9132,4.0622
ffc193_Rep1.TIF,0.4649,0.0258,-1.5883,0.6966,0.2439,1.5059,1.6116,0.0567,2.2788,6.9212
ffc193_Rep2.TIF,0.4774,0.0257,-1.5905,0.7058,0.0748,1.5116,1.5803,0.0616,2.4312,7.7612
ffc194_Rep1.TIF,0.4978,0.0295,-1.5303,0.7434,0.2468,1.4956,1.5651,0.0582,2.3216,7.0539
ffc194_Rep2.TIF,0.4868,0.0256,-1.5918,0.724,0.2403,1.5136,1.5677,0.0603,2.1485,5.5891
ffc19_Rep1.TIF,0.3359,0.0181,-1.7418,0.497,0.4034,1.5108,1.8874,0.0685,2.0346,4.8449
ffc19_Rep2.TIF,0.1366,0.0368,-1.4338,0.2024,0.2293,1.3039,4.2564,0.084,1.7368,3.2947
ffc1_Rep1.TIF,0.3637,0.0127,-1.8973,0.5435,0.2889,1.5749,1.6885,0.0637,2.2346,6.732
ffc1_Rep2.TIF,0.2637,0.0243,-1.6149,0.5026,0.8137,1.4713,2.4791,0.0723,1.9533,4.4154
ffc20_Rep1.TIF,0.5097,0.0235,-1.6288,0.7537,0.1958,1.5307,1.5058,0.0587,2.5545,8.3582
ffc20_Rep2.TIF,0.5011,0.0289,-1.5398,0.7437,0.2639,1.4972,1.5682,0.0582,2.3033,6.3126
ffc21_Rep1.TIF,0.163,0.0318,-1.4973,0.2427,0.4276,1.327,3.8177,0.0867,1.2709,1.3426
ffc21_Rep2.TIF,0.1248,0.0353,-1.4524,0.1861,0.3425,1.3013,4.7306,0.0836,1.4232,2.5608
ffc22_Rep1.TIF,0.0768,0.0498,-1.3032,0.2272,0.9215,1.2854,7.5998,0.0858,1.4633,2.7841
ffc22_Rep2.TIF,0.1241,0.0417,-1.3797,0.1873,0.3748,1.2741,4.7505,0.0885,1.3923,1.7397
ffc23_Rep1.TIF,0.4328,0.0146,-1.8353,0.6381,0.2057,1.5767,1.5598,0.0661,2.3494,6.5544
ffc23_Rep2.TIF,0.0338,0.1281,-0.8925,0.4763,0.9612,1.2167,17.6766,0.091,1.0655,0.8918
ffc24_Rep1.TIF,0.4328,0.0208,-1.6813,0.6535,0.3458,1.5284,1.6376,0.0645,2.0021,4.7521
ffc24_Rep2.TIF,0.4222,0.0211,-1.6756,0.6294,0.2922,1.5229,1.6634,0.066,2.2584,6.4831
ffc25_Rep1.TIF,0.423,0.019,-1.7206,0.6269,0.3637,1.5384,1.6394,0.0651,2.4046,7.2975
ffc25_Rep2.TIF,0.4533,0.0235,-1.6282,0.6706,0.3938,1.5125,1.6295,0.0671,2.0743,4.7763
ffc26_Rep1.TIF,0.0796,0.0584,-1.2337,0.1576,0.8435,1.2662,7.1844,0.0795,1.6965,3.2409
ffc26_Rep2.TIF,0.0634,0.0675,-1.1706,0.1969,0.9304,1.2281,8.9451,0.0804,1.7364,3.7323
ffc27_Rep1.TIF,0.0883,0.0563,-1.2497,0.1601,0.8096,1.2335,6.5982,0.0858,1.1946,1.2497
ffc27_Rep2.TIF,0.4639,0.021,-1.6784,0.6826,0.3233,1.5301,1.5845,0.0609,2.5322,8.2398
ffc28_Rep1.TIF,0.5011,0.0244,-1.6134,0.7392,0.1689,1.5279,1.5195,0.0583,2.5086,8.2219
ffc28_Rep2.TIF,0.517,0.0319,-1.4962,0.7649,0.2059,1.4906,1.5299,0.0588,2.5095,7.7746
ffc29_Rep1.TIF,0.1176,0.0382,-1.4184,0.176,0.1746,1.2812,4.7983,0.0855,1.8904,3.8577
ffc29_Rep2.TIF,0.0856,0.0479,-1.3197,0.1464,0.771,1.2297,6.5078,0.0929,1.6403,2.7045
ffc2_Rep1.TIF,0.1201,0.0373,-1.4287,0.1802,0.2296,1.2897,4.7562,0.0911,1.4834,1.9228
ffc2_Rep2.TIF,0.1362,0.0383,-1.4172,0.2033,0.2819,1.2966,4.353,0.0813,1.8546,3.9393
ffc30_Rep1.TIF,0.4287,0.0172,-1.7639,0.6494,0.0726,1.5497,1.6293,0.0556,2.2037,6.8254
ffc30_Rep2.TIF,0.4758,0.0216,-1.6662,0.7091,0.2231,1.5347,1.5558,0.0544,2.8094,11.1288
ffc31_Rep1.TIF,0.0614,0.0728,-1.138,0.2221,0.9416,1.2235,9.625,0.0812,1.1369,1.7559
ffc31_Rep2.TIF,0.3198,0.0125,-1.9036,0.472,0.2088,1.5515,1.8502,0.0693,2.2195,5.8362
ffc32_Rep1.TIF,0.4036,0.0145,-1.8383,0.598,0.0669,1.5654,1.6852,0.0652,2.3398,6.5488
ffc32_Rep2.TIF,0.3484,0.0153,-1.8159,0.5151,0.2131,1.5366,1.8625,0.0658,2.2464,5.7064
ffc33_Rep1.TIF,0.1231,0.0305,-1.5164,0.4238,0.9225,1.4249,4.8281,0.0661,2.1568,6.0178
ffc33_Rep2.TIF,0.1661,0.0258,-1.5882,0.2457,0.2147,1.3718,3.5409,0.0783,1.6944,3.7064
ffc34_Rep1.TIF,0.4006,0.0167,-1.778,0.5979,0.2666,1.5456,1.7125,0.0675,2.225,5.4541
ffc34_Rep2.TIF,0.4486,0.0182,-1.7407,0.6654,0.2721,1.553,1.5809,0.0608,2.4402,7.3792
ffc35_Rep1.TIF,0.3909,0.0189,-1.7241,0.5871,0.3412,1.5287,1.7113,0.0683,2.1788,5.6262
ffc35_Rep2.TIF,0.4115,0.0167,-1.7782,0.6144,0.2055,1.5558,1.6304,0.0688,2.1044,5.2628
ffc36_Rep1.TIF,0.4296,0.0219,-1.66,0.655,0.2956,1.5197,1.6693,0.0613,2.164,5.4039
ffc36_Rep2.TIF,0.4832,0.021,-1.678,0.719,0.2733,1.5403,1.5306,0.0581,2.4328,7.5541
ffc37_Rep1.TIF,0.4828,0.025,-1.6014,0.7187,0.1765,1.5153,1.5646,0.0555,2.5685,8.067
ffc37_Rep2.TIF,0.2832,0.0168,-1.774,0.5045,0.7339,1.5226,2.2406,0.0616,2.3496,6.4819
ffc38_Rep1.TIF,0.4243,0.0185,-1.7333,0.6335,0.1878,1.5407,1.6476,0.0706,2.0706,4.7849
ffc38_Rep2.TIF,0.4912,0.0257,-1.5907,0.7246,0.2446,1.5126,1.5541,0.0597,2.5328,8.3586
ffc39_Rep1.TIF,0.0642,0.083,-1.0811,0.2062,0.9341,1.2058,9.2158,0.0702,1.4656,2.0075
ffc39_Rep2.TIF,0.1267,0.0339,-1.4703,0.1884,0.272,1.3056,4.5539,0.0826,1.412,1.999
ffc3_Rep1.TIF,0.0918,0.0478,-1.3203,0.1545,0.7296,1.2389,6.4409,0.0863,1.1051,1.1378
ffc3_Rep2.TIF,0.3353,0.019,-1.7202,0.4999,0.4341,1.5021,2.0125,0.0682,2.1969,5.9051
ffc40_Rep1.TIF,0.4423,0.0195,-1.7109,0.6568,0.2377,1.5388,1.6363,0.0697,2.5082,7.2549
ffc40_Rep2.TIF,0.4518,0.0221,-1.6552,0.6727,0.4411,1.5235,1.6282,0.0626,2.6833,9.0742
ffc41_Rep1.TIF,0.4295,0.0166,-1.7794,0.6424,0.2111,1.5597,1.5952,0.0642,2.0105,4.8672
ffc41_Rep2.TIF,0.471,0.025,-1.6028,0.7035,0.2587,1.5157,1.5887,0.0567,2.6714,9.2946
ffc42_Rep1.TIF,0.2679,0.0168,-1.775,0.3956,0.3063,1.4939,2.265,0.0741,2.2119,5.5153
ffc42_Rep2.TIF,0.1278,0.0374,-1.4272,0.191,0.0685,1.298,4.4912,0.0855,1.3351,2.2034
ffc43_Rep1.TIF,0.4563,0.0198,-1.7042,0.6788,0.2503,1.5459,1.5613,0.0558,2.6728,9.3322
ffc43_Rep2.TIF,0.4796,0.0212,-1.6737,0.7078,0.3024,1.5426,1.5354,0.0572,2.7757,10.3035
ffc44_Rep1.TIF,0.4627,0.0267,-1.5742,0.6866,0.3237,1.5019,1.6255,0.0633,2.4482,7.4187
ffc44_Rep2.TIF,0.4361,0.0225,-1.6487,0.6463,0.3182,1.5205,1.6556,0.0574,2.3954,7.7957
ffc45_Rep1.TIF,0.4651,0.0224,-1.6495,0.6942,0.13,1.5255,1.5717,0.067,2.1294,5.3618
ffc45_Rep2.TIF,0.4939,0.0261,-1.5842,0.7355,0.3263,1.5146,1.5529,0.0618,2.301,6.4136
ffc46_Rep1.TIF,0.1377,0.0367,-1.4349,0.2048,0.3352,1.2921,4.272,0.0809,1.4925,2.4908
ffc46_Rep2.TIF,0.1403,0.0352,-1.4531,0.2089,0.2405,1.3124,4.2239,0.084,1.5758,3.0594
ffc47_Rep1.TIF,0.1331,0.0361,-1.4427,0.1992,0.2253,1.2971,4.4341,0.0922,1.4784,2.1665
ffc47_Rep2.TIF,0.0145,0.2527,-0.5975,0.7096,0.981,1.0654,37.3294,0.0701,0.5439,0.0563
ffc48_Rep1.TIF,0.1404,0.0418,-1.3793,0.2077,0.2168,1.2864,4.2672,0.0862,1.6137,2.6008
ffc48_Rep2.TIF,0.1359,0.0404,-1.3938,0.2039,0.3283,1.2933,4.3756,0.0903,1.6294,2.6544
ffc49_Rep1.TIF,0.4379,0.0191,-1.7196,0.6484,0.2085,1.5419,1.6174,0.0628,2.2708,6.2676
ffc49_Rep2.TIF,0.2616,0.0253,-1.5975,0.5542,0.5744,1.4538,2.5297,0.0598,2.246,6.1162
ffc4_Rep1.TIF,0.4499,0.0172,-1.7647,0.6645,0.2961,1.5599,1.5749,0.0694,2.2315,6.12
ffc4_Rep2.TIF,0.4654,0.0184,-1.7347,0.6907,0.212,1.5549,1.5538,0.0624,2.2038,5.8689
ffc50_Rep1.TIF,0.1265,0.0371,-1.4302,0.1897,0.1833,1.2991,4.5728,0.0895,1.5527,2.4315
ffc50_Rep2.TIF,0.1298,0.0388,-1.4111,0.1942,0.1788,1.2974,4.5172,0.0907,1.5321,2.0629
ffc51_Rep1.TIF,0.1277,0.0379,-1.4214,0.1907,0.2215,1.3,4.5725,0.0782,1.7109,3.2734
ffc51_Rep2.TIF,0.0912,0.0547,-1.2617,0.1584,0.7611,1.2138,6.4534,0.0829,1.7518,3.1389
ffc52_Rep1.TIF,0.1324,0.0281,-1.5508,0.1992,0.2245,1.3203,4.3275,0.081,1.3434,2.4279
ffc52_Rep2.TIF,0.445,0.0237,-1.6258,0.6589,0.4179,1.5092,1.6262,0.0618,2.302,7.0228
ffc53_Rep1.TIF,0.4818,0.0209,-1.6806,0.7135,0.1688,1.5385,1.5366,0.0618,2.3132,7.0852
ffc53_Rep2.TIF,0.4535,0.0191,-1.7199,0.6754,0.2658,1.5514,1.5873,0.0606,2.2929,7.3383
ffc54_Rep1.TIF,0.4073,0.0184,-1.7353,0.6156,0.1471,1.5368,1.7133,0.0617,2.3102,6.3563
ffc54_Rep2.TIF,0.2882,0.0202,-1.6948,0.4397,0.2912,1.4708,2.2271,0.0789,1.921,3.7556
ffc55_Rep1.TIF,0.1569,0.0327,-1.4859,0.2333,0.3561,1.3416,3.837,0.0832,1.4283,2.0888
ffc55_Rep2.TIF,0.2938,0.0241,-1.6174,0.4368,0.2742,1.4494,2.2182,0.0788,1.9286,4.016
ffc56_Rep1.TIF,0.1839,0.0239,-1.622,0.2732,0.3041,1.3939,3.1656,0.0778,1.7791,3.6744
ffc56_Rep2.TIF,0.1325,0.039,-1.4086,0.1971,0.2102,1.293,4.4963,0.0812,1.6819,3.3925
ffc57_Rep1.TIF,0.106,0.0366,-1.436,0.3017,0.8987,1.3489,5.507,0.0754,1.5422,2.6153
ffc57_Rep2.TIF,0.4033,0.015,-1.8232,0.603,0.2395,1.5606,1.6326,0.0626,2.4959,7.4073
ffc58_Rep1.TIF,0.2506,0.0227,-1.6446,0.3708,0.3678,1.4446,2.4629,0.0748,2.0887,5.0383
ffc58_Rep2.TIF,0.2083,0.0217,-1.6629,0.3134,0.4187,1.4163,2.8123,0.0823,1.7359,3.0702
ffc59_Rep1.TIF,0.4727,0.0219,-1.66,0.6976,0.2091,1.531,1.5649,0.0612,2.3159,6.671
ffc59_Rep2.TIF,0.1385,0.0274,-1.5616,0.2057,0.2297,1.3435,4.2463,0.0796,1.1484,1.8976
ffc5_Rep1.TIF,0.4806,0.0228,-1.6421,0.7115,0.2465,1.5275,1.5573,0.059,2.0725,4.9019
ffc5_Rep2.TIF,0.4922,0.0247,-1.6069,0.7255,0.2293,1.5183,1.5411,0.0614,2.3174,6.8848
ffc60_Rep1.TIF,0.1199,0.0446,-1.3508,0.1822,0.1966,1.2736,4.9168,0.0755,1.1038,0.965
ffc60_Rep2.TIF,0.126,0.039,-1.4086,0.1901,0.2474,1.2878,4.6043,0.0799,1.5048,2.1241
ffc61_Rep1.TIF,0.125,0.0306,-1.5143,0.1878,0.2754,1.3161,4.5094,0.0802,1.8179,3.7963
ffc61_Rep2.TIF,0.1258,0.0387,-1.412,0.1901,0.2893,1.297,4.6845,0.0915,1.5555,2.426
ffc62_Rep1.TIF,0.1809,0.0272,-1.5649,0.2711,0.4283,1.3721,3.2613,0.0806,1.9,4.2995
ffc62_Rep2.TIF,0.2597,0.0174,-1.7607,0.3943,0.4655,1.4798,2.279,0.0751,2.0402,4.853
ffc63_Rep1.TIF,0.1538,0.0314,-1.5031,0.2301,0.3106,1.3288,3.8307,0.0883,1.4151,1.4993
ffc63_Rep2.TIF,0.1521,0.0358,-1.4467,0.226,0.3212,1.3251,3.9411,0.0812,1.3873,1.8213
ffc64_Rep1.TIF,0.2291,0.0171,-1.7661,0.342,0.5085,1.4539,2.5025,0.0734,2.2121,5.6241
ffc64_Rep2.TIF,0.2451,0.0212,-1.674,0.3675,0.3588,1.4342,2.4436,0.0819,1.9585,4.2555
ffc65_Rep1.TIF,0.4699,0.0208,-1.6822,0.7003,0.2776,1.5363,1.5646,0.0654,2.1911,5.684
ffc65_Rep2.TIF,0.3857,0.0142,-1.8463,0.574,0.1582,1.5626,1.6951,0.0721,1.9657,3.8855
ffc66_Rep1.TIF,0.2823,0.0285,-1.5458,0.4195,0.3516,1.4241,2.4113,0.0717,2.1395,5.3715
ffc66_Rep2.TIF,0.3465,0.0228,-1.6413,0.5157,0.4563,1.4822,1.9717,0.0665,2.233,6.0149
ffc67_Rep1.TIF,0.4144,0.0191,-1.7191,0.6224,0.3546,1.5371,1.6808,0.0577,2.0999,5.9361
ffc67_Rep2.TIF,0.279,0.0266,-1.5748,0.5239,0.787,1.4586,2.4247,0.0615,2.2656,6.1363
ffc68_Rep1.TIF,0.4286,0.0176,-1.7537,0.6453,0.2845,1.5508,1.6174,0.0715,1.8665,4.0552
ffc68_Rep2.TIF,0.4536,0.0199,-1.7012,0.681,0.2996,1.5371,1.6044,0.0655,2.1609,5.6177
ffc69_Rep1.TIF,0.4319,0.0189,-1.7235,0.6408,0.3744,1.5379,1.6198,0.0621,2.4,7.4623
ffc69_Rep2.TIF,0.4433,0.0183,-1.7367,0.6594,0.2789,1.5508,1.5853,0.0594,2.1874,6.0135
ffc6_Rep1.TIF,0.2361,0.0191,-1.7188,0.4497,0.7255,1.49,2.48,0.0708,1.7623,3.3242
ffc6_Rep2.TIF,0.3683,0.0204,-1.6914,0.5705,0.3367,1.5098,1.8333,0.0744,2.163,5.4233
ffc70_Rep1.TIF,0.3584,0.0179,-1.7466,0.5329,0.3379,1.5235,1.818,0.0668,2.2391,6.6035
ffc70_Rep2.TIF,0.4049,0.0171,-1.7672,0.6021,0.3367,1.5409,1.6669,0.0736,1.7648,3.2948
ffc71_Rep1.TIF,0.3427,0.0211,-1.6754,0.5141,0.3803,1.4892,1.9402,0.0629,2.3185,7.0877
ffc71_Rep2.TIF,0.3387,0.0197,-1.7066,0.5147,0.3302,1.4981,1.9242,0.0765,1.8344,3.7951
ffc72_Rep1.TIF,0.3218,0.0164,-1.785,0.484,0.3054,1.5154,1.9146,0.0816,1.546,2.4456
ffc72_Rep2.TIF,0.0185,0.2816,-0.5504,0.6844,0.9838,1.0755,30.7514,0.1107,0.723,-0.1174
ffc73_Rep1.TIF,0.3898,0.0159,-1.7984,0.595,0.3975,1.5511,1.6857,0.0736,1.9123,4.2651
ffc73_Rep2.TIF,0.4254,0.0188,-1.7264,0.6307,0.2704,1.5393,1.6325,0.069,2.1463,5.7386
ffc74_Rep1.TIF,0.2513,0.0205,-1.6875,0.3822,0.315,1.4449,2.4177,0.0673,2.3871,7.7345
ffc74_Rep2.TIF,0.2113,0.0322,-1.4921,0.5355,0.7325,1.3966,3.131,0.0644,2.5788,8.7141
ffc75_Rep1.TIF,0.4665,0.0202,-1.695,0.6914,0.2662,1.5441,1.5494,0.0634,2.0367,5.2114
ffc75_Rep2.TIF,0.4152,0.0194,-1.7133,0.6274,0.3997,1.5317,1.6985,0.0654,2.1486,5.8063
ffc76_Rep1.TIF,0.2984,0.0188,-1.7266,0.4432,0.5057,1.4871,2.0759,0.0743,1.9805,4.528
ffc76_Rep2.TIF,0.3311,0.0184,-1.7358,0.4924,0.5088,1.5051,1.9389,0.0674,2.2248,6.5973
ffc77_Rep1.TIF,0.1625,0.0262,-1.5823,0.2428,0.3595,1.3579,3.5954,0.0727,2.0263,4.4397
ffc77_Rep2.TIF,0.2399,0.0199,-1.7006,0.3559,0.3226,1.4465,2.4822,0.075,2.0222,4.6242
ffc78_Rep1.TIF,0.2699,0.0146,-1.8351,0.4644,0.6984,1.5156,2.1622,0.0709,1.8948,4.6333
ffc78_Rep2.TIF,0.4297,0.0175,-1.7573,0.6476,0.2034,1.5608,1.6157,0.0615,2.1584,6.2621
ffc79_Rep1.TIF,0.254,0.0211,-1.6748,0.3781,0.2783,1.45,2.3744,0.0749,2.1374,5.1144
ffc79_Rep2.TIF,0.276,0.0247,-1.608,0.4065,0.2855,1.4248,2.3444,0.0698,2.2066,5.9366
ffc7_Rep1.TIF,0.447,0.0211,-1.6764,0.6673,0.1856,1.5314,1.6022,0.0572,2.5168,8.4325
ffc7_Rep2.TIF,0.4836,0.0245,-1.6101,0.7177,0.1495,1.5186,1.5501,0.06,2.4295,7.7863
ffc80_Rep1.TIF,0.3458,0.0162,-1.7895,0.5277,0.1551,1.5289,1.8408,0.0663,2.2439,6.1842
ffc80_Rep2.TIF,0.3823,0.0177,-1.751,0.5824,0.2544,1.5435,1.7197,0.0653,2.2836,6.4837
ffc81_Rep1.TIF,0.4437,0.0187,-1.7284,0.6642,0.2252,1.548,1.6077,0.064,2.0831,5.5847
ffc81_Rep2.TIF,0.4172,0.0168,-1.7741,0.6297,0.1453,1.5575,1.6468,0.0676,1.7447,3.4854
ffc82_Rep1.TIF,0.4678,0.0206,-1.6863,0.6998,0.1958,1.542,1.5633,0.0629,2.2824,6.5801
ffc82_Rep2.TIF,0.4768,0.0207,-1.6834,0.7127,0.2476,1.5426,1.5548,0.0534,2.4401,8.0412
ffc83_Rep1.TIF,0.4746,0.021,-1.6788,0.705,0.3063,1.5393,1.5566,0.0589,2.352,7.2583
ffc83_Rep2.TIF,0.4713,0.0192,-1.716,0.7067,0.1876,1.5483,1.5514,0.0557,2.0528,5.1016
ffc84_Rep1.TIF,0.0849,0.0565,-1.2483,0.1517,0.8094,1.2163,6.8562,0.0838,1.5388,2.3883
ffc84_Rep2.TIF,0.2138,0.0278,-1.556,0.3882,0.6971,1.4125,2.9023,0.0729,2.0094,4.5149
ffc85_Rep1.TIF,0.4531,0.0197,-1.7065,0.6707,0.3453,1.5403,1.5778,0.0616,2.076,5.6448
ffc85_Rep2.TIF,0.4687,0.02,-1.6987,0.701,0.1677,1.5467,1.5571,0.064,1.9497,4.1787
ffc86_Rep1.TIF,0.4436,0.0247,-1.6077,0.6539,0.3417,1.4996,1.6647,0.065,2.2486,6.2264
ffc86_Rep2.TIF,0.2705,0.018,-1.744,0.4035,0.3368,1.4807,2.3565,0.0641,1.9104,5.0307
ffc87_Rep1.TIF,0.4794,0.0212,-1.674,0.7116,0.1351,1.5391,1.5412,0.0575,2.5891,9.1321
ffc87_Rep2.TIF,0.4429,0.0176,-1.7542,0.6552,0.257,1.5526,1.5773,0.0666,1.989,4.6514
ffc88_Rep1.TIF,0.4353,0.0172,-1.7644,0.6453,0.2921,1.5571,1.586,0.063,2.4034,7.6602
ffc88_Rep2.TIF,0.4165,0.0172,-1.7636,0.6193,0.2177,1.5533,1.643,0.0669,2.0322,5.1547
ffc89_Rep1.TIF,0.4339,0.0224,-1.6492,0.6577,0.3422,1.5152,1.6797,0.0662,2.1481,5.8195
ffc89_Rep2.TIF,0.405,0.0179,-1.7474,0.6021,0.3067,1.5395,1.6713,0.0672,2.1197,5.5439
ffc8_Rep1.TIF,0.4804,0.0247,-1.6069,0.7159,0.2453,1.5162,1.5709,0.0617,2.3228,6.5124
ffc8_Rep2.TIF,0.489,0.0255,-1.5926,0.7282,0.272,1.5134,1.5542,0.0535,2.1229,6.1354
ffc90_Rep1.TIF,0.3463,0.0138,-1.8599,0.5338,0.327,1.5567,1.7803,0.0708,1.919,4.4696
ffc90_Rep2.TIF,0.4577,0.0211,-1.6764,0.6864,0.1838,1.5336,1.5923,0.0575,2.351,7.7317
ffc91_Rep1.TIF,0.4348,0.0187,-1.7277,0.6443,0.218,1.5429,1.6261,0.0601,2.2338,6.2344
ffc91_Rep2.TIF,0.4458,0.0227,-1.6436,0.6783,0.2109,1.5191,1.6506,0.0571,2.3401,7.2073
ffc93_Rep1.TIF,0.4346,0.0166,-1.78,0.6492,0.3523,1.5583,1.5982,0.0661,2.1477,5.941
ffc93_Rep2.TIF,0.4326,0.0177,-1.7514,0.6429,0.2681,1.5516,1.6057,0.0644,2.0638,5.7262
ffc94_Rep1.TIF,0.4173,0.0158,-1.8002,0.6318,0.232,1.5689,1.6453,0.0738,1.9044,3.8492
ffc94_Rep2.TIF,0.4461,0.0178,-1.7505,0.6644,0.2755,1.5525,1.5799,0.0644,2.236,6.2392
ffc95_Rep1.TIF,0.4286,0.0184,-1.7361,0.6361,0.2654,1.5442,1.6065,0.0624,2.0774,5.5789
ffc95_Rep2.TIF,0.419,0.0185,-1.7327,0.63,0.268,1.5417,1.6344,0.059,2.162,6.2183
ffc96_Rep1.TIF,0.3832,0.0156,-1.8075,0.5764,0.1814,1.5537,1.6799,0.0707,1.7912,3.7831
ffc96_Rep2.TIF,0.1421,0.0225,-1.648,0.2776,0.824,1.3809,3.7824,0.0823,1.6713,2.6373
ffc97_Rep1.TIF,0.4896,0.026,-1.5849,0.7242,0.2521,1.5136,1.538,0.0599,2.2785,6.2725
ffc97_Rep2.TIF,0.4772,0.0254,-1.5954,0.718,0.363,1.5125,1.5756,0.0584,2.386,7.2185
ffc98_Rep1.TIF,0.2387,0.0203,-1.6925,0.3591,0.2105,1.4368,2.5199,0.0784,2.0705,4.7972
ffc98_Rep2.TIF,0.3656,0.0189,-1.7239,0.5444,0.1682,1.5137,1.8008,0.0714,2.3086,6.3993
ffc9_Rep1.TIF,0.4051,0.0238,-1.623,0.6054,0.2657,1.4991,1.7198,0.0622,2.5053,8.2148
ffc9_Rep2.TIF,0.3788,0.0242,-1.617,0.5607,0.2727,1.483,1.8287,0.0628,2.3984,7.5435
ffc0_src.TIF,0.1802,0.0232,-1.6341,0.3556,0.8125,1.4226,3.1239,0.0787,1.6116,2.7419
ffc105_src.TIF,0.3949,0.0175,-1.7564,0.5994,0.2417,1.5419,1.6862,0.0648,2.283,6.082
ffc112_src.TIF,0.1352,0.0328,-1.4839,0.2005,0.2737,1.3219,4.2943,0.0863,1.5623,2.77
ffc119_src.TIF,0.1269,0.0403,-1.395,0.1905,0.2468,1.2924,4.6418,0.086,1.6198,2.7077
ffc126_src.TIF,0.333,0.0132,-1.8779,0.4951,0.2019,1.5462,1.8077,0.0728,1.9838,4.5673
ffc133_src.TIF,0.0619,0.1038,-0.984,0.2104,0.9435,1.1653,9.9802,0.085,1.1191,1.0184
ffc140_src.TIF,0.1339,0.0384,-1.4154,0.1996,0.1659,1.2967,4.3679,0.0759,1.5569,2.9409
ffc147_src.TIF,0.2214,0.0229,-1.641,0.3305,0.2253,1.4148,2.7157,0.074,2.0512,5.1677
ffc14_src.TIF,0.4886,0.0266,-1.5751,0.7288,0.3099,1.5089,1.5518,0.0542,2.3944,7.2132
ffc154_src.TIF,0.2471,0.0199,-1.7017,0.37,0.469,1.4479,2.482,0.0772,1.805,3.6856
ffc161_src.TIF,0.0169,0.2503,-0.6015,0.7159,0.9837,1.1,32.2739,0.0975,0.8317,-0.2325
ffc168_src.TIF,0.1303,0.0382,-1.4176,0.194,0.229,1.2952,4.4178,0.0825,1.7804,3.4749
ffc175_src.TIF,0.3632,0.0153,-1.815,0.5379,0.2261,1.5382,1.7772,0.0663,2.1688,5.6467
ffc182_src.TIF,0.2336,0.0224,-1.6505,0.358,0.3985,1.4354,2.6436,0.0887,1.4345,1.5439
ffc189_src.TIF,0.4669,0.0231,-1.6362,0.698,0.2863,1.5242,1.5801,0.066,2.2398,6.3469
ffc21_src.TIF,0.163,0.0318,-1.4973,0.2427,0.4276,1.327,3.8177,0.0867,1.2709,1.3426
ffc28_src.TIF,0.5011,0.0244,-1.6134,0.7392,0.1689,1.5279,1.5195,0.0583,2.5086,8.2219
ffc35_src.TIF,0.3909,0.0189,-1.7241,0.5871,0.3412,1.5287,1.7113,0.0683,2.1788,5.6262
ffc42_src.TIF,0.2679,0.0168,-1.775,0.3956,0.3063,1.4939,2.265,0.0741,2.2119,5.5153
ffc49_src.TIF,0.4379,0.0191,-1.7196,0.6484,0.2085,1.5419,1.6174,0.0628,2.2708,6.2676
ffc56_src.TIF,0.1839,0.0239,-1.622,0.2732,0.3041,1.3939,3.1656,0.0778,1.7791,3.6744
ffc63_src.TIF,0.1538,0.0314,-1.5031,0.2301,0.3106,1.3288,3.8307,0.0883,1.4151,1.4993
ffc70_src.TIF,0.3584,0.0179,-1.7466,0.5329,0.3379,1.5235,1.818,0.0668,2.2391,6.6035
ffc77_src.TIF,0.1625,0.0262,-1.5823,0.2428,0.3595,1.3579,3.5954,0.0727,2.0263,4.4397
ffc7_src.TIF,0.447,0.0211,-1.6764,0.6673,0.1856,1.5314,1.6022,0.0572,2.5168,8.4325
ffc84_src.TIF,0.0849,0.0565,-1.2483,0.1517,0.8094,1.2163,6.8562,0.0838,1.5388,2.3883
ffc91_src.TIF,0.4348,0.0187,-1.7277,0.6443,0.218,1.5429,1.6261,0.0601,2.2338,6.2344
ffc98_src.TIF,0.2387,0.0203,-1.6925,0.3591,0.2105,1.4368,2.5199,0.0784,2.0705,4.7972
ffc0_Rep1.TIF,0.1802,0.0232,-1.6341,0.3556,0.8125,1.4226,3.1239,0.0787,1.6116,2.7419
ffc0_Rep2.TIF,0.3141,0.0173,-1.761,0.5231,0.6349,1.5144,2.0099,0.0633,2.0548,6.0872
ffc105_Rep1.TIF,0.3949,0.0175,-1.7564,0.5994,0.2417,1.5419,1.6862,0.0648,2.283,6.082
ffc105_Rep2.TIF,0.3834,0.0144,-1.8416,0.5729,0.3098,1.5566,1.6805,0.078,1.8339,3.1869
ffc112_Rep1.TIF,0.1352,0.0328,-1.4839,0.2005,0.2737,1.3219,4.2943,0.0863,1.5623,2.77
ffc112_Rep2.TIF,0.0707,0.0786,-1.1045,0.2424,0.9324,1.2392,8.5222,0.084,1.1623,0.8608
ffc119_Rep1.TIF,0.1269,0.0403,-1.395,0.1905,0.2468,1.2924,4.6418,0.086,1.6198,2.7077
ffc119_Rep2.TIF,0.0675,0.0854,-1.0688,0.1945,0.9287,1.2033,8.8358,0.0934,1.6474,2.8116
ffc126_Rep1.TIF,0.333,0.0132,-1.8779,0.4951,0.2019,1.5462,1.8077,0.0728,1.9838,4.5673
ffc126_Rep2.TIF,0.4321,0.0199,-1.7019,0.6433,0.251,1.534,1.6149,0.0603,2.3697,7.2816
ffc133_Rep1.TIF,0.0619,0.1038,-0.984,0.2104,0.9435,1.1653,9.9802,0.085,1.1191,1.0184
ffc133_Rep2.TIF,0.0136,0.1191,-0.9239,0.5936,0.9893,1.1648,31.4376,0.0632,1.4748,1.5981
ffc140_Rep1.TIF,0.1339,0.0384,-1.4154,0.1996,0.1659,1.2967,4.3679,0.0759,1.5569,2.9409
ffc140_Rep2.TIF,0.0997,0.046,-1.337,0.1687,0.7435,1.2453,5.7988,0.0828,1.7413,3.6437
ffc147_Rep1.TIF,0.2214,0.0229,-1.641,0.3305,0.2253,1.4148,2.7157,0.074,2.0512,5.1677
ffc147_Rep2.TIF,0.2576,0.0298,-1.5255,0.5485,0.6013,1.4214,2.6157,0.0543,2.6876,9.8387
ffc14_Rep1.TIF,0.4886,0.0266,-1.5751,0.7288,0.3099,1.5089,1.5518,0.0542,2.3944,7.2132
ffc14_Rep2.TIF,0.4565,0.0238,-1.6243,0.6876,0.4463,1.5176,1.6274,0.0576,2.4565,7.4051
ffc14_Rep3.TIF,0.4809,0.0244,-1.6129,0.723,0.209,1.5233,1.579,0.065,2.1748,5.5789
ffc14_Rep4.TIF,0.471,0.0217,-1.6626,0.7052,0.3126,1.5298,1.5796,0.0656,2.2828,6.2425
ffc154_Rep1.TIF,0.2471,0.0199,-1.7017,0.37,0.469,1.4479,2.482,0.0772,1.805,3.6856
ffc154_Rep2.TIF,0.1362,0.0417,-1.3803,0.2042,0.2899,1.2886,4.4625,0.088,1.4525,2.1602
ffc161_Rep1.TIF,0.0169,0.2503,-0.6015,0.7159,0.9837,1.1,32.2739,0.0975,0.8317,-0.2325
ffc161_Rep2.TIF,0.4159,0.0199,-1.7014,0.6185,0.1497,1.5268,1.6552,0.0657,2.3665,6.785
ffc168_Rep1.TIF,0.1303,0.0382,-1.4176,0.194,0.229,1.2952,4.4178,0.0825,1.7804,3.4749
ffc168_Rep2.TIF,0.1293,0.042,-1.3765,0.1922,0.2515,1.2786,4.6095,0.0799,1.6721,3.0806
ffc175_Rep1.TIF,0.3632,0.0153,-1.815,0.5379,0.2261,1.5382,1.7772,0.0663,2.1688,5.6467
ffc175_Rep2.TIF,0.132,0.0364,-1.4385,0.1956,0.2301,1.3078,4.44,0.081,1.4596,2.322
ffc182_Rep1.TIF,0.2336,0.0224,-1.6505,0.358,0.3985,1.4354,2.6436,0.0887,1.4345,1.5439
ffc182_Rep2.TIF,0.1786,0.0317,-1.4984,0.4553,0.8212,1.3918,3.5904,0.0645,2.4398,7.2529
ffc182_Rep3.TIF,0.3385,0.0165,-1.7838,0.4991,0.2078,1.5277,1.8419,0.0656,2.0913,5.3571
ffc182_Rep4.TIF,0.3779,0.0176,-1.7533,0.5644,0.293,1.5315,1.7196,0.0717,2.1231,5.5338
ffc182_Rep5.TIF,0.1417,0.0203,-1.6932,0.2654,0.7269,1.4026,3.6397,0.0792,1.9154,4.5
ffc182_Rep6.TIF,0.2736,0.0218,-1.6619,0.4073,0.3777,1.4492,2.2923,0.0754,2.0974,5.4732
ffc189_Rep1.TIF,0.4669,0.0231,-1.6362,0.698,0.2863,1.5242,1.5801,0.066,2.2398,6.3469
ffc189_Rep2.TIF,0.4636,0.0235,-1.6286,0.6919,0.2537,1.5182,1.5947,0.0623,2.2468,7.0043
ffc189_Rep3.TIF,0.4635,0.0215,-1.6666,0.6884,0.2427,1.5319,1.5806,0.065,2.1495,5.6283
ffc189_Rep4.TIF,0.4583,0.0239,-1.6224,0.6829,0.2651,1.515,1.6037,0.0678,2.1262,5.5006
ffc21_Rep1.TIF,0.163,0.0318,-1.4973,0.2427,0.4276,1.327,3.8177,0.0867,1.2709,1.3426
ffc21_Rep2.TIF,0.1248,0.0353,-1.4524,0.1861,0.3425,1.3013,4.7306,0.0836,1.4232,2.5608
ffc28_Rep1.TIF,0.5011,0.0244,-1.6134,0.7392,0.1689,1.5279,1.5195,0.0583,2.5086,8.2219
ffc28_Rep2.TIF,0.517,0.0319,-1.4962,0.7649,0.2059,1.4906,1.5299,0.0588,2.5095,7.7746
ffc35_Rep1.TIF,0.3909,0.0189,-1.7241,0.5871,0.3412,1.5287,1.7113,0.0683,2.1788,5.6262
ffc35_Rep2.TIF,0.4115,0.0167,-1.7782,0.6144,0.2055,1.5558,1.6304,0.0688,2.1044,5.2628
ffc42_Rep1.TIF,0.2679,0.0168,-1.775,0.3956,0.3063,1.4939,2.265,0.0741,2.2119,5.5153
ffc42_Rep2.TIF,0.1278,0.0374,-1.4272,0.191,0.0685,1.298,4.4912,0.0855,1.3351,2.2034
ffc49_Rep1.TIF,0.4379,0.0191,-1.7196,0.6484,0.2085,1.5419,1.6174,0.0628,2.2708,6.2676
ffc49_Rep2.TIF,0.2616,0.0253,-1.5975,0.5542,0.5744,1.4538,2.5297,0.0598,2.246,6.1162
ffc56_Rep1.TIF,0.1839,0.0239,-1.622,0.2732,0.3041,1.3939,3.1656,0.0778,1.7791,3.6744
ffc56_Rep2.TIF,0.1325,0.039,-1.4086,0.1971,0.2102,1.293,4.4963,0.0812,1.6819,3.3925
ffc63_Rep1.TIF,0.1538,0.0314,-1.5031,0.2301,0.3106,1.3288,3.8307,0.0883,1.4151,1.4993
ffc63_Rep2.TIF,0.1521,0.0358,-1.4467,0.226,0.3212,1.3251,3.9411,0.0812,1.3873,1.8213
ffc70_Rep1.TIF,0.3584,0.0179,-1.7466,0.5329,0.3379,1.5235,1.818,0.0668,2.2391,6.6035
ffc70_Rep2.TIF,0.4049,0.0171,-1.7672,0.6021,0.3367,1.5409,1.6669,0.0736,1.7648,3.2948
ffc77_Rep1.TIF,0.1625,0.0262,-1.5823,0.2428,0.3595,1.3579,3.5954,0.0727,2.0263,4.4397
ffc77_Rep2.TIF,0.2399,0.0199,-1.7006,0.3559,0.3226,1.4465,2.4822,0.075,2.0222,4.6242
ffc7_Rep1.TIF,0.447,0.0211,-1.6764,0.6673,0.1856,1.5314,1.6022,0.0572,2.5168,8.4325
ffc7_Rep2.TIF,0.4836,0.0245,-1.6101,0.7177,0.1495,1.5186,1.5501,0.06,2.4295,7.7863
ffc84_Rep1.TIF,0.0849,0.0565,-1.2483,0.1517,0.8094,1.2163,6.8562,0.0838,1.5388,2.3883
ffc84_Rep2.TIF,0.2138,0.0278,-1.556,0.3882,0.6971,1.4125,2.9023,0.0729,2.0094,4.5149
ffc91_Rep1.TIF,0.4348,0.0187,-1.7277,0.6443,0.218,1.5429,1.6261,0.0601,2.2338,6.2344
ffc91_Rep2.TIF,0.4458,0.0227,-1.6436,0.6783,0.2109,1.5191,1.6506,0.0571,2.3401,7.2073
ffc98_Rep1.TIF,0.2387,0.0203,-1.6925,0.3591,0.2105,1.4368,2.5199,0.0784,2.0705,4.7972
ffc98_Rep2.TIF,0.3656,0.0189,-1.7239,0.5444,0.1682,1.5137,1.8008,0.0714,2.3086,6.3993
ffc100_Rep1_s0.png,0.244,0.023,-1.6381,0.4909,0.3862,1.448,2.6912,0.0694,2.0633,5.3976
ffc100_Rep1_s1.png,0.4119,0.0162,-1.7893,0.6513,0.3953,1.5571,1.6601,0.0578,1.6125,2.5373
ffc100_Rep1_s2.png,0.1421,0.0196,-1.7072,0.3955,0.3283,1.388,4.0847,0.0331,2.1423,7.2179
ffc100_Rep1_s3.png,0.0167,0.0672,-1.1724,0.2934,0.9527,1.0325,23.7668,0.0778,1.2659,0.4961
ffc100_Rep1_s4.png,0.3163,0.0123,-1.9085,0.52,0.4604,1.5587,1.872,0.0634,1.9961,7.6782
ffc100_Rep1_s5.png,0.077,0.0711,-1.148,0.528,0.6369,1.2564,8.4437,0.0887,2.4604,6.5754
ffc100_Rep1_s6.png,0.2054,0.0171,-1.7672,0.4069,0.7644,1.4799,2.7503,0.0766,1.4039,1.4749
ffc100_Rep1_s7.png,0.1635,0.0349,-1.4577,0.5512,0.8989,1.4327,4.064,0.072,1.7609,3.4277
ffc100_Rep2_s0.png,0.0107,0.2656,-0.5757,0.7584,0.9834,1.0282,43.7626,0.0965,0.9152,0.5151
ffc100_Rep2_s1.png,0.4149,0.0157,-1.8053,0.6477,0.3714,1.5651,1.6493,0.063,1.4688,1.8074
ffc100_Rep2_s2.png,0.0723,0.0433,-1.3635,0.4449,0.8868,1.238,8.2642,0.0372,2.563,9.5079
ffc100_Rep2_s3.png,0.0379,0.0408,-1.3893,0.1921,0.9061,1.153,11.4297,0.0728,1.0854,0.508
ffc100_Rep2_s4.png,0.3179,0.0116,-1.9338,0.5211,0.4077,1.5677,1.8032,0.0775,1.183,1.1456
ffc100_Rep2_s5.png,0.0092,0.1783,-0.7489,0.5476,0.9915,1.039,38.0785,0.0956,0.8997,0.3295
ffc100_Rep2_s6.png,0.3033,0.0137,-1.8642,0.4642,0.1358,1.5509,1.9309,0.0778,1.5721,2.3913
ffc100_Rep2_s7.png,0.3715,0.0167,-1.776,0.55,0.2893,1.5358,1.7869,0.072,1.8933,4.2363
ffc101_Rep1_s0.png,0.0103,0.1109,-0.9552,0.5586,0.9867,1.1135,37.6217,0.0844,0.8099,0.027
ffc101_Rep1_s1.png,0.375,0.0129,-1.8892,0.5917,0.3504,1.5763,1.6779,0.0515,1.4486,2.1285
ffc101_Rep1_s2.png,0.106,0.0171,-1.7676,0.3594,0.4604,1.3937,4.7545,0.0368,1.8855,5.0636
ffc101_Rep1_s3.png,0.041,0.0458,-1.3393,0.2221,0.9773,1.1714,11.4691,0.0848,1.1154,0.5466
ffc101_Rep1_s4.png,0.3101,0.0126,-1.8998,0.5153,0.3327,1.5523,1.9161,0.0762,1.1983,1.2486
ffc101_Rep1_s5.png,0.0231,0.1042,-0.9823,0.4291,0.759,1.189,21.1823,0.0997,0.9082,0.1343
ffc101_Rep1_s6.png,0.3274,0.0139,-1.856,0.4973,0.2748,1.5459,1.8508,0.0684,1.7878,3.3456
ffc101_Rep1_s7.png,0.4087,0.0285,-1.5457,0.6094,0.3901,1.471,1.808,0.0629,2.0334,4.6733
ffc101_Rep2_s0.png,0.0147,0.1762,-0.754,0.6646,0.9893,1.1253,32.242,0.0979,0.8576,0.3708
ffc101_Rep2_s1.png,0.3792,0.0108,-1.9685,0.5938,0.3022,1.6075,1.615,0.054,1.3701,2.0962
ffc101_Rep2_s2.png,0.1011,0.0197,-1.7049,0.3352,0.6862,1.3654,5.092,0.0272,1.7488,4.4491
ffc101_Rep2_s3.png,0.0475,0.0329,-1.4824,0.228,0.9094,1.2358,9.3373,0.0772,1.0042,0.1064
ffc101_Rep2_s4.png,0.3177,0.0127,-1.8964,0.5293,0.2758,1.5544,1.8687,0.0773,1.1634,0.5834
ffc101_Rep2_s5.png,0.1184,0.0278,-1.5557,0.507,0.9354,1.4336,4.9465,0.0876,1.9226,4.0028
ffc101_Rep2_s6.png,0.3767,0.0128,-1.8924,0.5657,0.2569,1.5784,1.6683,0.0687,1.7167,2.9528
ffc101_Rep2_s7.png,0.4427,0.0338,-1.4706,0.6503,0.3557,1.457,1.7369,0.068,2.0911,5.0302
ffc102_Rep1_s0.png,0.1886,0.03,-1.5235,0.4325,0.6077,1.3901,3.5227,0.0732,2.0322,4.8678
ffc102_Rep1_s1.png,0.4214,0.016,-1.7946,0.6661,0.3969,1.5605,1.638,0.0545,1.6045,2.6738
ffc102_Rep1_s2.png,0.0508,0.0512,-1.2903,0.3253,0.5654,1.1658,11.4189,0.0584,1.6825,2.8294
ffc102_Rep1_s3.png,0.0629,0.0224,-1.6499,0.2154,0.8967,1.2941,6.772,0.0816,0.9865,0.0935
ffc102_Rep1_s4.png,0.2594,0.0129,-1.8907,0.4302,0.4689,1.5222,2.1946,0.0661,1.9937,7.5305
ffc102_Rep1_s5.png,0.4174,0.02,-1.698,0.666,0.2712,1.5403,1.7396,0.0745,2.2718,5.9897
ffc102_Rep1_s6.png,0.3729,0.0147,-1.8336,0.5557,0.2962,1.5554,1.715,0.0731,1.9866,4.1607
ffc102_Rep1_s7.png,0.3649,0.0248,-1.6051,0.564,0.4425,1.4725,1.9604,0.066,2.0148,4.5742
ffc102_Rep2_s0.png,0.009,0.1049,-0.9791,0.4929,0.9871,1.117,37.0731,0.0805,0.7614,0.0147
ffc102_Rep2_s1.png,0.4156,0.0163,-1.787,0.6597,0.3987,1.5598,1.6501,0.0555,1.6291,2.8014
ffc102_Rep2_s2.png,0.0368,0.0358,-1.4457,0.2591,0.6747,1.1665,12.1976,0.0388,1.6825,2.8725
ffc102_Rep2_s3.png,0.078,0.017,-1.7685,0.1732,0.6745,1.3358,5.3584,0.0812,0.9632,0.1511
ffc102_Rep2_s4.png,0.3046,0.0117,-1.9334,0.505,0.4184,1.5587,1.9178,0.064,1.849,6.2379
ffc102_Rep2_s5.png,0.4087,0.0193,-1.7139,0.6563,0.1311,1.5326,1.7654,0.0793,2.2628,5.7073
ffc102_Rep2_s6.png,0.366,0.0144,-1.8402,0.5554,0.2788,1.5646,1.7527,0.0705,2.0765,4.7152
ffc102_Rep2_s7.png,0.3702,0.0211,-1.6761,0.5639,0.417,1.5043,1.8906,0.0652,2.0362,4.6299
ffc102_Rep3_s0.png,0.008,0.119,-0.9243,0.4967,0.9911,1.0619,38.7359,0.0817,0.8386,0.1112
ffc102_Rep3_s1.png,0.3969,0.0153,-1.814,0.628,0.3773,1.5622,1.6728,0.054,1.5737,2.5329
ffc102_Rep3_s2.png,0.0307,0.0304,-1.5169,0.2523,0.476,1.1679,12.3092,0.0343,1.6706,3.4108
ffc102_Rep3_s3.png,0.0658,0.0287,-1.5415,0.2413,0.8875,1.2739,7.6869,0.0723,0.8118,-0.3478
ffc102_Rep3_s4.png,0.2768,0.0123,-1.9084,0.4606,0.4434,1.5377,2.0655,0.0659,1.7304,5.3037
ffc102_Rep3_s5.png,0.174,0.022,-1.6579,0.516,0.8577,1.4386,3.5815,0.0827,2.3088,6.1201
ffc102_Rep3_s6.png,0.3588,0.0137,-1.8644,0.5441,0.2964,1.5689,1.7684,0.0691,2.0039,4.3542
ffc102_Rep3_s7.png,0.3997,0.0387,-1.4121,0.6048,0.428,1.4189,1.9175,0.0638,2.1482,5.0381
ffc102_Rep4_s0.png,0.0108,0.1706,-0.7681,0.6457,0.9853,1.0763,41.0173,0.0944,0.7811,0.0812
ffc102_Rep4_s1.png,0.4123,0.0152,-1.8194,0.6453,0.4007,1.5667,1.6523,0.0591,1.5297,2.0152
ffc102_Rep4_s2.png,0.0446,0.0351,-1.4548,0.3023,0.7714,1.2123,10.6196,0.0386,1.7156,3.6812
ffc102_Rep4_s3.png,0.0589,0.0276,-1.5587,0.2423,0.901,1.2693,7.6533,0.0819,1.2951,1.7353
ffc102_Rep4_s4.png,0.2945,0.0125,-1.9032,0.4898,0.3489,1.5459,1.94,0.0706,1.0559,0.4657
ffc102_Rep4_s5.png,0.3193,0.0228,-1.6414,0.5958,0.6868,1.5001,2.2455,0.0745,2.3278,6.5382
ffc102_Rep4_s6.png,0.3332,0.0133,-1.877,0.5069,0.2697,1.5545,1.8266,0.0728,1.7975,3.4959
ffc102_Rep4_s7.png,0.3887,0.0177,-1.7508,0.5754,0.3296,1.5331,1.7616,0.0655,1.898,4.2776
ffc103_Rep1_s0.png,0.0117,0.281,-0.5513,0.8042,0.9793,1.035,43.8325,0.0936,0.8774,0.2796
ffc103_Rep1_s1.png,0.4213,0.0159,-1.7981,0.6606,0.3626,1.5622,1.6328,0.0562,1.4958,2.0486
ffc103_Rep1_s2.png,0.1005,0.0263,-1.5802,0.3445,0.532,1.3391,5.4812,0.0392,2.1176,6.2373
ffc103_Rep1_s3.png,0.0714,0.0219,-1.6594,0.204,0.7981,1.3022,6.1756,0.0851,1.0484,0.4382
ffc103_Rep1_s4.png,0.2848,0.0138,-1.8588,0.4722,0.3473,1.5298,2.0378,0.072,1.118,0.6953
ffc103_Rep1_s5.png,0.3762,0.0186,-1.7297,0.6146,0.208,1.5328,1.8991,0.0771,2.2086,5.6008
ffc103_Rep1_s6.png,0.3773,0.0143,-1.8436,0.5679,0.1753,1.5723,1.6891,0.0757,2.0115,4.304
ffc103_Rep1_s7.png,0.4035,0.0231,-1.6356,0.5976,0.2924,1.4994,1.7804,0.0673,2.0273,4.7885
ffc103_Rep2_s0.png,0.0125,0.2312,-0.636,0.7576,0.9837,1.0809,39.7402,0.0868,0.7562,0.0759
ffc103_Rep2_s1.png,0.4153,0.015,-1.8235,0.6492,0.3467,1.5689,1.6361,0.055,1.5381,2.4004
ffc103_Rep2_s2.png,0.0621,0.0439,-1.3574,0.3772,0.6888,1.2233,8.9334,0.0355,2.2054,7.0214
ffc103_Rep2_s3.png,0.1557,0.0152,-1.819,0.2588,0.3643,1.4327,3.3075,0.0806,1.1653,1.3675
ffc103_Rep2_s4.png,0.2916,0.0126,-1.8994,0.4797,0.3621,1.543,1.9899,0.0691,1.1556,0.8779
ffc103_Rep2_s5.png,0.358,0.0196,-1.7085,0.5743,0.3154,1.5189,1.9626,0.0807,2.1229,4.9254
ffc103_Rep2_s6.png,0.3739,0.0141,-1.8504,0.5608,0.2689,1.5685,1.6951,0.0722,1.9736,4.2411
ffc103_Rep2_s7.png,0.412,0.0219,-1.6586,0.6071,0.3088,1.5079,1.7405,0.0664,2.0175,4.7374
ffc104_Rep1_s0.png,0.011,0.1699,-0.7698,0.6766,0.9862,1.0947,39.5876,0.0839,0.8634,0.1978
ffc104_Rep1_s1.png,0.3559,0.0123,-1.9092,0.5567,0.3513,1.5761,1.6782,0.057,1.3261,1.7292
ffc104_Rep1_s2.png,0.0747,0.032,-1.4943,0.3326,0.7403,1.2737,7.3827,0.0353,1.685,4.7045
ffc104_Rep1_s3.png,0.0223,0.0843,-1.0742,0.2672,0.9686,1.0163,22.0203,0.059,1.2821,0.5273
ffc104_Rep1_s4.png,0.3315,0.0103,-1.9876,0.534,0.3863,1.5896,1.7615,0.0684,2.2983,9.5615
ffc104_Rep1_s5.png,0.0054,0.1731,-0.7616,0.6176,0.9931,0.9577,53.8132,0.1059,0.5025,-0.4562
ffc104_Rep1_s6.png,0.1974,0.0198,-1.7032,0.3864,0.8439,1.4579,2.8344,0.076,1.6416,2.5474
ffc104_Rep1_s7.png,0.4245,0.0323,-1.4909,0.6274,0.3904,1.459,1.7826,0.0673,2.0265,4.5202
ffc104_Rep2_s0.png,0.0107,0.2624,-0.581,0.7721,0.9829,1.0293,44.0312,0.0919,0.9128,0.5605
ffc104_Rep2_s1.png,0.3548,0.0118,-1.9279,0.5568,0.3328,1.5845,1.6852,0.0608,1.2595,1.21
ffc104_Rep2_s2.png,0.0343,0.0508,-1.294,0.3068,0.7402,1.0974,14.4856,0.0327,1.6724,4.6814
ffc104_Rep2_s3.png,0.0426,0.0437,-1.3599,0.2011,0.917,1.1702,11.7534,0.0897,1.4071,2.171
ffc104_Rep2_s4.png,0.3213,0.0105,-1.9774,0.5275,0.3699,1.582,1.8035,0.0682,1.3253,2.3435
ffc104_Rep2_s5.png,0.0179,0.1374,-0.8621,0.3536,0.7698,1.1087,25.7608,0.1022,0.9584,0.401
ffc104_Rep2_s6.png,0.3157,0.0144,-1.8402,0.481,0.1941,1.5501,1.8992,0.0732,1.8529,3.7292
ffc104_Rep2_s7.png,0.41,0.0359,-1.4454,0.6121,0.4629,1.4389,1.8615,0.0641,2.0861,4.7653
ffc106_Rep1_s0.png,0.0104,0.1018,-0.9921,0.5171,0.9864,1.1355,35.2027,0.0829,1.0745,1.2508
ffc106_Rep1_s1.png,0.4574,0.0221,-1.656,0.7157,0.4012,1.5274,1.6256,0.0567,1.6111,2.5018
ffc106_Rep1_s2.png,0.0732,0.0233,-1.6333,0.3547,0.7207,1.3359,6.7903,0.0344,1.5624,3.5351
ffc106_Rep1_s3.png,0.205,0.0153,-1.8164,0.3279,0.2965,1.469,2.7913,0.0702,1.6101,3.9095
ffc106_Rep1_s4.png,0.375,0.0138,-1.8601,0.5931,0.2698,1.5652,1.6858,0.0663,1.228,1.1509
ffc106_Rep1_s5.png,0.2813,0.0143,-1.8456,0.448,0.3367,1.526,2.2613,0.086,1.8731,3.5496
ffc106_Rep1_s6.png,0.3875,0.0149,-1.8281,0.5828,0.1588,1.5607,1.673,0.0713,2.0569,4.7208
ffc106_Rep1_s7.png,0.2855,0.0249,-1.6044,0.4724,0.7408,1.4433,2.4549,0.0623,2.1849,5.7173
ffc106_Rep2_s0.png,0.0082,0.1217,-0.9146,0.4083,0.9906,1.0539,37.7951,0.0734,0.9319,0.6975
ffc106_Rep2_s1.png,0.4355,0.0176,-1.754,0.6777,0.4277,1.5555,1.6252,0.0622,1.5589,2.3883
ffc106_Rep2_s2.png,0.107,0.0182,-1.7403,0.3588,0.4505,1.4012,4.973,0.034,1.813,5.038
ffc106_Rep2_s3.png,0.1331,0.0186,-1.7306,0.2407,0.7101,1.3965,4.0341,0.0761,1.6636,4.0911
ffc106_Rep2_s4.png,0.3498,0.0126,-1.898,0.5523,0.2872,1.57,1.7538,0.0658,1.2198,1.1968
ffc106_Rep2_s5.png,0.2428,0.0173,-1.7613,0.3861,0.3071,1.4771,2.5846,0.0858,1.7388,2.9824
ffc106_Rep2_s6.png,0.3424,0.0148,-1.8287,0.5137,0.2625,1.5443,1.8172,0.0733,1.9407,3.9931
ffc106_Rep2_s7.png,0.3948,0.0207,-1.685,0.5811,0.3703,1.5057,1.7857,0.0687,2.0236,4.7505
ffc107_Rep1_s0.png,0.0104,0.1079,-0.9669,0.538,0.9866,1.1152,36.5695,0.0813,0.9496,0.3553
ffc107_Rep1_s1.png,0.3593,0.0133,-1.8764,0.565,0.3229,1.5684,1.7121,0.0554,1.2731,1.4383
ffc107_Rep1_s2.png,0.0289,0.064,-1.1941,0.3968,0.8206,1.0846,17.1338,0.0299,1.068,1.353
ffc107_Rep1_s3.png,0.0781,0.0257,-1.5896,0.2394,0.8389,1.3095,6.4213,0.0761,1.1409,1.4483
ffc107_Rep1_s4.png,0.2121,0.0153,-1.8149,0.3447,0.6079,1.4664,2.6757,0.0684,2.2727,9.7786
ffc107_Rep1_s5.png,0.1161,0.0291,-1.5368,0.5062,0.9305,1.4192,5.0381,0.0895,1.8608,3.6678
ffc107_Rep1_s6.png,0.3113,0.0128,-1.8926,0.4727,0.2748,1.5551,1.8645,0.073,1.6861,2.9544
ffc107_Rep1_s7.png,0.3374,0.0154,-1.8127,0.5177,0.4173,1.5329,1.9177,0.065,1.8414,3.802
ffc107_Rep2_s0.png,0.0106,0.1112,-0.9539,0.5515,0.9864,1.1076,36.8582,0.077,0.8126,0.0273
ffc107_Rep2_s1.png,0.3716,0.0132,-1.8794,0.5808,0.3305,1.5703,1.6975,0.0623,1.3767,1.6338
ffc107_Rep2_s2.png,0.0155,0.1944,-0.7114,0.4873,0.5733,1.1435,38.4945,0.0473,1.1442,0.8578
ffc107_Rep2_s3.png,0.0237,0.0728,-1.1381,0.3114,0.8995,1.0447,22.2945,0.0675,1.0813,-0.0215
ffc107_Rep2_s4.png,0.3258,0.0101,-1.9952,0.5235,0.3308,1.59,1.7393,0.0687,1.0158,0.5172
ffc107_Rep2_s5.png,0.1244,0.0264,-1.5784,0.4667,0.9176,1.4264,4.7644,0.0886,1.9236,3.9121
ffc107_Rep2_s6.png,0.3002,0.0129,-1.89,0.4567,0.2495,1.5412,1.9025,0.0788,1.7352,2.9156
ffc107_Rep2_s7.png,0.3974,0.0195,-1.71,0.5877,0.2613,1.522,1.7491,0.0679,1.8668,3.9955
ffc108_Rep1_s0.png,0.0063,0.1711,-0.7667,0.6286,0.9931,0.9848,46.9721,0.0679,0.9788,0.6283
ffc108_Rep1_s1.png,0.1484,0.0342,-1.466,0.2298,0.3581,1.3315,4.1141,0.0735,1.0327,0.7801
ffc108_Rep1_s2.png,0.0772,0.0256,-1.5912,0.3527,0.3825,1.3395,6.6827,0.0402,2.0318,5.8862
ffc108_Rep1_s3.png,0.0036,0.0992,-1.0037,0.3324,0.9945,0.9497,41.3927,0.0805,0.7258,-0.28
ffc108_Rep1_s4.png,0.2983,0.0108,-1.9647,0.4654,0.3043,1.5601,1.8999,0.0712,2.2261,7.7278
ffc108_Rep1_s5.png,0.0423,0.0878,-1.0567,0.4617,0.7539,1.262,13.3661,0.0899,1.4098,1.5503
ffc108_Rep1_s6.png,0.0099,0.1271,-0.896,0.5824,0.9879,1.0996,37.2299,0.0892,0.9136,0.1696
ffc108_Rep1_s7.png,0.1363,0.0503,-1.2983,0.2011,0.304,1.2579,4.6426,0.0974,1.0808,0.6459
ffc108_Rep2_s0.png,0.0073,0.1144,-0.9414,0.4572,0.9929,1.0534,37.3328,0.0749,0.9552,0.5514
ffc108_Rep2_s1.png,0.1589,0.0149,-1.8281,0.4293,0.4101,1.4726,3.4103,0.0383,1.2175,1.5161
ffc108_Rep2_s2.png,0.0288,0.0434,-1.3623,0.3211,0.8578,1.1889,13.9877,0.0409,1.7849,4.1209
ffc108_Rep2_s3.png,0.014,0.1973,-0.705,0.5525,0.699,0.9024,41.1494,0.0273,1.4611,2.2858
ffc108_Rep2_s4.png,0.1608,0.0328,-1.4846,0.2533,0.4656,1.3307,3.8829,0.0815,2.018,6.0747
ffc108_Rep2_s5.png,0.0054,0.1694,-0.771,0.6076,0.9937,0.9576,52.0392,0.1063,0.7048,-0.0052
ffc108_Rep2_s6.png,0.009,0.1154,-0.9377,0.5321,0.9877,1.0984,38.1966,0.0902,1.0076,0.6624
ffc108_Rep2_s7.png,0.0139,0.2777,-0.5564,0.7583,0.9798,1.0481,38.9137,0.1069,0.9739,0.3009
ffc109_Rep1_s0.png,0.0072,0.1041,-0.9824,0.4454,0.9929,1.0665,36.862,0.0708,1.0981,0.9278
ffc109_Rep1_s1.png,0.3398,0.0149,-1.8277,0.5272,0.3279,1.5346,1.9023,0.0634,1.6412,2.7346
ffc109_Rep1_s2.png,0.0118,0.2874,-0.5416,0.7119,0.7166,1.1054,50.9781,0.04,1.4277,2.365
ffc109_Rep1_s3.png,0.0027,0.1255,-0.9014,0.4307,0.9967,0.8818,50.6784,0.0787,0.4458,-0.7641
ffc109_Rep1_s4.png,0.1905,0.024,-1.6206,0.2989,0.4529,1.3885,3.1847,0.085,2.2979,7.6699
ffc109_Rep1_s5.png,0.0022,0.0959,-1.0182,0.294,0.9952,0.8494,46.8567,0.1384,-0.0247,-0.9812
ffc109_Rep1_s6.png,0.0544,0.0796,-1.0993,0.2148,0.9488,1.2231,10.4612,0.0933,1.0287,0.5241
ffc109_Rep1_s7.png,0.006,0.1565,-0.8056,0.5097,0.9899,0.9927,51.109,0.0802,0.6642,-0.517
ffc109_Rep2_s0.png,0.0076,0.1113,-0.9537,0.4667,0.993,1.072,36.6365,0.0713,1.0476,0.6753
ffc109_Rep2_s1.png,0.323,0.0135,-1.8708,0.5038,0.3569,1.5424,1.932,0.0601,1.5295,2.4453
ffc109_Rep2_s2.png,0.0482,0.0954,-1.0206,0.5997,0.819,1.1096,13.9795,0.041,1.8826,4.1277
ffc109_Rep2_s3.png,0.003,0.1086,-0.9641,0.3613,0.9957,0.9202,45.6946,0.0811,0.5762,-0.6257
ffc109_Rep2_s4.png,0.1894,0.0282,-1.55,0.2967,0.5031,1.3653,3.2838,0.0814,2.3818,8.5984
ffc109_Rep2_s5.png,0.0049,0.203,-0.6925,0.6816,0.9931,0.936,58.2085,0.0997,0.68,0.0413
ffc109_Rep2_s6.png,0.0558,0.079,-1.1023,0.2105,0.9466,1.2363,10.2432,0.0949,1.0626,0.7562
ffc109_Rep2_s7.png,0.0061,0.1326,-0.8774,0.5083,0.9891,1.0047,49.5697,0.0829,0.6199,-0.5223
ffc10_Rep1_s0.png,0.0098,0.1313,-0.8817,0.5769,0.9908,1.0846,37.0432,0.0781,1.0009,0.4842
ffc10_Rep1_s1.png,0.3679,0.0146,-1.8369,0.5699,0.2477,1.5559,1.7714,0.062,1.4423,2.301
ffc10_Rep1_s2.png,0.0233,0.0423,-1.3736,0.3012,0.7854,1.135,15.6003,0.0405,1.4526,2.6086
ffc10_Rep1_s3.png,0.02,0.1499,-0.8241,0.6196,0.6048,0.9898,31.2313,0.0349,1.4619,1.8459
ffc10_Rep1_s4.png,0.3092,0.0125,-1.9024,0.4872,0.2251,1.5521,1.8696,0.0731,1.0884,0.6706
ffc10_Rep1_s5.png,0.2921,0.0159,-1.7973,0.4628,0.1986,1.5107,2.2101,0.0818,2.0511,4.5681
ffc10_Rep1_s6.png,0.3338,0.0257,-1.5894,0.4976,0.3004,1.4671,2.0946,0.069,2.0452,4.8759
ffc10_Rep1_s7.png,0.3262,0.0199,-1.702,0.4783,0.3745,1.4838,2.0648,0.0828,1.9037,3.6727
ffc10_Rep2_s0.png,0.0117,0.1365,-0.8647,0.6097,0.9882,1.1148,35.7237,0.0815,1.0244,0.5078
ffc10_Rep2_s1.png,0.3824,0.0182,-1.7389,0.5916,0.2889,1.5287,1.8085,0.062,1.6523,2.9152
ffc10_Rep2_s2.png,0.0202,0.0522,-1.2821,0.3223,0.8064,1.1967,18.9,0.0497,0.9695,0.5647
ffc10_Rep2_s3.png,0.0427,0.1158,-0.9364,0.415,0.9636,1.0681,14.7427,0.0416,1.2853,0.9838
ffc10_Rep2_s4.png,0.3197,0.0113,-1.9479,0.503,0.2341,1.5706,1.7853,0.0685,1.1072,1.0573
ffc10_Rep2_s5.png,0.1774,0.0355,-1.45,0.5387,0.8925,1.4316,3.9319,0.0777,2.365,6.3443
ffc10_Rep2_s6.png,0.3285,0.0271,-1.567,0.493,0.2769,1.4577,2.1474,0.0736,2.0698,4.936
ffc10_Rep2_s7.png,0.3146,0.0241,-1.6182,0.4622,0.417,1.4522,2.2149,0.0805,1.9218,3.7501
ffc110_Rep1_s0.png,0.0104,0.1339,-0.8732,0.5677,0.9878,1.0895,38.154,0.0822,0.8948,0.1577
ffc110_Rep1_s1.png,0.4245,0.0187,-1.7288,0.6588,0.3786,1.5447,1.647,0.0656,1.4544,1.8126
ffc110_Rep1_s2.png,0.1034,0.0307,-1.5131,0.423,0.4441,1.3575,5.7903,0.0396,1.8611,3.9139
ffc110_Rep1_s3.png,0.0149,0.196,-0.7078,0.6312,0.632,0.9284,39.6726,0.0373,2.1111,5.1018
ffc110_Rep1_s4.png,0.3659,0.0137,-1.8619,0.5746,0.3468,1.5604,1.7677,0.0669,1.7184,4.8031
ffc110_Rep1_s5.png,0.005,0.1995,-0.7,0.7045,0.9925,0.9416,58.5826,0.1117,0.7921,0.1775
ffc110_Rep1_s6.png,0.2057,0.0207,-1.6843,0.336,0.6008,1.4337,2.784,0.0786,1.4983,1.9476
ffc110_Rep1_s7.png,0.4312,0.0367,-1.4348,0.6316,0.3641,1.4387,1.7849,0.0686,2.2479,5.8374
ffc110_Rep2_s0.png,0.0078,0.1279,-0.8932,0.4691,0.992,1.0571,38.6215,0.0719,0.7571,0.0601
ffc110_Rep2_s1.png,0.3538,0.0106,-1.9729,0.5522,0.2948,1.5968,1.6588,0.0654,1.2198,1.2733
ffc110_Rep2_s2.png,0.0997,0.0252,-1.5981,0.3542,0.4433,1.3352,5.6688,0.0377,1.9362,5.3978
ffc110_Rep2_s3.png,0.0251,0.1118,-0.9517,0.4281,0.9457,1.0113,22.1987,0.0664,0.9482,-0.4256
ffc110_Rep2_s4.png,0.3208,0.0113,-1.9457,0.5061,0.2691,1.5748,1.7986,0.0665,2.4418,10.9226
ffc110_Rep2_s5.png,0.0089,0.1873,-0.7275,0.6006,0.9921,1.0323,40.3301,0.0899,0.9687,0.4445
ffc110_Rep2_s6.png,0.1591,0.026,-1.5844,0.2727,0.6831,1.3808,3.5942,0.0781,1.3658,1.5921
ffc110_Rep2_s7.png,0.4329,0.0336,-1.4731,0.6342,0.3594,1.4517,1.7616,0.0708,2.1031,5.1867
ffc111_Rep1_s0.png,0.0096,0.1554,-0.8087,0.5681,0.9922,1.0557,37.2883,0.0706,0.8887,0.3382
ffc111_Rep1_s1.png,0.3965,0.014,-1.8541,0.6141,0.3471,1.5732,1.6639,0.0643,1.4946,2.1299
ffc111_Rep1_s2.png,0.017,0.2533,-0.5963,0.631,0.4666,1.0339,37.9653,0.0485,1.2705,2.1218
ffc111_Rep1_s3.png,0.003,0.1098,-0.9595,0.3328,0.9956,0.9182,44.3038,0.0705,0.5903,-0.5257
ffc111_Rep1_s4.png,0.3005,0.0127,-1.8952,0.473,0.3394,1.5424,1.9352,0.0612,1.068,0.8968
ffc111_Rep1_s5.png,0.2572,0.0152,-1.8179,0.406,0.2736,1.4937,2.4385,0.0835,1.8465,3.4724
ffc111_Rep1_s6.png,0.2414,0.0204,-1.6897,0.387,0.5368,1.449,2.5525,0.0768,1.8449,3.3985
ffc111_Rep1_s7.png,0.3518,0.0158,-1.8011,0.515,0.3392,1.5269,1.851,0.0736,2.0039,4.6027
ffc111_Rep2_s0.png,0.0107,0.1506,-0.8223,0.6286,0.9907,1.0833,36.2776,0.0843,0.991,0.5414
ffc111_Rep2_s1.png,0.395,0.04,-1.3976,0.6098,0.529,1.4178,1.9714,0.0636,1.7057,3.0626
ffc111_Rep2_s2.png,0.0562,0.0563,-1.2496,0.4955,0.8444,1.1988,10.9152,0.0362,1.7482,4.3637
ffc111_Rep2_s3.png,0.0042,0.0949,-1.0228,0.3417,0.9941,0.9815,40.1136,0.0714,0.6947,-0.349
ffc111_Rep2_s4.png,0.3224,0.0145,-1.8375,0.505,0.2786,1.5352,1.8396,0.0629,1.1207,0.7419
ffc111_Rep2_s5.png,0.218,0.0341,-1.467,0.5836,0.85,1.4632,3.3075,0.0705,3.0384,11.9856
ffc111_Rep2_s6.png,0.3099,0.0216,-1.6657,0.4616,0.3384,1.4793,2.1191,0.0706,1.8182,3.6085
ffc111_Rep2_s7.png,0.3102,0.0197,-1.7052,0.4542,0.4469,1.4807,2.1604,0.0817,1.8578,3.4204
ffc113_Rep1_s0.png,0.0677,0.0292,-1.5345,0.3262,0.5052,1.3,7.0442,0.0449,1.8804,4.1165
ffc113_Rep1_s1.png,0.3825,0.013,-1.8868,0.5999,0.3424,1.5788,1.6616,0.0594,1.4119,1.7165
ffc113_Rep1_s2.png,0.0935,0.0218,-1.6618,0.3772,0.7576,1.3719,5.5741,0.037,2.391,9.3593
ffc113_Rep1_s3.png,0.0096,0.1724,-0.7636,0.504,0.5569,0.8881,48.4452,0.0309,2.3124,9.4716
ffc113_Rep1_s4.png,0.2357,0.0152,-1.8177,0.3815,0.5105,1.4806,2.454,0.0716,2.519,10.8385
ffc113_Rep1_s5.png,0.0754,0.0598,-1.2231,0.5582,0.8862,1.3687,8.4343,0.0853,2.4413,6.9427
ffc113_Rep1_s6.png,0.0228,0.0901,-1.0454,0.3926,0.7549,1.1771,20.0122,0.092,1.2966,1.2211
ffc113_Rep1_s7.png,0.2906,0.034,-1.4683,0.4922,0.4947,1.401,2.4987,0.0702,2.4331,6.518
ffc113_Rep2_s0.png,0.008,0.1277,-0.8939,0.4803,0.9926,1.0552,37.3874,0.0696,1.0768,0.9985
ffc113_Rep2_s1.png,0.3644,0.012,-1.9191,0.5688,0.3214,1.584,1.6764,0.0603,1.3252,1.6615
ffc113_Rep2_s2.png,0.0894,0.0206,-1.686,0.3391,0.3773,1.3508,5.4182,0.0364,2.2232,6.7452
ffc113_Rep2_s3.png,0.0139,0.1167,-0.9329,0.4783,0.5966,0.9744,35.9229,0.0428,1.696,3.1782
ffc113_Rep2_s4.png,0.271,0.0135,-1.8692,0.4271,0.4517,1.5197,2.1413,0.0713,2.4932,10.7171
ffc113_Rep2_s5.png,0.0782,0.0582,-1.235,0.5862,0.8722,1.3826,8.1499,0.0814,2.3212,6.2108
ffc113_Rep2_s6.png,0.1965,0.0257,-1.5901,0.3429,0.691,1.4155,3.1327,0.083,1.5004,2.0658
ffc113_Rep2_s7.png,0.3243,0.027,-1.569,0.4976,0.4488,1.4441,2.1874,0.0718,2.271,5.6396
ffc114_Rep1_s0.png,0.0096,0.1046,-0.9803,0.519,0.9876,1.1132,37.1241,0.0816,0.808,0.0745
ffc114_Rep1_s1.png,0.3951,0.0148,-1.8294,0.6205,0.3315,1.5608,1.6674,0.058,1.3987,1.6621
ffc114_Rep1_s2.png,0.0428,0.0616,-1.2105,0.3553,0.7191,1.1381,12.9379,0.0336,1.7669,5.3576
ffc114_Rep1_s3.png,0.0643,0.0255,-1.5931,0.2029,0.84,1.2755,7.2642,0.0866,1.261,1.9658
ffc114_Rep1_s4.png,0.3281,0.0113,-1.946,0.5322,0.3726,1.5772,1.7855,0.0634,2.0811,8.3949
ffc114_Rep1_s5.png,0.0913,0.0325,-1.4885,0.2949,0.8908,1.3583,6.0812,0.0939,1.3298,1.3503
ffc114_Rep1_s6.png,0.3139,0.0146,-1.8365,0.4805,0.2515,1.5407,1.8969,0.0749,1.6739,2.6408
ffc114_Rep1_s7.png,0.0556,0.1299,-0.8865,0.5799,0.4592,1.2502,12.3607,0.0761,1.9445,3.6216
ffc114_Rep2_s0.png,0.0069,0.1916,-0.7177,0.6657,0.9918,0.9945,47.8073,0.0712,0.7695,0.0658
ffc114_Rep2_s1.png,0.3827,0.0139,-1.8561,0.6004,0.3156,1.5723,1.673,0.0572,1.3658,1.6001
ffc114_Rep2_s2.png,0.0576,0.0293,-1.5328,0.3263,0.8359,1.2434,8.4598,0.0293,1.9014,5.7061
ffc114_Rep2_s3.png,0.0531,0.0346,-1.4611,0.2029,0.8785,1.2231,9.1943,0.0844,1.0432,0.7138
ffc114_Rep2_s4.png,0.2778,0.0109,-1.9611,0.459,0.3872,1.5573,1.9617,0.076,1.0936,1.1463
ffc114_Rep2_s5.png,0.1062,0.0273,-1.5645,0.5004,0.9335,1.4265,5.3486,0.0882,2.0325,4.6021
ffc114_Rep2_s6.png,0.3252,0.0138,-1.8616,0.4928,0.2839,1.5534,1.8419,0.0737,1.667,2.6201
ffc114_Rep2_s7.png,0.1661,0.0357,-1.4475,0.5615,0.8981,1.4327,3.9953,0.0694,1.7978,3.7489
ffc115_Rep1_s0.png,0.0371,0.0998,-1.0007,0.4624,0.6982,1.2113,16.2708,0.0371,2.0555,5.0715
ffc115_Rep1_s1.png,0.3961,0.0153,-1.8152,0.6262,0.3772,1.5625,1.6754,0.0546,1.4917,1.972
ffc115_Rep1_s2.png,0.1452,0.0175,-1.7576,0.3858,0.5439,1.4123,3.8734,0.0426,2.2067,6.5345
ffc115_Rep1_s3.png,0.0433,0.0345,-1.4617,0.185,0.887,1.1937,10.1097,0.0793,0.9866,0.0805
ffc115_Rep1_s4.png,0.3056,0.0104,-1.9841,0.5086,0.3648,1.5758,1.8545,0.0758,1.2998,1.7304
ffc115_Rep1_s5.png,0.0202,0.1265,-0.8978,0.3313,0.6334,1.1482,24.7222,0.1084,1.3322,1.5803
ffc115_Rep1_s6.png,0.3333,0.0126,-1.8985,0.5033,0.3052,1.5629,1.7852,0.0751,1.7078,2.8791
ffc115_Rep1_s7.png,0.3125,0.0357,-1.4477,0.5491,0.757,1.4212,2.3843,0.0616,2.0915,5.0825
ffc115_Rep2_s0.png,0.0658,0.0712,-1.1475,0.587,0.5189,1.3395,9.5348,0.0812,2.1603,5.0705
ffc115_Rep2_s1.png,0.3375,0.0116,-1.9351,0.5399,0.4594,1.5794,1.7459,0.0594,1.1848,1.0727
ffc115_Rep2_s2.png,0.1324,0.0178,-1.7496,0.3924,0.5869,1.3953,4.31,0.0394,1.9751,5.729
ffc115_Rep2_s3.png,0.0457,0.0378,-1.4229,0.22,0.9138,1.2131,9.8733,0.0809,1.0498,0.0953
ffc115_Rep2_s4.png,0.3137,0.0122,-1.9145,0.5226,0.3037,1.5597,1.8733,0.0722,1.1471,0.6795
ffc115_Rep2_s5.png,0.0213,0.115,-0.9394,0.3228,0.647,1.1687,22.9686,0.1069,1.2302,1.21
ffc115_Rep2_s6.png,0.3633,0.0118,-1.9278,0.5461,0.2746,1.587,1.6798,0.0764,1.7327,3.0542
ffc115_Rep2_s7.png,0.3907,0.0146,-1.8358,0.5817,0.1745,1.5635,1.6901,0.0611,1.7208,3.865
ffc116_Rep1_s0.png,0.0109,0.1082,-0.9657,0.5626,0.9866,1.1233,35.9882,0.0806,0.8218,0.0927
ffc116_Rep1_s1.png,0.3837,0.014,-1.8527,0.6028,0.3537,1.5681,1.68,0.057,1.373,1.5801
ffc116_Rep1_s2.png,0.1318,0.0181,-1.7429,0.3788,0.3981,1.3927,4.1863,0.0351,2.2039,6.914
ffc116_Rep1_s3.png,0.0633,0.0308,-1.5121,0.2042,0.8662,1.2525,7.8117,0.0871,0.9857,0.4497
ffc116_Rep1_s4.png,0.2493,0.0108,-1.9678,0.4108,0.5153,1.5371,2.1428,0.0644,2.2661,9.926
ffc116_Rep1_s5.png,0.0415,0.0706,-1.1514,0.4732,0.6405,1.2983,12.9784,0.0951,1.5446,2.1324
ffc116_Rep1_s6.png,0.2945,0.0142,-1.8479,0.4444,0.2919,1.5405,1.996,0.0707,1.7389,3.087
ffc116_Rep1_s7.png,0.4364,0.0306,-1.5141,0.6446,0.364,1.4675,1.7404,0.0641,2.0584,4.7775
ffc116_Rep2_s0.png,0.0077,0.1083,-0.9656,0.4035,0.9888,1.0834,36.6294,0.0709,1.0655,1.1288
ffc116_Rep2_s1.png,0.386,0.0152,-1.819,0.6105,0.3639,1.5579,1.6874,0.0563,1.5516,2.3894
ffc116_Rep2_s2.png,0.0418,0.048,-1.3188,0.3754,0.9001,1.2794,12.09,0.0397,2.4255,6.9043
ffc116_Rep2_s3.png,0.0198,0.0822,-1.0851,0.3288,0.951,1.0376,22.6465,0.0707,1.297,0.6305
ffc116_Rep2_s4.png,0.2883,0.0124,-1.9072,0.47,0.4325,1.543,2.0538,0.0623,2.2704,10.1684
ffc116_Rep2_s5.png,0.0368,0.0938,-1.0278,0.4546,0.7085,1.2374,14.6954,0.1008,1.8242,3.3547
ffc116_Rep2_s6.png,0.3348,0.0134,-1.8742,0.5022,0.3052,1.5605,1.8108,0.0722,1.6128,2.4622
ffc116_Rep2_s7.png,0.3958,0.0359,-1.4447,0.6078,0.4782,1.4332,1.9319,0.0653,2.1327,4.9714
ffc117_Rep1_s0.png,0.0111,0.1236,-0.9081,0.5542,0.9874,1.1175,36.1852,0.078,0.89,0.2109
ffc117_Rep1_s1.png,0.4205,0.0186,-1.7301,0.6572,0.3818,1.54,1.6567,0.0592,1.5894,2.3761
ffc117_Rep1_s2.png,0.074,0.0228,-1.6416,0.3012,0.5918,1.3232,6.2148,0.0335,1.6708,4.089
ffc117_Rep1_s3.png,0.0109,0.2183,-0.6609,0.5343,0.552,0.8567,48.8822,0.0347,2.9568,12.1617
ffc117_Rep1_s4.png,0.3389,0.0134,-1.8713,0.5362,0.3163,1.5566,1.8123,0.0651,2.4984,11.6833
ffc117_Rep1_s5.png,0.0346,0.1063,-0.9736,0.4264,0.3463,1.2124,16.3014,0.1006,0.9813,0.2291
ffc117_Rep1_s6.png,0.3219,0.0141,-1.8519,0.4792,0.2586,1.5438,1.8358,0.0782,1.5538,2.2055
ffc117_Rep1_s7.png,0.3395,0.0307,-1.5122,0.5146,0.4506,1.4341,2.1308,0.0652,2.2515,5.6433
ffc117_Rep2_s0.png,0.0072,0.1176,-0.9296,0.4625,0.993,1.0475,38.244,0.072,0.916,0.6011
ffc117_Rep2_s1.png,0.4015,0.0164,-1.7865,0.6271,0.3475,1.5531,1.6693,0.0596,1.477,2.0699
ffc117_Rep2_s2.png,0.072,0.0199,-1.7003,0.2999,0.2937,1.3447,6.5872,0.0435,1.5722,3.201
ffc117_Rep2_s3.png,0.0106,0.1945,-0.7111,0.5114,0.5526,0.8593,49.0147,0.0312,2.5924,9.4337
ffc117_Rep2_s4.png,0.3651,0.013,-1.8874,0.5762,0.3652,1.572,1.7176,0.065,2.2699,9.4682
ffc117_Rep2_s5.png,0.0466,0.064,-1.1937,0.5225,0.7772,1.3053,11.9422,0.0882,1.4604,1.7795
ffc117_Rep2_s6.png,0.0097,0.1276,-0.8942,0.5798,0.9876,1.1043,38.0492,0.0831,0.8019,0.1242
ffc117_Rep2_s7.png,0.298,0.0236,-1.6275,0.4564,0.3009,1.46,2.2623,0.0692,2.1899,5.2052
ffc118_Rep1_s0.png,0.0124,0.1157,-0.9367,0.528,0.9895,1.1397,32.4642,0.0831,1.004,0.4504
ffc118_Rep1_s1.png,0.4511,0.0219,-1.6592,0.6994,0.3532,1.5309,1.623,0.0626,1.6716,3.0024
ffc118_Rep1_s2.png,0.0514,0.0343,-1.4647,0.3684,0.7948,1.3214,9.8084,0.0551,1.5298,1.8101
ffc118_Rep1_s3.png,0.0176,0.3156,-0.5009,0.7322,0.7109,0.8648,38.5877,0.0374,1.746,3.4472
ffc118_Rep1_s4.png,0.2507,0.0193,-1.7138,0.3988,0.4904,1.4522,2.5052,0.0769,2.0486,5.9447
ffc118_Rep1_s5.png,0.2357,0.0125,-1.9038,0.4442,0.7343,1.5211,2.5002,0.0846,2.0289,4.6018
ffc118_Rep1_s6.png,0.0318,0.1202,-0.9199,0.5479,0.6849,1.1954,18.0552,0.0927,1.0616,0.6315
ffc118_Rep1_s7.png,0.1332,0.0413,-1.3845,0.382,0.7709,1.3143,5.0952,0.0613,3.1544,11.1931
ffc118_Rep2_s0.png,0.0102,0.1348,-0.8703,0.5949,0.9906,1.096,36.6942,0.0825,1.0335,0.4996
ffc118_Rep2_s1.png,0.4548,0.0227,-1.6445,0.7074,0.3468,1.5235,1.6231,0.0592,1.6648,2.7934
ffc118_Rep2_s2.png,0.007,0.1346,-0.8708,0.3375,0.8519,1.1374,43.1445,0.0183,0.9773,1.3783
ffc118_Rep2_s3.png,0.1001,0.0284,-1.5469,0.291,0.5892,1.318,5.759,0.072,2.2,7.0955
ffc118_Rep2_s4.png,0.2254,0.0209,-1.6789,0.3553,0.4459,1.4299,2.7597,0.0801,2.3953,8.0479
ffc118_Rep2_s5.png,0.2504,0.0124,-1.9068,0.4681,0.7214,1.5341,2.3835,0.0796,2.0955,4.861
ffc118_Rep2_s6.png,0.0375,0.074,-1.1307,0.4063,0.8103,1.2499,13.7801,0.0922,1.0971,0.8035
ffc118_Rep2_s7.png,0.0594,0.1032,-0.9863,0.4973,0.7783,1.1982,11.4938,0.016,1.169,1.8943
ffc11_Rep1_s0.png,0.0147,0.1725,-0.7632,0.6632,0.9893,1.1232,32.0539,0.0927,0.8524,0.2983
ffc11_Rep1_s1.png,0.4098,0.0158,-1.8007,0.6407,0.4451,1.5605,1.667,0.0599,1.4635,1.9128
ffc11_Rep1_s2.png,0.1119,0.0185,-1.7324,0.3246,0.6071,1.3632,4.6796,0.0377,1.8857,4.4668
ffc11_Rep1_s3.png,0.084,0.0258,-1.588,0.2226,0.6994,1.3215,6.1655,0.0757,1.5432,3.3787
ffc11_Rep1_s4.png,0.3328,0.0122,-1.9141,0.5395,0.3842,1.5704,1.775,0.07,1.0901,0.537
ffc11_Rep1_s5.png,0.0654,0.0361,-1.4431,0.5107,0.7447,1.4036,8.3808,0.0796,1.7065,3.1658
ffc11_Rep1_s6.png,0.2265,0.0183,-1.7383,0.4238,0.8216,1.4786,2.576,0.0675,2.1218,4.8868
ffc11_Rep1_s7.png,0.4133,0.0229,-1.6393,0.61,0.3377,1.5013,1.7562,0.0662,2.075,4.9145
ffc11_Rep2_s0.png,0.0126,0.0952,-1.0216,0.3635,0.8776,1.1761,29.1462,0.024,1.2268,1.3418
ffc11_Rep2_s1.png,0.4163,0.015,-1.8235,0.6513,0.4171,1.5722,1.6355,0.0617,1.5717,2.2855
ffc11_Rep2_s2.png,0.0427,0.034,-1.4683,0.2806,0.7413,1.2,10.702,0.0344,1.9949,5.8395
ffc11_Rep2_s3.png,0.082,0.0251,-1.6004,0.2172,0.7584,1.308,6.1307,0.0742,1.3001,1.7598
ffc11_Rep2_s4.png,0.3164,0.0119,-1.9239,0.5212,0.363,1.5665,1.8116,0.0838,1.0029,0.0689
ffc11_Rep2_s5.png,0.0702,0.059,-1.2288,0.5524,0.8699,1.3498,9.0864,0.0908,2.1976,5.2155
ffc11_Rep2_s6.png,0.3132,0.015,-1.8245,0.5082,0.4279,1.5372,1.9525,0.0656,1.806,3.3065
ffc11_Rep2_s7.png,0.4243,0.0271,-1.5674,0.6284,0.3382,1.485,1.7518,0.0647,2.1758,5.5006
ffc120_Rep1_s0.png,0.009,0.1171,-0.9315,0.5236,0.9911,1.0718,37.3283,0.0782,0.9669,0.434
ffc120_Rep1_s1.png,0.3827,0.0139,-1.858,0.5994,0.3196,1.5699,1.6676,0.0559,1.4003,1.8531
ffc120_Rep1_s2.png,0.0499,0.0335,-1.475,0.2954,0.7986,1.2203,9.7939,0.0295,1.6378,4.5385
ffc120_Rep1_s3.png,0.0277,0.0489,-1.3108,0.1935,0.8713,1.0962,15.917,0.0696,0.8984,-0.4401
ffc120_Rep1_s4.png,0.2942,0.0112,-1.949,0.4826,0.4077,1.5613,1.9398,0.062,2.1016,8.7934
ffc120_Rep1_s5.png,0.1404,0.0273,-1.5644,0.5286,0.9063,1.4302,4.3829,0.0892,2.0652,4.513
ffc120_Rep1_s6.png,0.252,0.0161,-1.7928,0.4249,0.6711,1.4929,2.3327,0.0748,1.7591,3.0074
ffc120_Rep1_s7.png,0.3627,0.0196,-1.7085,0.5418,0.4288,1.5053,1.8697,0.0659,1.8931,4.0815
ffc120_Rep2_s0.png,0.0101,0.1021,-0.991,0.524,0.9871,1.1157,36.5503,0.0796,0.8889,0.2575
ffc120_Rep2_s1.png,0.4014,0.0144,-1.8405,0.629,0.328,1.5685,1.6493,0.0555,1.5011,2.2829
ffc120_Rep2_s2.png,0.1508,0.021,-1.6771,0.4171,0.5032,1.3917,3.9217,0.0388,2.4474,8.5545
ffc120_Rep2_s3.png,0.025,0.07,-1.1546,0.3144,0.9554,1.054,19.2404,0.0773,1.0869,0.0584
ffc120_Rep2_s4.png,0.319,0.0102,-1.9916,0.5234,0.3828,1.5857,1.8111,0.0624,2.0914,8.2531
ffc120_Rep2_s5.png,0.3388,0.0156,-1.808,0.5405,0.2942,1.539,1.9574,0.0824,1.9977,4.3178
ffc120_Rep2_s6.png,0.1655,0.0221,-1.6554,0.2882,0.704,1.4011,3.424,0.0816,1.4278,1.6389
ffc120_Rep2_s7.png,0.391,0.0209,-1.6789,0.5815,0.2888,1.5091,1.7959,0.064,1.9235,4.252
ffc121_Rep1_s0.png,0.0082,0.1091,-0.9624,0.4301,0.9884,1.0794,37.7665,0.0697,0.6957,-0.0385
ffc121_Rep1_s1.png,0.3727,0.0133,-1.8774,0.586,0.3494,1.5706,1.6761,0.0551,1.2961,1.3698
ffc121_Rep1_s2.png,0.0614,0.034,-1.4682,0.3621,0.8475,1.2573,8.9417,0.0304,2.1342,7.6166
ffc121_Rep1_s3.png,0.025,0.0415,-1.3823,0.2416,0.9793,1.128,15.1522,0.0811,1.1193,0.0527
ffc121_Rep1_s4.png,0.2933,0.0103,-1.9853,0.4834,0.3847,1.5683,1.8927,0.0667,1.6085,4.8741
ffc121_Rep1_s5.png,0.0057,0.1703,-0.7688,0.6334,0.9925,0.9657,53.2905,0.1097,0.541,-0.5602
ffc121_Rep1_s6.png,0.0296,0.0631,-1.1998,0.2798,0.8668,1.2392,14.5881,0.03,1.9234,4.9012
ffc121_Rep1_s7.png,0.3966,0.0241,-1.6172,0.5898,0.3572,1.4917,1.8034,0.0639,1.9879,4.6101
ffc121_Rep2_s0.png,0.0067,0.1212,-0.9166,0.4148,0.9928,1.039,38.5079,0.0664,0.8309,0.4124
ffc121_Rep2_s1.png,0.3713,0.0121,-1.9166,0.5847,0.3562,1.5848,1.6591,0.0564,1.3479,1.6522
ffc121_Rep2_s2.png,0.1113,0.0168,-1.7734,0.3585,0.5489,1.3999,4.7012,0.0371,1.6678,3.3728
ffc121_Rep2_s3.png,0.0636,0.0276,-1.5593,0.1786,0.4167,1.2549,7.2693,0.0833,0.9404,0.1795
ffc121_Rep2_s4.png,0.2791,0.0116,-1.9343,0.4554,0.5232,1.5421,2.0635,0.0644,2.4395,11.3466
ffc121_Rep2_s5.png,0.0073,0.1779,-0.7497,0.6202,0.9924,1.0064,46.3281,0.0995,0.6892,-0.3253
ffc121_Rep2_s6.png,0.3275,0.0144,-1.8429,0.491,0.3069,1.5474,1.8705,0.0781,1.6503,2.5868
ffc121_Rep2_s7.png,0.3832,0.0299,-1.5245,0.5888,0.4697,1.4577,1.9232,0.063,2.1345,5.105
ffc122_Rep1_s0.png,0.0099,0.1452,-0.8379,0.5993,0.9896,1.0824,38.5721,0.089,1.0251,0.551
ffc122_Rep1_s1.png,0.4205,0.0178,-1.7508,0.6521,0.3793,1.5468,1.6302,0.0653,1.5596,2.4102
ffc122_Rep1_s2.png,0.0385,0.0342,-1.4666,0.322,0.7465,1.2788,11.3404,0.0439,1.176,1.6164
ffc122_Rep1_s3.png,0.0112,0.3559,-0.4487,0.6323,0.7536,0.8004,51.6746,0.0312,2.61,8.1044
ffc122_Rep1_s4.png,0.3641,0.0161,-1.7945,0.5705,0.4864,1.5357,1.8293,0.0695,2.2773,7.7603
ffc122_Rep1_s5.png,0.0052,0.1769,-0.7522,0.6752,0.9934,0.9416,54.7405,0.1133,0.5965,-0.3335
ffc122_Rep1_s6.png,0.2694,0.0133,-1.877,0.4096,0.2917,1.5205,2.0958,0.0729,1.8453,3.7292
ffc122_Rep1_s7.png,0.0199,0.3622,-0.441,0.7802,0.9617,1.0602,32.8232,0.0972,1.0403,0.4783
ffc122_Rep2_s0.png,0.0074,0.1228,-0.9109,0.4709,0.9934,1.0564,37.1324,0.0674,1.0874,0.9184
ffc122_Rep2_s1.png,0.3757,0.0151,-1.8207,0.5871,0.4182,1.5527,1.7437,0.0585,1.643,2.8159
ffc122_Rep2_s2.png,0.0529,0.0434,-1.3625,0.4178,0.7877,1.2387,10.3597,0.037,1.9762,4.8522
ffc122_Rep2_s3.png,0.0085,0.327,-0.4854,0.6619,0.7998,0.7714,63.5031,0.0143,1.7728,5.9678
ffc122_Rep2_s4.png,0.3909,0.0207,-1.6838,0.6103,0.5286,1.5078,1.8185,0.0664,2.554,10.2335
ffc122_Rep2_s5.png,0.0051,0.1818,-0.7405,0.6741,0.9935,0.9473,55.284,0.1122,0.5896,-0.4305
ffc122_Rep2_s6.png,0.2119,0.0139,-1.8571,0.316,0.5521,1.4808,2.5006,0.0841,1.5032,2.1881
ffc122_Rep2_s7.png,0.0152,0.2943,-0.5312,0.8267,0.9846,1.0438,35.5171,0.1048,0.9156,0.0739
ffc123_Rep1_s0.png,0.0104,0.1029,-0.9878,0.5283,0.9867,1.1194,36.1892,0.0795,0.7948,0.0654
ffc123_Rep1_s1.png,0.3524,0.0117,-1.932,0.5553,0.3393,1.5821,1.6918,0.055,1.257,1.2676
ffc123_Rep1_s2.png,0.1047,0.0215,-1.6666,0.3466,0.5326,1.3697,5.2633,0.0349,2.0711,6.0276
ffc123_Rep1_s3.png,0.0397,0.0437,-1.3597,0.2045,0.9707,1.1697,11.4882,0.0798,1.1116,0.2596
ffc123_Rep1_s4.png,0.2879,0.0102,-1.9898,0.4775,0.4132,1.569,1.8789,0.07,1.4094,3.4441
ffc123_Rep1_s5.png,0.0573,0.0719,-1.1433,0.4894,0.6723,1.2903,10.3494,0.0925,2.2061,5.1268
ffc123_Rep1_s6.png,0.0417,0.0433,-1.3632,0.2479,0.7215,1.3271,10.3868,0.0701,2.1414,5.002
ffc123_Rep1_s7.png,0.3479,0.0189,-1.7246,0.5208,0.4512,1.5067,1.9364,0.0611,2.0604,4.9149
ffc123_Rep2_s0.png,0.0096,0.1033,-0.9857,0.5024,0.9869,1.1209,36.7729,0.082,0.8161,0.0116
ffc123_Rep2_s1.png,0.3591,0.0124,-1.9077,0.5647,0.3162,1.5783,1.688,0.0561,1.2594,1.2921
ffc123_Rep2_s2.png,0.1048,0.0194,-1.7123,0.3378,0.5954,1.3579,5.0483,0.0294,1.8808,5.6759
ffc123_Rep2_s3.png,0.0154,0.1487,-0.8278,0.4884,0.8769,1.0612,30.2354,0.074,0.7317,-0.7162
ffc123_Rep2_s4.png,0.2282,0.0129,-1.8904,0.3751,0.6211,1.4989,2.4034,0.071,2.6157,12.1799
ffc123_Rep2_s5.png,0.0611,0.0437,-1.3591,0.4498,0.8662,1.3727,8.8611,0.0828,1.8801,3.5696
ffc123_Rep2_s6.png,0.0724,0.0367,-1.4357,0.379,0.91,1.3292,6.9448,0.0789,1.9197,3.3352
ffc123_Rep2_s7.png,0.351,0.0238,-1.6227,0.5429,0.4285,1.4745,2.001,0.0687,1.9482,4.0653
ffc124_Rep1_s0.png,0.0109,0.1069,-0.971,0.5491,0.9864,1.1273,36.0188,0.08,0.9603,0.4081
ffc124_Rep1_s1.png,0.3754,0.0124,-1.9071,0.5907,0.3463,1.584,1.659,0.0548,1.383,1.7496
ffc124_Rep1_s2.png,0.1021,0.0243,-1.6149,0.3078,0.6352,1.3241,5.2726,0.0391,2.0259,5.4481
ffc124_Rep1_s3.png,0.059,0.0263,-1.5796,0.2032,0.9012,1.2622,7.4629,0.0839,0.9265,-0.0004
ffc124_Rep1_s4.png,0.2838,0.0124,-1.905,0.4736,0.3541,1.5418,2.0222,0.0709,1.1847,1.1808
ffc124_Rep1_s5.png,0.0928,0.0458,-1.3389,0.5851,0.8167,1.4239,6.9147,0.08,2.3905,6.6255
ffc124_Rep1_s6.png,0.3241,0.0135,-1.8684,0.4931,0.2898,1.5515,1.8521,0.0727,1.8485,3.7686
ffc124_Rep1_s7.png,0.3839,0.0224,-1.6499,0.5752,0.385,1.5012,1.8311,0.0627,2.0109,4.8053
ffc124_Rep2_s0.png,0.0114,0.1418,-0.8484,0.6005,0.9844,1.1193,38.5089,0.0888,0.7873,0.0109
ffc124_Rep2_s1.png,0.4015,0.0155,-1.8106,0.6323,0.3403,1.5631,1.6636,0.0545,1.4691,2.0813
ffc124_Rep2_s2.png,0.1173,0.0166,-1.7787,0.3485,0.4902,1.3965,4.2902,0.0351,1.9852,5.9751
ffc124_Rep2_s3.png,0.0938,0.021,-1.6775,0.1954,0.6219,1.3326,5.2474,0.0826,0.9828,0.4495
ffc124_Rep2_s4.png,0.2766,0.0122,-1.9131,0.4541,0.4286,1.5352,2.068,0.0643,1.7683,5.8199
ffc124_Rep2_s5.png,0.1497,0.0244,-1.6132,0.546,0.9076,1.4567,4.1608,0.0846,2.067,4.6907
ffc124_Rep2_s6.png,0.3341,0.0128,-1.8919,0.5061,0.2925,1.5674,1.7979,0.0707,1.8218,3.3719
ffc124_Rep2_s7.png,0.3639,0.0216,-1.6663,0.5462,0.4208,1.4961,1.9046,0.0625,2.1323,5.3125
ffc125_Rep1_s0.png,0.0057,0.1479,-0.83,0.5813,0.9935,0.9899,47.1415,0.0661,1.0819,1.4047
ffc125_Rep1_s1.png,0.402,0.0152,-1.8171,0.6308,0.3367,1.562,1.6566,0.0594,1.4514,1.9659
ffc125_Rep1_s2.png,0.0499,0.0419,-1.3774,0.3631,0.8321,1.2032,10.3319,0.0298,2.0778,7.1427
ffc125_Rep1_s3.png,0.0095,0.1826,-0.7385,0.4649,0.6768,0.8732,50.6342,0.025,3.759,20.7365
ffc125_Rep1_s4.png,0.3,0.0151,-1.8224,0.4813,0.5561,1.5192,2.0272,0.0712,2.1583,7.9799
ffc125_Rep1_s5.png,0.0749,0.0588,-1.2305,0.5843,0.7715,1.3671,8.4945,0.0858,2.2307,5.7456
ffc125_Rep1_s6.png,0.3217,0.0145,-1.8387,0.4822,0.2928,1.5419,1.8516,0.0769,1.5731,2.2689
ffc125_Rep1_s7.png,0.0179,0.2992,-0.524,0.8016,0.9775,1.0751,33.175,0.1026,1.0462,0.501
ffc125_Rep2_s0.png,0.0086,0.1127,-0.9479,0.515,0.9913,1.0724,37.8652,0.0783,1.0164,0.5891
ffc125_Rep2_s1.png,0.3571,0.0107,-1.97,0.5595,0.2798,1.5963,1.6452,0.0595,1.1988,1.09
ffc125_Rep2_s2.png,0.056,0.0349,-1.4569,0.3593,0.8308,1.2327,9.1534,0.0302,2.1011,7.3401
ffc125_Rep2_s3.png,0.0114,0.2743,-0.5618,0.5575,0.7081,0.8204,49.1407,0.0434,2.3564,5.5984
ffc125_Rep2_s4.png,0.2557,0.0107,-1.9722,0.416,0.486,1.5436,2.0953,0.0697,2.2725,9.7199
ffc125_Rep2_s5.png,0.0695,0.0365,-1.4381,0.4909,0.841,1.421,7.9154,0.0824,1.8868,3.5383
ffc125_Rep2_s6.png,0.0742,0.0326,-1.4871,0.3647,0.4488,1.4165,6.776,0.0744,1.775,3.1992
ffc125_Rep2_s7.png,0.0175,0.3018,-0.5203,0.8028,0.9798,1.0705,33.2546,0.1017,0.9804,0.1956
ffc127_Rep1_s0.png,0.0071,0.1228,-0.9108,0.4373,0.9926,1.0479,38.0201,0.0692,1.0577,0.931
ffc127_Rep1_s1.png,0.3625,0.0142,-1.847,0.5719,0.3467,1.558,1.7228,0.059,1.3623,1.542
ffc127_Rep1_s2.png,0.0406,0.0498,-1.3025,0.3662,0.8944,1.2942,12.6551,0.0385,1.7736,3.6607
ffc127_Rep1_s3.png,0.0168,0.1042,-0.9822,0.3009,0.898,0.9775,29.6183,0.073,1.421,1.0272
ffc127_Rep1_s4.png,0.3267,0.0116,-1.9367,0.5289,0.45,1.572,1.8222,0.0636,2.6007,12.7361
ffc127_Rep1_s5.png,0.0582,0.0478,-1.3203,0.4469,0.8129,1.3473,9.2897,0.0848,1.8124,3.0178
ffc127_Rep1_s6.png,0.1176,0.025,-1.6024,0.3294,0.8113,1.4242,4.4071,0.0811,1.6379,2.1396
ffc127_Rep1_s7.png,0.3866,0.0425,-1.3711,0.5964,0.4683,1.403,2.0041,0.0685,2.2071,5.2206
ffc127_Rep2_s0.png,0.0108,0.123,-0.91,0.5625,0.9861,1.1146,37.3514,0.0884,0.8962,0.1702
ffc127_Rep2_s1.png,0.3846,0.0141,-1.8494,0.6041,0.3162,1.5662,1.6749,0.054,1.4032,1.7431
ffc127_Rep2_s2.png,0.0911,0.0273,-1.5633,0.3128,0.8142,1.2908,6.0294,0.0368,1.9016,4.9762
ffc127_Rep2_s3.png,0.0353,0.0822,-1.0853,0.2565,0.9521,1.0894,15.2087,0.084,1.2807,1.1361
ffc127_Rep2_s4.png,0.2798,0.0111,-1.9549,0.4664,0.3877,1.5545,1.9931,0.0657,1.6661,5.0711
ffc127_Rep2_s5.png,0.0438,0.0573,-1.242,0.3553,0.7863,1.303,11.9263,0.0957,1.5008,2.2358
ffc127_Rep2_s6.png,0.3266,0.0138,-1.859,0.4969,0.2614,1.5498,1.8462,0.0695,1.705,2.9103
ffc127_Rep2_s7.png,0.1732,0.0401,-1.3972,0.5806,0.8985,1.4213,3.949,0.0689,1.8085,3.6216
ffc128_Rep1_s0.png,0.0076,0.1232,-0.9093,0.4691,0.9929,1.0465,37.6059,0.0696,1.0492,1.0001
ffc128_Rep1_s1.png,0.3962,0.0143,-1.8453,0.6145,0.3583,1.569,1.6501,0.0658,1.555,2.3527
ffc128_Rep1_s2.png,0.1043,0.0259,-1.5861,0.4006,0.3725,1.3274,5.42,0.0331,1.9789,5.2948
ffc128_Rep1_s3.png,0.0173,0.2239,-0.65,0.6772,0.6465,0.9343,37.0417,0.0387,1.6434,2.6202
ffc128_Rep1_s4.png,0.3287,0.0219,-1.6596,0.5168,0.5208,1.4772,2.085,0.0756,1.8034,4.8614
ffc128_Rep1_s5.png,0.0052,0.1972,-0.705,0.6967,0.9926,0.9555,56.9902,0.101,0.782,0.105
ffc128_Rep1_s6.png,0.1418,0.0272,-1.5662,0.2498,0.7938,1.3577,3.9255,0.0895,1.2314,1.0954
ffc128_Rep1_s7.png,0.1479,0.0528,-1.2776,0.4421,0.8084,1.3515,4.6401,0.0693,2.3828,6.2257
ffc128_Rep2_s0.png,0.0062,0.1722,-0.7641,0.6239,0.9931,0.9856,47.1655,0.0685,0.9964,0.6856
ffc128_Rep2_s1.png,0.4313,0.0201,-1.6957,0.6675,0.4036,1.5332,1.6441,0.0618,1.5924,2.4547
ffc128_Rep2_s2.png,0.0531,0.0356,-1.4491,0.3089,0.844,1.2293,8.9995,0.0367,2.0414,5.1591
ffc128_Rep2_s3.png,0.0171,0.167,-0.7773,0.6146,0.65,0.9581,35.7154,0.0333,1.5132,2.155
ffc128_Rep2_s4.png,0.3495,0.0238,-1.6241,0.5469,0.4896,1.4753,2.0293,0.0689,1.6082,3.8038
ffc128_Rep2_s5.png,0.0326,0.0931,-1.0311,0.4379,0.6841,1.2141,16.8358,0.0934,1.1764,0.8135
ffc128_Rep2_s6.png,0.2946,0.0116,-1.937,0.4445,0.2082,1.5613,1.8775,0.0746,1.5007,2.1883
ffc128_Rep2_s7.png,0.3622,0.0265,-1.5775,0.5345,0.3831,1.4586,1.9775,0.0748,2.0622,4.588
ffc129_Rep1_s0.png,0.0114,0.0995,-1.0022,0.5871,0.9851,1.144,36.0778,0.0908,1.1351,1.1006
ffc129_Rep1_s1.png,0.4175,0.0163,-1.7866,0.6559,0.3843,1.5553,1.6474,0.0554,1.6248,2.5659
ffc129_Rep1_s2.png,0.0688,0.0364,-1.4393,0.3797,0.8697,1.26,8.1785,0.0288,2.2435,9.1648
ffc129_Rep1_s3.png,0.0425,0.0459,-1.3379,0.218,0.9741,1.179,11.3074,0.0782,1.2233,1.214
ffc129_Rep1_s4.png,0.2988,0.0129,-1.8891,0.4918,0.3747,1.5426,1.9887,0.0682,1.2056,1.1778
ffc129_Rep1_s5.png,0.0298,0.1066,-0.9723,0.4487,0.6449,1.1899,17.6593,0.1024,1.0206,0.1426
ffc129_Rep1_s6.png,0.3155,0.0148,-1.8283,0.4799,0.2167,1.5452,1.9144,0.0696,1.7987,3.5579
ffc129_Rep1_s7.png,0.3622,0.0241,-1.6177,0.5409,0.4361,1.477,1.9379,0.0626,2.1103,5.1769
ffc129_Rep2_s0.png,0.0073,0.1202,-0.9202,0.4462,0.9925,1.0479,37.3506,0.0732,1.0268,1.0353
ffc129_Rep2_s1.png,0.4108,0.0157,-1.8034,0.6456,0.3783,1.5616,1.6531,0.0588,1.4947,1.9867
ffc129_Rep2_s2.png,0.0504,0.0376,-1.4244,0.3268,0.7515,1.2093,10.0024,0.0313,2.0211,6.441
ffc129_Rep2_s3.png,0.0529,0.0335,-1.4745,0.2198,0.9048,1.2336,9.0142,0.0799,0.9537,0.3435
ffc129_Rep2_s4.png,0.2929,0.013,-1.8855,0.4771,0.4318,1.5388,2.0422,0.0678,1.5867,4.1135
ffc129_Rep2_s5.png,0.0686,0.0654,-1.1842,0.5707,0.7859,1.3391,9.0489,0.0859,2.2611,5.7656
ffc129_Rep2_s6.png,0.3842,0.016,-1.7948,0.5741,0.3156,1.55,1.7143,0.0696,1.9075,3.8665
ffc129_Rep2_s7.png,0.2834,0.0311,-1.5078,0.4699,0.7489,1.4201,2.5003,0.0618,2.1021,4.9859
ffc12_Rep1_s0.png,0.1493,0.0273,-1.5634,0.5149,0.346,1.3823,4.1595,0.0712,1.0271,0.1125
ffc12_Rep1_s1.png,0.3408,0.0097,-2.0117,0.5333,0.2842,1.6037,1.6638,0.0594,1.1354,1.0896
ffc12_Rep1_s2.png,0.0572,0.0257,-1.5893,0.2537,0.6574,1.2771,7.8206,0.0378,1.7904,4.4296
ffc12_Rep1_s3.png,0.0111,0.2175,-0.6625,0.5404,0.5795,0.851,48.5779,0.0267,2.6907,9.8847
ffc12_Rep1_s4.png,0.2751,0.01,-2.0014,0.45,0.4188,1.5659,1.9111,0.0692,1.8054,5.8993
ffc12_Rep1_s5.png,0.0318,0.0689,-1.1615,0.4254,0.5393,1.2512,15.629,0.0924,1.2973,1.0634
ffc12_Rep1_s6.png,0.2081,0.022,-1.6584,0.3723,0.7338,1.4456,2.8422,0.0717,1.5616,2.3942
ffc12_Rep1_s7.png,0.4292,0.036,-1.4433,0.6309,0.3562,1.4433,1.7869,0.0678,2.0452,4.7422
ffc12_Rep2_s0.png,0.0849,0.0676,-1.1703,0.6088,0.8042,1.29,7.3649,0.0495,1.6135,1.9264
ffc12_Rep2_s1.png,0.3491,0.0104,-1.9833,0.546,0.3381,1.5962,1.6575,0.0601,1.1368,0.9714
ffc12_Rep2_s2.png,0.0458,0.0363,-1.4401,0.2702,0.9142,1.2028,9.9749,0.0395,1.7314,3.6432
ffc12_Rep2_s3.png,0.0101,0.1935,-0.7133,0.5042,0.5883,0.8665,49.6613,0.0281,2.6188,9.5698
ffc12_Rep2_s4.png,0.3286,0.0105,-1.9771,0.5261,0.2576,1.5858,1.7349,0.0706,1.367,2.3497
ffc12_Rep2_s5.png,0.0375,0.0925,-1.0339,0.4557,0.7302,1.2351,14.5289,0.1028,1.7629,3.0954
ffc12_Rep2_s6.png,0.1553,0.0293,-1.533,0.4579,0.8405,1.4332,3.7531,0.0735,1.5384,2.3686
ffc12_Rep2_s7.png,0.4382,0.0402,-1.3961,0.6454,0.3595,1.4287,1.7763,0.0694,2.0972,4.9668
ffc130_Rep1_s0.png,0.0076,0.1229,-0.9105,0.4667,0.9929,1.0519,37.7171,0.0702,1.0583,1.0138
ffc130_Rep1_s1.png,0.3825,0.014,-1.8545,0.6021,0.337,1.5674,1.6829,0.0564,1.4334,2.0136
ffc130_Rep1_s2.png,0.107,0.0191,-1.7192,0.3333,0.4406,1.386,4.7883,0.038,2.4066,8.0631
ffc130_Rep1_s3.png,0.0588,0.0315,-1.5023,0.2126,0.7703,1.2585,8.2777,0.0856,1.2892,1.9354
ffc130_Rep1_s4.png,0.2927,0.0119,-1.9256,0.472,0.4548,1.5477,2.0065,0.0652,2.7364,13.6085
ffc130_Rep1_s5.png,0.0073,0.1763,-0.7537,0.62,0.9926,1.005,45.6693,0.0981,0.6969,-0.3268
ffc130_Rep1_s6.png,0.1643,0.0202,-1.6957,0.3254,0.5625,1.4141,3.3878,0.0665,2.0236,4.3066
ffc130_Rep1_s7.png,0.364,0.0334,-1.4756,0.5623,0.4787,1.4288,2.0337,0.0682,2.1671,5.3117
ffc130_Rep2_s0.png,0.0104,0.1067,-0.9717,0.545,0.9875,1.1128,36.2108,0.0792,0.8936,0.2888
ffc130_Rep2_s1.png,0.3643,0.0121,-1.9178,0.5732,0.3372,1.5829,1.666,0.0566,1.268,1.1944
ffc130_Rep2_s2.png,0.0914,0.0189,-1.7229,0.3022,0.4618,1.3573,5.2868,0.0369,1.8796,4.8703
ffc130_Rep2_s3.png,0.0545,0.0291,-1.5365,0.1878,0.9001,1.2385,8.1743,0.0812,0.9125,-0.0324
ffc130_Rep2_s4.png,0.2844,0.0105,-1.977,0.4694,0.3816,1.5625,1.9572,0.0668,1.4183,3.3758
ffc130_Rep2_s5.png,0.0451,0.0966,-1.015,0.4998,0.6506,1.2616,13.3064,0.0995,1.923,3.7524
ffc130_Rep2_s6.png,0.3022,0.0135,-1.8708,0.4614,0.2228,1.5476,1.905,0.0762,1.6965,2.8177
ffc130_Rep2_s7.png,0.4134,0.0236,-1.6272,0.6125,0.3729,1.5006,1.7535,0.0629,2.0349,4.7381
ffc131_Rep1_s0.png,0.0097,0.1223,-0.9126,0.5811,0.9914,1.0953,36.1727,0.0814,1.0385,0.5038
ffc131_Rep1_s1.png,0.3718,0.0165,-1.7818,0.5766,0.2487,1.5344,1.815,0.0617,1.6177,2.7422
ffc131_Rep1_s2.png,0.0179,0.0653,-1.1849,0.3952,0.933,1.0681,22.6113,0.0422,0.6089,-0.3567
ffc131_Rep1_s3.png,0.0143,0.2115,-0.6747,0.582,0.7809,0.9036,41.1981,0.0297,1.9327,3.7826
ffc131_Rep1_s4.png,0.2951,0.0117,-1.9304,0.4624,0.3865,1.5495,1.9504,0.0692,2.2213,8.444
ffc131_Rep1_s5.png,0.0371,0.1163,-0.9345,0.4252,0.8922,1.2117,16.1521,0.0967,1.3121,1.1975
ffc131_Rep1_s6.png,0.2105,0.045,-1.3471,0.6361,0.8282,1.3741,3.4158,0.0697,2.0706,4.9507
ffc131_Rep1_s7.png,0.0104,0.154,-0.8126,0.6443,0.9884,1.0855,39.2433,0.1089,0.9505,0.1403
ffc131_Rep2_s0.png,0.0083,0.1267,-0.8973,0.4801,0.9927,1.0699,36.5067,0.0707,1.0747,0.9185
ffc131_Rep2_s1.png,0.3582,0.0167,-1.7783,0.5558,0.2776,1.5282,1.8765,0.0594,1.5993,2.7245
ffc131_Rep2_s2.png,0.0154,0.1153,-0.9383,0.4968,0.5969,1.0631,34.1689,0.0349,1.2038,2.8457
ffc131_Rep2_s3.png,0.0119,0.1905,-0.7202,0.6619,0.9206,1.0731,42.4245,0.04,3.453,13.743
ffc131_Rep2_s4.png,0.3,0.0103,-1.9863,0.4685,0.2263,1.5694,1.8778,0.0688,2.1642,7.9907
ffc131_Rep2_s5.png,0.0636,0.0564,-1.2484,0.524,0.9124,1.3456,9.6129,0.0804,1.8894,3.5295
ffc131_Rep2_s6.png,0.2159,0.0482,-1.3169,0.6507,0.8245,1.3684,3.3869,0.0665,2.0805,5.0724
ffc131_Rep2_s7.png,0.0081,0.1803,-0.744,0.6039,0.9909,1.0167,43.5059,0.107,0.8163,0.0268
ffc134_Rep1_s0.png,0.0086,0.1368,-0.864,0.5404,0.9928,1.0465,37.7791,0.0702,1.0077,0.5942
ffc134_Rep1_s1.png,0.4277,0.0176,-1.7546,0.6616,0.2653,1.5529,1.6263,0.0614,1.6707,2.9708
ffc134_Rep1_s2.png,0.0113,0.1605,-0.7946,0.6371,0.9829,1.0812,40.188,0.0853,1.389,2.079
ffc134_Rep1_s3.png,0.0037,0.1009,-0.9962,0.3205,0.9944,0.9484,40.7487,0.0834,0.6217,-0.4352
ffc134_Rep1_s4.png,0.2887,0.0136,-1.8666,0.4526,0.2859,1.5251,2.0004,0.0662,1.1293,1.3367
ffc134_Rep1_s5.png,0.1246,0.0289,-1.5393,0.4284,0.9148,1.4036,4.9132,0.0885,2.0168,4.3601
ffc134_Rep1_s6.png,0.2248,0.0183,-1.7371,0.3372,0.4752,1.4586,2.5979,0.083,1.58,2.3857
ffc134_Rep1_s7.png,0.0186,0.3748,-0.4262,0.7531,0.9715,1.0636,33.4183,0.1031,0.9005,0.1157
ffc134_Rep2_s0.png,0.0074,0.1177,-0.929,0.4718,0.9932,1.0581,37.1633,0.069,1.0818,0.8952
ffc134_Rep2_s1.png,0.382,0.0211,-1.6756,0.5924,0.3435,1.5102,1.8198,0.0642,1.6048,2.6447
ffc134_Rep2_s2.png,0.0164,0.0853,-1.0691,0.4471,0.5259,1.2346,26.3361,0.0503,0.9759,0.8355
ffc134_Rep2_s3.png,0.0105,0.3136,-0.5037,0.6402,0.7453,0.8003,55.5259,0.0225,1.6988,3.3384
ffc134_Rep2_s4.png,0.2179,0.0234,-1.6316,0.3408,0.5288,1.4034,2.8342,0.0733,2.4663,9.6789
ffc134_Rep2_s5.png,0.1487,0.039,-1.4085,0.474,0.8491,1.3529,4.3525,0.0811,2.1645,5.3963
ffc134_Rep2_s6.png,0.1955,0.033,-1.482,0.5428,0.8039,1.4004,3.3227,0.0685,2.1342,5.1568
ffc134_Rep2_s7.png,0.013,0.2286,-0.6409,0.7725,0.9873,1.0501,37.1345,0.1149,0.8594,-0.1647
ffc136_Rep1_s0.png,0.0072,0.1123,-0.9496,0.4574,0.9931,1.0521,37.7323,0.0676,1.0632,0.9365
ffc136_Rep1_s1.png,0.3811,0.0142,-1.849,0.5965,0.3667,1.5654,1.6927,0.0562,1.4915,2.3337
ffc136_Rep1_s2.png,0.1153,0.0248,-1.6064,0.4357,0.3157,1.3641,5.0791,0.0424,2.42,7.3059
ffc136_Rep1_s3.png,0.0151,0.2284,-0.6414,0.64,0.5087,0.8961,39.8422,0.0405,1.9753,4.5616
ffc136_Rep1_s4.png,0.296,0.012,-1.9199,0.4643,0.3148,1.546,1.9712,0.0804,2.7166,10.1079
ffc136_Rep1_s5.png,0.0541,0.0561,-1.2509,0.419,0.8565,1.3169,10.1468,0.0858,1.6978,2.6845
ffc136_Rep1_s6.png,0.0874,0.0473,-1.3253,0.3708,0.8305,1.2653,6.7637,0.0728,2.1094,4.8744
ffc136_Rep1_s7.png,0.0172,0.3476,-0.4589,0.7552,0.9698,1.0578,35.5786,0.1048,0.9427,0.2365
ffc136_Rep2_s0.png,0.0074,0.1146,-0.9409,0.4597,0.993,1.0591,37.2439,0.0705,1.1139,0.9406
ffc136_Rep2_s1.png,0.151,0.0354,-1.4512,0.2357,0.3807,1.327,4.0596,0.0684,1.0772,1.0325
ffc136_Rep2_s2.png,0.0355,0.0435,-1.3614,0.3151,0.6836,1.1759,13.0517,0.0451,1.6793,3.1344
ffc136_Rep2_s3.png,0.0151,0.319,-0.4963,0.7297,0.7163,0.8573,42.5622,0.0389,1.4947,1.7344
ffc136_Rep2_s4.png,0.1866,0.0264,-1.5789,0.292,0.438,1.3824,3.3883,0.0904,2.5546,8.6578
ffc136_Rep2_s5.png,0.0052,0.1748,-0.7575,0.6427,0.9936,0.9484,54.0851,0.1122,0.6006,-0.317
ffc136_Rep2_s6.png,0.1603,0.0233,-1.633,0.4256,0.814,1.4192,3.5426,0.0763,1.9305,4.167
ffc136_Rep2_s7.png,0.0132,0.2394,-0.621,0.8044,0.9876,1.053,37.0911,0.103,1.1863,1.2255
ffc137_Rep1_s0.png,0.0074,0.1123,-0.9498,0.4574,0.9929,1.0682,36.8409,0.0715,0.9758,0.4868
ffc137_Rep1_s1.png,0.3503,0.0233,-1.6319,0.542,0.5178,1.4805,1.9987,0.0662,1.6325,2.5672
ffc137_Rep1_s2.png,0.0512,0.0417,-1.3797,0.3891,0.8601,1.301,10.2572,0.0359,1.817,3.4451
ffc137_Rep1_s3.png,0.0029,0.1085,-0.9645,0.35,0.9959,0.9065,45.6111,0.0815,0.559,-0.3836
ffc137_Rep1_s4.png,0.2263,0.0201,-1.6963,0.354,0.4535,1.433,2.7144,0.0757,1.983,5.6505
ffc137_Rep1_s5.png,0.0742,0.0319,-1.4962,0.4303,0.7092,1.4322,7.2151,0.0754,2.1614,5.4331
ffc137_Rep1_s6.png,0.0342,0.0823,-1.0845,0.3618,0.8108,1.2148,14.8258,0.0916,1.0197,0.5833
ffc137_Rep1_s7.png,0.013,0.2255,-0.6469,0.7347,0.9877,1.0461,36.4391,0.1117,0.911,-0.0245
ffc137_Rep2_s0.png,0.0098,0.1255,-0.9012,0.5412,0.9903,1.0999,35.9563,0.0771,1.0657,0.7781
ffc137_Rep2_s1.png,0.3926,0.0177,-1.7522,0.6071,0.3962,1.5414,1.7299,0.0642,1.7705,3.4169
ffc137_Rep2_s2.png,0.0092,0.22,-0.6575,0.6867,0.9862,0.9988,45.3025,0.0849,0.5851,-0.2149
ffc137_Rep2_s3.png,0.0019,0.2523,-0.5981,0.5345,0.9918,0.7628,92.3979,0.1514,0.9361,-0.1304
ffc137_Rep2_s4.png,0.2137,0.0225,-1.647,0.3349,0.4442,1.4139,2.9464,0.0802,1.7848,4.6071
ffc137_Rep2_s5.png,0.0737,0.0319,-1.4967,0.4291,0.7049,1.4348,7.198,0.0724,2.0066,4.7143
ffc137_Rep2_s6.png,0.0333,0.0754,-1.1228,0.3475,0.8103,1.2257,14.7721,0.0961,1.0126,0.4954
ffc137_Rep2_s7.png,0.0152,0.2506,-0.6011,0.7584,0.976,1.0819,37.0207,0.1028,0.9582,0.3517
ffc138_Rep1_s0.png,0.0077,0.1269,-0.8964,0.472,0.993,1.0512,37.2367,0.0703,0.9376,0.5048
ffc138_Rep1_s1.png,0.4474,0.021,-1.6774,0.6923,0.454,1.5327,1.627,0.0599,1.7716,3.4701
ffc138_Rep1_s2.png,0.0647,0.0328,-1.4845,0.3504,0.7113,1.2791,8.2664,0.0381,2.9322,10.9949
ffc138_Rep1_s3.png,0.1174,0.0206,-1.6863,0.2518,0.8931,1.3676,4.5626,0.0784,2.3122,6.2962
ffc138_Rep1_s4.png,0.3998,0.0245,-1.6107,0.6241,0.4967,1.4917,1.8017,0.0723,1.7137,3.3947
ffc138_Rep1_s5.png,0.1069,0.0303,-1.5193,0.5491,0.6862,1.4278,5.5213,0.071,2.2101,5.8714
ffc138_Rep1_s6.png,0.272,0.0178,-1.7505,0.4144,0.5673,1.4908,2.1747,0.0817,1.4938,2.0051
ffc138_Rep1_s7.png,0.0186,0.3323,-0.4785,0.7178,0.9704,1.0635,33.2071,0.0966,0.9251,0.1631
ffc138_Rep2_s0.png,0.0072,0.1093,-0.9613,0.4464,0.9929,1.0584,37.141,0.0729,1.0846,0.8354
ffc138_Rep2_s1.png,0.4439,0.0211,-1.6762,0.692,0.4412,1.5311,1.6384,0.0565,1.8308,3.625
ffc138_Rep2_s2.png,0.045,0.0409,-1.3887,0.3455,0.8695,1.2523,11.1167,0.0262,2.7797,10.3272
ffc138_Rep2_s3.png,0.0036,0.0966,-1.015,0.3274,0.9942,0.9641,41.7328,0.0861,0.4749,-0.8452
ffc138_Rep2_s4.png,0.4006,0.0254,-1.5951,0.6255,0.4977,1.4842,1.8027,0.0749,1.7292,3.532
ffc138_Rep2_s5.png,0.1114,0.0261,-1.5836,0.5573,0.7119,1.4564,5.257,0.0738,2.4291,7.0675
ffc138_Rep2_s6.png,0.2747,0.0164,-1.7845,0.4171,0.5737,1.4998,2.1268,0.0773,1.5197,2.1294
ffc138_Rep2_s7.png,0.0181,0.3129,-0.5046,0.7165,0.9713,1.056,33.8911,0.1045,0.9177,0.1633
ffc13_Rep1_s0.png,0.0059,0.15,-0.8239,0.4532,0.9914,0.9737,48.6273,0.1104,0.8409,0.1569
ffc13_Rep1_s1.png,0.3321,0.0161,-1.7928,0.5234,0.2973,1.5276,1.9047,0.0573,1.4809,2.2448
ffc13_Rep1_s2.png,0.0624,0.0424,-1.3723,0.3835,0.7779,1.2255,9.1489,0.0406,1.6963,3.9448
ffc13_Rep1_s3.png,0.041,0.0685,-1.1643,0.388,0.8101,1.145,14.3131,0.0328,1.3037,1.5411
ffc13_Rep1_s4.png,0.3032,0.0139,-1.8555,0.4783,0.4402,1.5315,1.9728,0.0626,2.4793,11.905
ffc13_Rep1_s5.png,0.1959,0.0252,-1.5979,0.5356,0.8164,1.4177,3.4044,0.0753,2.6214,8.1394
ffc13_Rep1_s6.png,0.166,0.0342,-1.4662,0.4966,0.7984,1.3636,3.769,0.0612,2.4512,7.6684
ffc13_Rep1_s7.png,0.0118,0.1407,-0.8519,0.5711,0.9706,1.1366,38.6615,0.0914,0.8368,-0.1461
ffc13_Rep2_s0.png,0.0149,0.1818,-0.7404,0.6438,0.9896,1.1177,31.2674,0.0876,0.9234,0.6772
ffc13_Rep2_s1.png,0.4019,0.0157,-1.8037,0.6254,0.3449,1.5598,1.6572,0.0623,1.4584,1.9316
ffc13_Rep2_s2.png,0.1055,0.0267,-1.5731,0.3746,0.6925,1.3485,5.2953,0.0402,2.2855,6.8656
ffc13_Rep2_s3.png,0.0062,0.2095,-0.6789,0.5044,0.7089,0.795,65.7055,0.0149,1.7739,5.1559
ffc13_Rep2_s4.png,0.2976,0.012,-1.922,0.4801,0.2994,1.5541,1.9184,0.0637,1.0999,1.0575
ffc13_Rep2_s5.png,0.0863,0.0359,-1.4454,0.4954,0.8,1.4454,7.0463,0.0782,2.0977,4.6952
ffc13_Rep2_s6.png,0.322,0.0167,-1.7764,0.4853,0.4001,1.5266,1.9305,0.0716,1.9648,4.2932
ffc13_Rep2_s7.png,0.0174,0.3716,-0.4299,0.7183,0.9669,1.0594,35.028,0.1001,0.9459,0.1312
ffc141_Rep1_s0.png,0.0079,0.1229,-0.9104,0.4773,0.9928,1.0519,37.6523,0.0719,0.9534,0.6721
ffc141_Rep1_s1.png,0.3915,0.0147,-1.8341,0.6104,0.3503,1.5675,1.6635,0.0631,1.4385,1.8876
ffc141_Rep1_s2.png,0.1057,0.021,-1.6784,0.3661,0.5088,1.3572,5.0735,0.0346,1.734,4.5715
ffc141_Rep1_s3.png,0.0012,0.4954,-0.305,0.7745,0.9591,0.7101,143.7532,0.0131,0.3119,-0.5047
ffc141_Rep1_s4.png,0.2967,0.0138,-1.8607,0.4693,0.396,1.529,2.0206,0.0616,1.4551,3.4339
ffc141_Rep1_s5.png,0.0371,0.0851,-1.07,0.2677,0.7982,1.2595,14.8625,0.0912,1.3314,1.5297
ffc141_Rep1_s6.png,0.1728,0.0211,-1.6766,0.29,0.7266,1.4126,3.2883,0.0802,1.5487,2.1298
ffc141_Rep1_s7.png,0.3695,0.0201,-1.6967,0.5446,0.3619,1.5033,1.8414,0.072,1.9171,4.1513
ffc141_Rep2_s0.png,0.0078,0.123,-0.9102,0.4875,0.9932,1.0609,37.1679,0.0664,1.043,0.8532
ffc141_Rep2_s1.png,0.2329,0.0301,-1.5213,0.363,0.4531,1.4005,2.8494,0.0689,1.2925,1.3493
ffc141_Rep2_s2.png,0.0548,0.0527,-1.278,0.4801,0.8152,1.205,10.8115,0.0416,1.587,3.3699
ffc141_Rep2_s3.png,0.0105,0.1876,-0.7268,0.4604,0.7103,0.8716,46.6164,0.0327,2.0733,5.2691
ffc141_Rep2_s4.png,0.3448,0.0137,-1.8631,0.5393,0.2842,1.5541,1.7849,0.0692,2.2818,9.0909
ffc141_Rep2_s5.png,0.0794,0.0507,-1.295,0.2732,0.908,1.2882,7.3082,0.0982,1.1791,0.8846
ffc141_Rep2_s6.png,0.1625,0.0285,-1.5459,0.4267,0.8203,1.374,3.5875,0.0642,1.9509,4.4558
ffc141_Rep2_s7.png,0.0115,0.2058,-0.6865,0.6858,0.9889,1.0501,37.3364,0.1068,1.0029,0.2581
ffc142_Rep1_s0.png,0.0089,0.1293,-0.8884,0.5461,0.9914,1.0548,37.9191,0.0796,1.0003,0.5025
ffc142_Rep1_s1.png,0.3474,0.0117,-1.9326,0.5432,0.2555,1.5801,1.7018,0.0611,1.2954,1.7087
ffc142_Rep1_s2.png,0.0802,0.0311,-1.5074,0.329,0.7959,1.2881,6.8481,0.0359,1.8222,5.182
ffc142_Rep1_s3.png,0.0214,0.1216,-0.915,0.4189,0.8723,1.0038,26.449,0.0675,1.1441,0.1165
ffc142_Rep1_s4.png,0.2302,0.0134,-1.8714,0.3719,0.5537,1.4947,2.389,0.0701,2.5631,11.8951
ffc142_Rep1_s5.png,0.07,0.0606,-1.2178,0.5582,0.7769,1.3586,8.7729,0.086,2.3102,6.0582
ffc142_Rep1_s6.png,0.3176,0.014,-1.8527,0.4825,0.3061,1.5486,1.8595,0.0746,1.6693,2.7678
ffc142_Rep1_s7.png,0.228,0.0271,-1.5672,0.4067,0.7632,1.4306,2.8948,0.0733,2.1761,5.1913
ffc142_Rep2_s0.png,0.0108,0.1231,-0.9097,0.5666,0.9862,1.1108,38.126,0.084,0.9899,0.3819
ffc142_Rep2_s1.png,0.3443,0.0114,-1.9448,0.5417,0.3052,1.5828,1.6956,0.0572,1.1581,1.0243
ffc142_Rep2_s2.png,0.0344,0.0515,-1.288,0.3125,0.7324,1.116,14.7699,0.0328,1.9968,6.7672
ffc142_Rep2_s3.png,0.0408,0.0586,-1.2323,0.2381,0.9458,1.1244,13.0881,0.082,0.8973,-0.2543
ffc142_Rep2_s4.png,0.2362,0.013,-1.8864,0.3898,0.5828,1.5016,2.353,0.0691,2.5151,11.667
ffc142_Rep2_s5.png,0.043,0.0985,-1.0064,0.4727,0.6387,1.246,13.442,0.1009,1.7719,3.1432
ffc142_Rep2_s6.png,0.0626,0.044,-1.3564,0.3287,0.5085,1.3609,8.1365,0.0758,1.6678,2.4166
ffc142_Rep2_s7.png,0.3378,0.0235,-1.6297,0.521,0.421,1.4706,2.044,0.0665,1.9607,4.2421
ffc143_Rep1_s0.png,0.0095,0.1308,-0.8834,0.5847,0.9913,1.0803,37.2123,0.0846,1.0422,0.459
ffc143_Rep1_s1.png,0.3743,0.03,-1.5229,0.5795,0.5129,1.4534,1.9787,0.0651,1.6567,2.6858
ffc143_Rep1_s2.png,0.0915,0.0317,-1.4992,0.4044,0.5382,1.3512,6.3134,0.0325,2.0884,5.9679
ffc143_Rep1_s3.png,0.003,0.1134,-0.9452,0.3672,0.9959,0.913,45.729,0.076,0.498,-0.7412
ffc143_Rep1_s4.png,0.1983,0.0245,-1.6117,0.3115,0.5457,1.3867,3.1191,0.0788,2.0477,6.1411
ffc143_Rep1_s5.png,0.0331,0.1315,-0.8812,0.446,0.7579,1.1714,18.0838,0.1001,1.3207,1.3405
ffc143_Rep1_s6.png,0.0129,0.1859,-0.7307,0.6332,0.9818,1.0873,37.2908,0.0921,1.0854,1.0587
ffc143_Rep1_s7.png,0.0157,0.2248,-0.6482,0.7366,0.9747,1.1051,36.378,0.1077,0.9294,0.2523
ffc143_Rep2_s0.png,0.0099,0.1054,-0.977,0.5471,0.9895,1.11,35.9112,0.0863,1.0801,0.5829
ffc143_Rep2_s1.png,0.3654,0.027,-1.5685,0.5653,0.4987,1.4636,1.9995,0.067,1.7501,3.1432
ffc143_Rep2_s2.png,0.066,0.0268,-1.5722,0.3556,0.7956,1.3202,7.3616,0.0367,2.21,6.943
ffc143_Rep2_s3.png,0.0037,0.0963,-1.0162,0.3053,0.9942,0.9609,39.713,0.0813,0.6873,-0.1104
ffc143_Rep2_s4.png,0.1961,0.0269,-1.57,0.3064,0.4933,1.3892,3.1864,0.0762,2.1219,6.6884
ffc143_Rep2_s5.png,0.0067,0.2098,-0.6782,0.7136,0.989,0.9895,54.1135,0.111,0.7435,-0.0514
ffc143_Rep2_s6.png,0.0136,0.2284,-0.6412,0.6172,0.9818,1.0699,36.8158,0.0919,1.124,1.0843
ffc143_Rep2_s7.png,0.0163,0.2312,-0.6361,0.808,0.9815,1.0863,34.7694,0.1059,0.9285,0.2689
ffc144_Rep1_s0.png,0.0079,0.1297,-0.8871,0.4804,0.9929,1.0532,37.3592,0.0707,1.0487,0.7795
ffc144_Rep1_s1.png,0.4101,0.016,-1.7958,0.6355,0.3445,1.5617,1.6336,0.0634,1.5069,2.1807
ffc144_Rep1_s2.png,0.0454,0.0352,-1.4538,0.3899,0.7825,1.2996,10.552,0.0431,1.755,3.3959
ffc144_Rep1_s3.png,0.028,0.0945,-1.0248,0.2947,0.8757,1.0673,21.0159,0.0465,1.1134,0.4622
ffc144_Rep1_s4.png,0.3258,0.0222,-1.6545,0.5098,0.5078,1.4702,2.1045,0.0682,1.9046,5.9702
ffc144_Rep1_s5.png,0.0061,0.1894,-0.7226,0.665,0.991,0.9859,53.8512,0.1018,0.8356,0.1346
ffc144_Rep1_s6.png,0.2686,0.0128,-1.8939,0.4005,0.1875,1.5284,2.0638,0.0797,1.4131,1.7805
ffc144_Rep1_s7.png,0.183,0.0355,-1.4498,0.3513,0.7964,1.3802,3.6966,0.0811,1.9996,3.844
ffc144_Rep2_s0.png,0.0081,0.1339,-0.8732,0.4935,0.993,1.0524,37.1509,0.0685,1.0123,0.6837
ffc144_Rep2_s1.png,0.3868,0.0162,-1.7894,0.6023,0.3594,1.5501,1.6859,0.063,1.4965,2.1539
ffc144_Rep2_s2.png,0.0079,0.107,-0.9708,0.3426,0.8158,1.1763,38.8264,0.0338,1.2376,2.1418
ffc144_Rep2_s3.png,0.0186,0.097,-1.0133,0.3991,0.8004,1.0313,28.3054,0.0282,1.6877,3.3987
ffc144_Rep2_s4.png,0.3225,0.0192,-1.7159,0.5048,0.4738,1.4922,2.0755,0.0693,2.0577,6.8779
ffc144_Rep2_s5.png,0.0333,0.0931,-1.031,0.511,0.6884,1.2278,17.034,0.0966,1.2844,1.2474
ffc144_Rep2_s6.png,0.0504,0.0465,-1.3328,0.3683,0.7801,1.3265,9.9036,0.0813,1.6139,2.5057
ffc144_Rep2_s7.png,0.1505,0.0376,-1.4245,0.4555,0.8488,1.4068,4.3936,0.078,2.2297,5.221
ffc145_Rep1_s0.png,0.0101,0.1089,-0.9629,0.5554,0.9892,1.1157,35.8833,0.0846,1.0484,0.5265
ffc145_Rep1_s1.png,0.4824,0.0322,-1.4916,0.7493,0.3207,1.4798,1.6231,0.0582,1.7715,3.1249
ffc145_Rep1_s2.png,0.0498,0.0412,-1.385,0.3978,0.8409,1.272,10.3618,0.0362,1.5818,3.6594
ffc145_Rep1_s3.png,0.0037,0.0925,-1.0337,0.3034,0.9941,0.9638,38.8741,0.0893,0.727,-0.1986
ffc145_Rep1_s4.png,0.3249,0.015,-1.8244,0.5072,0.3547,1.5315,1.9045,0.0656,2.3028,8.7377
ffc145_Rep1_s5.png,0.0742,0.0412,-1.3853,0.5046,0.3535,1.4557,7.598,0.0817,1.4057,2.1041
ffc145_Rep1_s6.png,0.038,0.0632,-1.1993,0.3441,0.726,1.2551,13.8343,0.0883,1.4106,1.5957
ffc145_Rep1_s7.png,0.0187,0.1902,-0.7208,0.6556,0.9754,1.1398,31.3162,0.1012,0.9201,0.1968
ffc145_Rep2_s0.png,0.0076,0.1089,-0.9631,0.4755,0.9899,1.0655,40.637,0.0964,0.9205,0.1534
ffc145_Rep2_s1.png,0.4814,0.0334,-1.4764,0.7436,0.3138,1.4791,1.633,0.0632,1.8971,3.7302
ffc145_Rep2_s2.png,0.0259,0.0562,-1.2499,0.3131,0.5235,1.0578,17.9884,0.0395,1.4632,2.2438
ffc145_Rep2_s3.png,0.0086,0.2498,-0.6024,0.5562,0.8447,0.8158,58.469,0.0216,2.0478,5.1505
ffc145_Rep2_s4.png,0.3439,0.0146,-1.8367,0.5366,0.2418,1.5454,1.7858,0.06,1.2582,1.4731
ffc145_Rep2_s5.png,0.0051,0.1703,-0.7687,0.6423,0.993,0.9651,55.2668,0.1086,0.56,-0.4556
ffc145_Rep2_s6.png,0.1104,0.0379,-1.4214,0.4212,0.8975,1.3737,5.1113,0.084,1.5231,2.114
ffc145_Rep2_s7.png,0.024,0.1949,-0.7101,0.5775,0.9753,1.1111,25.1543,0.0977,0.8772,0.1502
ffc146_Rep1_s0.png,0.0104,0.2587,-0.5872,0.7963,0.9829,1.0231,45.4066,0.0918,0.8541,0.19
ffc146_Rep1_s1.png,0.3917,0.0149,-1.8268,0.6131,0.3688,1.5631,1.6883,0.0616,1.4065,1.5272
ffc146_Rep1_s2.png,0.0357,0.041,-1.3874,0.2804,0.5347,1.1521,13.2451,0.0376,1.3733,2.8758
ffc146_Rep1_s3.png,0.0834,0.0215,-1.6682,0.1948,0.8088,1.3296,5.5316,0.0765,1.357,2.0172
ffc146_Rep1_s4.png,0.2963,0.0108,-1.9667,0.4957,0.3737,1.568,1.8779,0.0677,1.1126,0.8863
ffc146_Rep1_s5.png,0.0259,0.0911,-1.0403,0.441,0.7258,1.2069,19.151,0.1069,1.666,2.5973
ffc146_Rep1_s6.png,0.357,0.0132,-1.8794,0.5427,0.2958,1.5658,1.7654,0.0726,1.7494,3.2522
ffc146_Rep1_s7.png,0.3697,0.0193,-1.7155,0.5501,0.2372,1.516,1.8462,0.0661,1.8527,4.0379
ffc146_Rep2_s0.png,0.0117,0.2101,-0.6775,0.7064,0.9872,1.0584,39.1228,0.0992,0.8687,0.1887
ffc146_Rep2_s1.png,0.4426,0.0198,-1.7037,0.6928,0.3112,1.5373,1.6433,0.0553,1.681,2.9259
ffc146_Rep2_s2.png,0.0544,0.0342,-1.4661,0.2992,0.7112,1.2389,9.1468,0.0304,1.835,4.8674
ffc146_Rep2_s3.png,0.0752,0.0224,-1.6491,0.2812,0.8899,1.3398,6.2299,0.0744,1.7271,4.2343
ffc146_Rep2_s4.png,0.2912,0.0107,-1.9715,0.4828,0.3665,1.566,1.8672,0.0702,0.9759,0.391
ffc146_Rep2_s5.png,0.256,0.0137,-1.8634,0.479,0.7006,1.5375,2.408,0.0797,2.1975,5.6805
ffc146_Rep2_s6.png,0.3259,0.016,-1.7971,0.4945,0.2686,1.5341,1.8974,0.0769,1.8004,3.3039
ffc146_Rep2_s7.png,0.3592,0.0248,-1.6058,0.5447,0.4736,1.4742,2.0072,0.0639,2.133,5.4872
ffc148_Rep1_s0.png,0.0075,0.1219,-0.914,0.4814,0.9933,1.0518,37.5485,0.0714,0.9709,0.492
ffc148_Rep1_s1.png,0.3567,0.0168,-1.7739,0.5519,0.3827,1.5332,1.8225,0.0637,1.6717,2.9246
ffc148_Rep1_s2.png,0.0375,0.0609,-1.2152,0.4376,0.791,1.2191,14.286,0.0382,1.7546,3.038
ffc148_Rep1_s3.png,0.0047,0.1608,-0.7936,0.4641,0.9857,0.9274,60.0432,0.0852,1.3103,2.0025
ffc148_Rep1_s4.png,0.1935,0.028,-1.5531,0.302,0.4762,1.3818,3.2459,0.073,1.9926,6.2592
ffc148_Rep1_s5.png,0.0465,0.0609,-1.2154,0.448,0.8646,1.2823,12.3104,0.0862,1.6074,2.4589
ffc148_Rep1_s6.png,0.0568,0.0803,-1.0954,0.2276,0.9458,1.2316,10.0967,0.1004,0.9904,0.3797
ffc148_Rep1_s7.png,0.0108,0.2144,-0.6687,0.715,0.9894,1.0338,40.5183,0.1061,0.8704,0.2641
ffc148_Rep2_s0.png,0.0076,0.1197,-0.922,0.4725,0.993,1.0461,37.6634,0.0718,1.0002,0.6185
ffc148_Rep2_s1.png,0.367,0.0143,-1.8457,0.5675,0.3079,1.556,1.7189,0.0651,1.7074,3.0321
ffc148_Rep2_s2.png,0.0889,0.0232,-1.6342,0.3793,0.4357,1.3571,5.8339,0.037,2.0152,4.7799
ffc148_Rep2_s3.png,0.002,0.2844,-0.546,0.5353,0.9865,0.7361,99.9669,0.151,1.0931,0.194
ffc148_Rep2_s4.png,0.2215,0.0194,-1.7116,0.3456,0.4049,1.4378,2.722,0.075,1.824,5.0745
ffc148_Rep2_s5.png,0.0055,0.173,-0.7619,0.6534,0.9936,0.985,52.3391,0.1032,0.7033,-0.0968
ffc148_Rep2_s6.png,0.0493,0.0762,-1.1182,0.1896,0.9517,1.2097,11.1055,0.0948,0.9445,0.3504
ffc148_Rep2_s7.png,0.0075,0.1777,-0.7503,0.6495,0.9914,1.0044,45.3932,0.1012,0.7188,-0.2016
ffc149_Rep1_s0.png,0.0074,0.1142,-0.9422,0.463,0.9931,1.0645,37.1797,0.0705,1.0082,0.6408
ffc149_Rep1_s1.png,0.1449,0.0355,-1.4494,0.2265,0.369,1.3217,4.2076,0.0697,1.0254,0.7516
ffc149_Rep1_s2.png,0.0164,0.0909,-1.0414,0.3492,0.9401,1.0361,26.5289,0.0479,1.2507,1.568
ffc149_Rep1_s3.png,0.0142,0.3337,-0.4767,0.6791,0.7346,0.8292,44.6889,0.0349,1.86,3.344
ffc149_Rep1_s4.png,0.1799,0.0276,-1.5595,0.2834,0.4974,1.3764,3.444,0.0762,2.0045,6.066
ffc149_Rep1_s5.png,0.0047,0.1867,-0.7289,0.6456,0.9932,0.9269,58.5159,0.1093,0.5141,-0.4079
ffc149_Rep1_s6.png,0.0159,0.1767,-0.7528,0.6302,0.9778,1.1007,32.4105,0.0964,1.0847,0.5891
ffc149_Rep1_s7.png,0.012,0.22,-0.6575,0.7293,0.9877,1.0534,38.0642,0.1032,1.2382,1.2153
ffc149_Rep2_s0.png,0.0095,0.1196,-0.9223,0.5214,0.9906,1.0974,36.5193,0.0723,0.9144,0.4242
ffc149_Rep2_s1.png,0.3137,0.0112,-1.9505,0.4894,0.2201,1.5682,1.806,0.0607,1.2883,1.7482
ffc149_Rep2_s2.png,0.0378,0.043,-1.3668,0.3794,0.7609,1.1927,12.584,0.0443,1.3006,2.0729
ffc149_Rep2_s3.png,0.0164,0.2822,-0.5495,0.6956,0.6789,0.9079,39.3377,0.0398,1.6176,2.4632
ffc149_Rep2_s4.png,0.3272,0.0123,-1.9093,0.5117,0.3064,1.5579,1.8551,0.0759,2.6034,10.0528
ffc149_Rep2_s5.png,0.0427,0.0864,-1.0634,0.5319,0.7938,1.2811,13.278,0.0945,1.3942,1.6851
ffc149_Rep2_s6.png,0.0104,0.1369,-0.8635,0.6274,0.9856,1.0974,38.9282,0.0881,1.0431,0.7888
ffc149_Rep2_s7.png,0.0126,0.2285,-0.6411,0.7361,0.9872,1.0419,37.5857,0.1095,1.1215,0.6633
ffc150_Rep1_s0.png,0.0073,0.115,-0.9393,0.4671,0.9932,1.0452,37.7783,0.0695,1.1199,1.0463
ffc150_Rep1_s1.png,0.3438,0.0158,-1.8024,0.5344,0.3236,1.5309,1.8921,0.0616,1.5784,2.6902
ffc150_Rep1_s2.png,0.0149,0.1201,-0.9203,0.4695,0.6799,1.0562,32.8343,0.0358,0.9958,1.1575
ffc150_Rep1_s3.png,0.0104,0.3425,-0.4654,0.6121,0.8107,0.7871,54.1937,0.0263,2.1927,5.4602
ffc150_Rep1_s4.png,0.317,0.0092,-2.0352,0.4951,0.2497,1.5917,1.7658,0.0736,2.4675,9.1406
ffc150_Rep1_s5.png,0.007,0.1352,-0.869,0.5799,0.993,1.0392,43.5064,0.1011,0.7924,0.0827
ffc150_Rep1_s6.png,0.0602,0.0643,-1.192,0.46,0.8659,1.3184,9.7983,0.0829,1.5568,2.6661
ffc150_Rep1_s7.png,0.0083,0.199,-0.7011,0.6298,0.991,1.0107,44.0933,0.1034,0.7566,-0.215
ffc150_Rep2_s0.png,0.0086,0.1078,-0.9675,0.4711,0.9906,1.0952,35.7942,0.0707,0.9072,0.3594
ffc150_Rep2_s1.png,0.2821,0.0284,-1.5466,0.4419,0.4425,1.4177,2.4323,0.0643,1.5411,2.4878
ffc150_Rep2_s2.png,0.0442,0.0541,-1.2667,0.448,0.8887,1.3184,12.6245,0.0375,1.5336,3.3992
ffc150_Rep2_s3.png,0.0028,0.1083,-0.9653,0.3415,0.996,0.9044,46.0834,0.0812,0.6878,0.2113
ffc150_Rep2_s4.png,0.1999,0.0243,-1.6138,0.3133,0.5177,1.3923,3.0677,0.0777,2.1881,7.2502
ffc150_Rep2_s5.png,0.0058,0.1536,-0.8136,0.5477,0.9934,0.9858,49.3859,0.099,0.6188,-0.2538
ffc150_Rep2_s6.png,0.0558,0.0823,-1.0844,0.2101,0.9469,1.2285,10.2533,0.0939,0.9976,0.4712
ffc150_Rep2_s7.png,0.0066,0.1761,-0.7542,0.6299,0.9911,0.975,48.54,0.0935,1.3447,2.2185
ffc151_Rep1_s0.png,0.0072,0.1186,-0.9259,0.4616,0.9929,1.0414,37.9361,0.0766,0.9898,0.5976
ffc151_Rep1_s1.png,0.1371,0.0315,-1.5016,0.214,0.34,1.3327,4.2491,0.0722,1.0153,0.7675
ffc151_Rep1_s2.png,0.0393,0.0355,-1.4496,0.3323,0.8209,1.2537,11.0701,0.0421,1.1361,1.0028
ffc151_Rep1_s3.png,0.0144,0.2908,-0.5364,0.6796,0.7626,0.8641,43.7818,0.0371,1.776,3.3133
ffc151_Rep1_s4.png,0.1683,0.0276,-1.5587,0.267,0.5071,1.3619,3.6164,0.0795,1.8562,5.5076
ffc151_Rep1_s5.png,0.0333,0.1024,-0.9895,0.3571,0.6332,1.1682,17.1244,0.0999,1.2563,1.2359
ffc151_Rep1_s6.png,0.0678,0.044,-1.3567,0.3703,0.5719,1.2909,7.732,0.0808,1.5898,2.7896
ffc151_Rep1_s7.png,0.0145,0.2948,-0.5304,0.7848,0.9786,1.0571,37.9841,0.1011,0.912,0.1152
ffc151_Rep2_s0.png,0.0078,0.1278,-0.8935,0.4957,0.9932,1.0593,36.9453,0.0684,1.1573,1.1695
ffc151_Rep2_s1.png,0.3033,0.0122,-1.9122,0.4707,0.2578,1.5505,1.9231,0.0634,1.491,2.3112
ffc151_Rep2_s2.png,0.0498,0.0438,-1.3586,0.4361,0.8314,1.1945,10.9892,0.053,1.4094,1.6562
ffc151_Rep2_s3.png,0.0081,0.378,-0.4225,0.6773,0.7503,0.7485,67.205,0.0186,1.8037,5.9307
ffc151_Rep2_s4.png,0.1669,0.0331,-1.4796,0.2639,0.5122,1.3388,3.7841,0.0806,1.4304,2.7423
ffc151_Rep2_s5.png,0.056,0.043,-1.3669,0.3756,0.6514,1.3592,9.2859,0.0853,1.6516,2.7729
ffc151_Rep2_s6.png,0.2573,0.0121,-1.9161,0.4095,0.6219,1.5285,2.1097,0.0707,1.7083,3.1184
ffc151_Rep2_s7.png,0.0136,0.245,-0.6108,0.7791,0.9861,1.053,36.7608,0.1165,0.7412,-0.3783
ffc152_Rep1_s0.png,0.0103,0.1149,-0.9398,0.5396,0.9882,1.1095,36.3733,0.0781,0.9996,0.5243
ffc152_Rep1_s1.png,0.3801,0.0131,-1.8821,0.5946,0.3322,1.5779,1.6506,0.0612,1.343,1.4667
ffc152_Rep1_s2.png,0.0703,0.0319,-1.4966,0.2926,0.8173,1.2554,7.3971,0.0379,2.1364,5.7867
ffc152_Rep1_s3.png,0.0011,0.6069,-0.2169,0.8313,0.9417,0.6682,157.3732,0.0118,0.3928,-0.5405
ffc152_Rep1_s4.png,0.347,0.0134,-1.8722,0.5493,0.3888,1.5564,1.7792,0.0723,2.239,8.244
ffc152_Rep1_s5.png,0.0053,0.1869,-0.7283,0.7053,0.9931,0.9473,55.7371,0.1097,0.5106,-0.6801
ffc152_Rep1_s6.png,0.0618,0.0485,-1.3142,0.3912,0.7006,1.3557,8.5843,0.0778,1.5812,2.3934
ffc152_Rep1_s7.png,0.2211,0.0292,-1.5345,0.3979,0.7481,1.403,2.9846,0.0694,2.2097,5.4052
ffc152_Rep2_s0.png,0.0102,0.1005,-0.9977,0.515,0.9875,1.1224,35.9176,0.0783,0.9521,0.3675
ffc152_Rep2_s1.png,0.3295,0.0119,-1.9244,0.5184,0.3077,1.5698,1.7323,0.0592,1.2563,1.3878
ffc152_Rep2_s2.png,0.0344,0.0518,-1.2857,0.36,0.5825,1.1289,14.1411,0.0309,1.6772,4.3826
ffc152_Rep2_s3.png,0.0143,0.11,-0.9586,0.3121,0.9357,0.9406,32.8656,0.0759,1.5251,1.2677
ffc152_Rep2_s4.png,0.2836,0.0119,-1.923,0.4528,0.4049,1.5412,2.0248,0.0749,2.7362,11.8917
ffc152_Rep2_s5.png,0.0529,0.0573,-1.2419,0.4635,0.8223,1.3121,10.1983,0.089,1.7215,2.8246
ffc152_Rep2_s6.png,0.1712,0.024,-1.6192,0.302,0.6916,1.3848,3.4291,0.0768,1.4986,1.9131
ffc152_Rep2_s7.png,0.3961,0.033,-1.4813,0.5985,0.4148,1.4414,1.9028,0.0637,2.1769,5.3042
ffc153_Rep1_s0.png,0.0074,0.112,-0.9508,0.4663,0.9931,1.0571,36.7413,0.0681,1.0714,0.812
ffc153_Rep1_s1.png,0.3284,0.0116,-1.9363,0.5113,0.2597,1.5705,1.8054,0.0622,1.4021,2.2334
ffc153_Rep1_s2.png,0.0452,0.0495,-1.3054,0.414,0.7978,1.2119,11.8865,0.0369,1.5149,3.2763
ffc153_Rep1_s3.png,0.0153,0.2707,-0.5675,0.6019,0.6285,0.8888,39.3654,0.0471,1.741,2.5218
ffc153_Rep1_s4.png,0.2314,0.0201,-1.6959,0.3624,0.4134,1.4442,2.6891,0.0785,2.0346,6.4276
ffc153_Rep1_s5.png,0.0948,0.0393,-1.4056,0.3628,0.916,1.3666,5.7979,0.0972,1.5545,2.2784
ffc153_Rep1_s6.png,0.295,0.0169,-1.7725,0.4682,0.5964,1.5029,2.0601,0.0716,1.8915,3.8176
ffc153_Rep1_s7.png,0.0133,0.2436,-0.6134,0.7766,0.9868,1.0439,37.0669,0.1173,0.7271,-0.4745
ffc153_Rep2_s0.png,0.0099,0.1094,-0.9612,0.5246,0.9881,1.1092,36.4362,0.0868,1.0595,0.5763
ffc153_Rep2_s1.png,0.3627,0.0167,-1.7761,0.5637,0.2473,1.528,1.8376,0.0622,1.5196,2.559
ffc153_Rep2_s2.png,0.0521,0.0436,-1.3603,0.4133,0.8075,1.2287,10.4229,0.0416,1.5098,2.6331
ffc153_Rep2_s3.png,0.017,0.2469,-0.6075,0.686,0.7158,0.9138,37.7383,0.04,1.7355,3.0703
ffc153_Rep2_s4.png,0.2006,0.025,-1.6027,0.3156,0.4962,1.3982,3.096,0.076,2.2472,8.2153
ffc153_Rep2_s5.png,0.0511,0.0526,-1.2787,0.4029,0.4694,1.3374,10.8588,0.0879,1.6543,2.573
ffc153_Rep2_s6.png,0.2991,0.0118,-1.9278,0.4483,0.2865,1.5541,1.8691,0.0691,1.6478,3.0495
ffc153_Rep2_s7.png,0.0145,0.2587,-0.5872,0.7864,0.9854,1.062,36.1913,0.1082,0.9524,0.1575
ffc155_Rep1_s0.png,0.0075,0.1114,-0.953,0.4632,0.993,1.0708,37.1545,0.0706,0.9863,0.5944
ffc155_Rep1_s1.png,0.3089,0.0291,-1.5354,0.479,0.4728,1.4301,2.2793,0.0613,1.5001,2.129
ffc155_Rep1_s2.png,0.0475,0.0469,-1.3286,0.4344,0.8835,1.3505,11.6264,0.0381,1.383,2.3787
ffc155_Rep1_s3.png,0.0028,0.1216,-0.9151,0.4,0.9964,0.8865,48.7994,0.0814,0.4321,-0.7477
ffc155_Rep1_s4.png,0.1978,0.0227,-1.6448,0.3098,0.466,1.4126,3.1,0.0804,1.9696,5.781
ffc155_Rep1_s5.png,0.0051,0.1728,-0.7625,0.6058,0.9936,0.9852,54.8116,0.1085,0.5657,-0.5483
ffc155_Rep1_s6.png,0.07,0.0631,-1.1997,0.5441,0.8738,1.3263,8.8206,0.0766,1.7055,3.0965
ffc155_Rep1_s7.png,0.0061,0.155,-0.8097,0.5255,0.9901,1.0047,50.0961,0.0813,0.6929,-0.3305
ffc155_Rep2_s0.png,0.0076,0.1178,-0.9288,0.4821,0.9933,1.0535,36.8117,0.0709,1.1199,0.9414
ffc155_Rep2_s1.png,0.2265,0.0221,-1.6558,0.3509,0.4932,1.425,2.7137,0.0727,1.3318,1.6474
ffc155_Rep2_s2.png,0.0079,0.2643,-0.5778,0.7036,0.9846,0.9705,52.5298,0.0771,1.1135,1.1318
ffc155_Rep2_s3.png,0.0034,0.1053,-0.9777,0.3405,0.9949,0.9312,43.1466,0.08,0.5555,-0.5196
ffc155_Rep2_s4.png,0.2219,0.0194,-1.7125,0.3471,0.4641,1.4433,2.7267,0.0756,1.796,4.9503
ffc155_Rep2_s5.png,0.0056,0.1511,-0.8207,0.474,0.9925,0.9875,49.5652,0.1154,0.6089,-0.631
ffc155_Rep2_s6.png,0.1185,0.0445,-1.3519,0.5145,0.5939,1.3269,5.2834,0.0719,2.1809,5.4648
ffc155_Rep2_s7.png,0.0139,0.1591,-0.7982,0.6761,0.9727,1.1398,37.2279,0.1033,0.9619,0.3421
ffc156_Rep1_s0.png,0.0116,0.2047,-0.6888,0.6606,0.9866,1.0724,38.4408,0.1033,0.9147,0.3207
ffc156_Rep1_s1.png,0.3401,0.0105,-1.9786,0.5364,0.3357,1.5916,1.6766,0.0621,1.0834,0.5644
ffc156_Rep1_s2.png,0.1132,0.0209,-1.6799,0.421,0.4128,1.4086,5.1268,0.0355,1.6094,3.4377
ffc156_Rep1_s3.png,0.0767,0.0222,-1.6538,0.1824,0.5504,1.306,6.1415,0.0908,0.8347,-0.3036
ffc156_Rep1_s4.png,0.3355,0.0118,-1.9266,0.5505,0.4036,1.5736,1.7971,0.0666,1.5786,4.2685
ffc156_Rep1_s5.png,0.0679,0.0409,-1.3886,0.5316,0.7799,1.3988,8.281,0.0812,1.8459,3.6254
ffc156_Rep1_s6.png,0.3091,0.0166,-1.7804,0.5093,0.4304,1.5239,2.0217,0.0679,1.9343,3.9676
ffc156_Rep1_s7.png,0.413,0.0358,-1.4463,0.6173,0.4474,1.4385,1.8556,0.0621,2.2517,5.9475
ffc156_Rep2_s0.png,0.0201,0.146,-0.8355,0.5201,0.9592,1.1642,27.9698,0.0965,1.1102,0.4545
ffc156_Rep2_s1.png,0.3996,0.0128,-1.8924,0.6255,0.3547,1.5863,1.6375,0.0572,1.4714,2.1658
ffc156_Rep2_s2.png,0.0905,0.0215,-1.6667,0.3101,0.5963,1.3529,5.541,0.0314,1.7241,4.574
ffc156_Rep2_s3.png,0.0555,0.0333,-1.4782,0.232,0.8963,1.2383,8.4253,0.0809,1.1956,0.9582
ffc156_Rep2_s4.png,0.3454,0.0135,-1.8685,0.5673,0.3346,1.5593,1.7784,0.0709,1.1576,0.6604
ffc156_Rep2_s5.png,0.1648,0.0257,-1.5908,0.5804,0.8868,1.4631,3.8674,0.0837,2.081,4.707
ffc156_Rep2_s6.png,0.3549,0.0129,-1.8908,0.5362,0.2658,1.5707,1.7303,0.0753,1.7933,3.3473
ffc156_Rep2_s7.png,0.3964,0.0193,-1.7149,0.5879,0.3031,1.5253,1.7724,0.0657,2.0258,4.8535
ffc157_Rep1_s0.png,0.0101,0.1111,-0.9543,0.5299,0.9869,1.1042,37.4435,0.0829,0.8911,0.2137
ffc157_Rep1_s1.png,0.4032,0.014,-1.8534,0.6328,0.3362,1.5718,1.6408,0.0549,1.5871,2.5438
ffc157_Rep1_s2.png,0.0326,0.0622,-1.206,0.3884,0.8305,1.27,15.3019,0.0355,1.6553,3.4063
ffc157_Rep1_s3.png,0.0095,0.197,-0.7056,0.464,0.6388,0.8676,50.9195,0.0281,2.8751,10.6624
ffc157_Rep1_s4.png,0.3322,0.0158,-1.8019,0.5297,0.4341,1.5322,1.9202,0.0617,2.4879,12.0272
ffc157_Rep1_s5.png,0.0959,0.0435,-1.3617,0.5159,0.7201,1.3413,6.5279,0.0786,2.4884,7.3888
ffc157_Rep1_s6.png,0.3509,0.0151,-1.8219,0.5293,0.2358,1.5534,1.7771,0.0698,1.895,3.7692
ffc157_Rep1_s7.png,0.3647,0.0256,-1.5913,0.5593,0.4607,1.4713,1.962,0.0712,2.1616,5.0946
ffc157_Rep2_s0.png,0.0107,0.1232,-0.9094,0.5535,0.9869,1.1059,37.3029,0.0832,0.8837,0.1486
ffc157_Rep2_s1.png,0.4192,0.0165,-1.7832,0.6573,0.3569,1.5593,1.6363,0.055,1.5391,2.2754
ffc157_Rep2_s2.png,0.1745,0.0244,-1.6133,0.4426,0.4079,1.3859,3.6037,0.0374,2.545,8.7567
ffc157_Rep2_s3.png,0.0561,0.0298,-1.5252,0.1929,0.8966,1.2413,8.0414,0.0844,1.3902,2.5092
ffc157_Rep2_s4.png,0.3433,0.0129,-1.8899,0.5497,0.3438,1.5657,1.7793,0.064,1.9495,7.1349
ffc157_Rep2_s5.png,0.321,0.0113,-1.9466,0.5152,0.2342,1.5762,1.9309,0.0779,2.0391,4.7155
ffc157_Rep2_s6.png,0.3725,0.0145,-1.838,0.5606,0.2485,1.5596,1.7086,0.0702,2.0885,4.8597
ffc157_Rep2_s7.png,0.3519,0.0264,-1.5787,0.5376,0.4538,1.4623,2.0177,0.0698,2.0215,4.4923
ffc158_Rep1_s0.png,0.0108,0.1393,-0.8562,0.5787,0.9885,1.1036,37.2647,0.0848,1.0175,0.5032
ffc158_Rep1_s1.png,0.431,0.0201,-1.6964,0.6658,0.3245,1.5323,1.6637,0.0611,1.855,3.746
ffc158_Rep1_s2.png,0.0094,0.2391,-0.6213,0.6795,0.9795,1.0274,48.3462,0.0905,1.5399,2.9761
ffc158_Rep1_s3.png,0.0037,0.0956,-1.0195,0.3236,0.9943,0.9591,40.5193,0.0749,0.8452,-0.0184
ffc158_Rep1_s4.png,0.1977,0.0253,-1.5975,0.3105,0.5335,1.3887,3.1441,0.0773,1.9094,5.9274
ffc158_Rep1_s5.png,0.08,0.0402,-1.396,0.5381,0.6459,1.4204,7.2598,0.0756,2.1366,5.2176
ffc158_Rep1_s6.png,0.0209,0.163,-0.7878,0.4111,0.804,1.0746,26.3209,0.0951,1.0849,0.4992
ffc158_Rep1_s7.png,0.0195,0.2348,-0.6293,0.682,0.5458,1.0577,32.9787,0.0155,1.2178,3.0454
ffc158_Rep2_s0.png,0.0103,0.1141,-0.9429,0.5586,0.9891,1.1149,35.9146,0.0804,0.9711,0.3912
ffc158_Rep2_s1.png,0.4587,0.0256,-1.5918,0.7084,0.3262,1.507,1.6355,0.0596,1.8837,3.9872
ffc158_Rep2_s2.png,0.0471,0.0469,-1.3288,0.4474,0.81,1.2854,11.452,0.0381,1.6807,3.0712
ffc158_Rep2_s3.png,0.008,0.2609,-0.5836,0.6877,0.957,0.983,59.8117,0.1148,0.8059,-0.1683
ffc158_Rep2_s4.png,0.2602,0.0178,-1.7506,0.4071,0.4558,1.4757,2.3579,0.0695,1.3944,2.6549
ffc158_Rep2_s5.png,0.0641,0.0435,-1.3611,0.4347,0.6924,1.3803,8.5977,0.0781,1.9046,3.7694
ffc158_Rep2_s6.png,0.07,0.0307,-1.5132,0.284,0.9292,1.3295,6.5964,0.0915,1.3669,1.3123
ffc158_Rep2_s7.png,0.0441,0.1642,-0.7847,0.6204,0.627,1.1902,16.2054,0.0167,1.7381,5.5259
ffc159_Rep1_s0.png,0.0102,0.1068,-0.9715,0.5558,0.9899,1.1138,35.4074,0.0872,1.0779,0.6118
ffc159_Rep1_s1.png,0.151,0.0321,-1.4928,0.2336,0.3823,1.344,4.0277,0.0765,1.07,0.9442
ffc159_Rep1_s2.png,0.0353,0.0873,-1.0589,0.4424,0.3415,1.1061,15.4716,0.0302,2.2348,7.3269
ffc159_Rep1_s3.png,0.0044,0.1711,-0.7667,0.4659,0.9865,0.9162,62.7214,0.0662,0.5295,-0.3278
ffc159_Rep1_s4.png,0.1839,0.0333,-1.4779,0.2873,0.4648,1.3465,3.5111,0.0825,2.1328,6.5859
ffc159_Rep1_s5.png,0.0022,0.1014,-0.9938,0.3035,0.9954,0.8556,47.8615,0.1319,0.1325,-0.9641
ffc159_Rep1_s6.png,0.0531,0.0828,-1.0822,0.2139,0.9506,1.213,10.7079,0.0968,0.9943,0.4008
ffc159_Rep1_s7.png,0.0116,0.209,-0.6798,0.7055,0.9817,1.0732,41.2566,0.1042,0.9695,0.4992
ffc159_Rep2_s0.png,0.0107,0.1276,-0.894,0.5857,0.9897,1.1046,35.8619,0.0846,1.0487,0.498
ffc159_Rep2_s1.png,0.1555,0.0328,-1.4843,0.2404,0.3733,1.3442,3.9604,0.0752,1.0622,0.8625
ffc159_Rep2_s2.png,0.0131,0.1895,-0.7225,0.6969,0.9823,1.0795,37.7362,0.0958,1.3938,2.218
ffc159_Rep2_s3.png,0.0018,0.2903,-0.5371,0.5613,0.984,0.7178,104.7966,0.1311,0.4582,-0.6909
ffc159_Rep2_s4.png,0.1946,0.0282,-1.55,0.3046,0.514,1.3818,3.2404,0.0748,1.8332,5.0508
ffc159_Rep2_s5.png,0.0023,0.1018,-0.9922,0.3289,0.9955,0.8556,47.7178,0.1368,0.2121,-1.0136
ffc159_Rep2_s6.png,0.0617,0.0543,-1.265,0.4032,0.6589,1.346,9.3851,0.0828,1.631,2.5303
ffc159_Rep2_s7.png,0.0087,0.1856,-0.7315,0.6409,0.9908,1.0222,43.1656,0.1106,0.7644,-0.151
ffc15_Rep1_s0.png,0.013,0.1232,-0.9095,0.595,0.9856,1.148,34.7671,0.0874,0.9599,0.5768
ffc15_Rep1_s1.png,0.3754,0.0134,-1.8723,0.5889,0.3524,1.5727,1.6989,0.0605,1.3415,1.3886
ffc15_Rep1_s2.png,0.086,0.0439,-1.3579,0.4274,0.7617,1.2579,7.2056,0.0488,2.5134,7.4164
ffc15_Rep1_s3.png,0.0563,0.0378,-1.4226,0.2378,0.8998,1.2246,8.8053,0.0856,1.2596,1.5233
ffc15_Rep1_s4.png,0.2768,0.0111,-1.956,0.4625,0.3972,1.5524,1.9843,0.0756,1.0671,0.8497
ffc15_Rep1_s5.png,0.1404,0.0257,-1.59,0.5073,0.9023,1.4356,4.292,0.0842,2.0811,4.7538
ffc15_Rep1_s6.png,0.3314,0.013,-1.8844,0.5039,0.3367,1.5658,1.8176,0.0738,1.7726,3.3103
ffc15_Rep1_s7.png,0.3719,0.0211,-1.6767,0.5579,0.4063,1.5018,1.8612,0.0646,1.9778,4.7241
ffc15_Rep2_s0.png,0.1966,0.0218,-1.6606,0.4451,0.5956,1.4653,3.0948,0.0692,1.5307,2.5461
ffc15_Rep2_s1.png,0.3722,0.0126,-1.8982,0.5846,0.3669,1.5771,1.6796,0.0594,1.4006,1.7629
ffc15_Rep2_s2.png,0.1279,0.0168,-1.7746,0.3731,0.5247,1.415,4.1327,0.0367,2.0742,6.5107
ffc15_Rep2_s3.png,0.0525,0.0333,-1.4782,0.2248,0.9109,1.2479,8.7367,0.0765,1.241,1.2448
ffc15_Rep2_s4.png,0.2897,0.0133,-1.8753,0.493,0.3268,1.5379,2.0135,0.076,1.1945,0.6743
ffc15_Rep2_s5.png,0.0122,0.193,-0.7144,0.6985,0.9654,1.0515,42.591,0.1138,1.0984,0.9038
ffc15_Rep2_s6.png,0.3557,0.0128,-1.8929,0.539,0.2878,1.5707,1.7435,0.0691,1.7564,3.1827
ffc15_Rep2_s7.png,0.4241,0.0235,-1.6293,0.6274,0.3116,1.5049,1.7252,0.0635,2.1997,5.8406
ffc160_Rep1_s0.png,0.0092,0.1182,-0.9275,0.5252,0.9905,1.0935,37.452,0.0791,0.9484,0.5365
ffc160_Rep1_s1.png,0.215,0.0289,-1.5398,0.3327,0.5288,1.3851,3.0007,0.0712,1.2689,1.3996
ffc160_Rep1_s2.png,0.0081,0.2481,-0.6054,0.6946,0.984,0.9866,51.3454,0.0787,1.2767,1.7973
ffc160_Rep1_s3.png,0.0018,0.2988,-0.5246,0.5505,0.986,0.7221,102.7356,0.147,0.7245,-0.5444
ffc160_Rep1_s4.png,0.2518,0.0171,-1.7671,0.3923,0.3633,1.4704,2.3814,0.0693,1.607,3.415
ffc160_Rep1_s5.png,0.0059,0.1496,-0.8252,0.5237,0.993,0.9889,48.4301,0.1047,0.6827,0.1237
ffc160_Rep1_s6.png,0.0518,0.0763,-1.1172,0.4393,0.8353,1.2799,11.1476,0.0857,1.4028,1.7028
ffc160_Rep1_s7.png,0.0061,0.1502,-0.8232,0.5369,0.9909,1.0014,49.4377,0.0821,0.7577,-0.0416
ffc160_Rep2_s0.png,0.0091,0.1174,-0.9305,0.5169,0.9906,1.089,37.3998,0.0774,0.9504,0.5363
ffc160_Rep2_s1.png,0.2181,0.0246,-1.6094,0.3375,0.5193,1.4111,2.8733,0.073,1.3025,1.4993
ffc160_Rep2_s2.png,0.0084,0.2524,-0.5979,0.7135,0.9821,0.9847,51.0641,0.0844,1.4269,2.4848
ffc160_Rep2_s3.png,0.0018,0.3331,-0.4774,0.6122,0.981,0.8998,109.3346,0.1312,1.0173,0.3281
ffc160_Rep2_s4.png,0.1934,0.0289,-1.5391,0.3027,0.5105,1.3751,3.2833,0.0754,2.0347,6.4045
ffc160_Rep2_s5.png,0.0049,0.1768,-0.7526,0.6183,0.9939,0.9532,55.212,0.1053,0.7896,0.3214
ffc160_Rep2_s6.png,0.059,0.0719,-1.1431,0.2173,0.941,1.2324,9.6544,0.0924,1.072,0.628
ffc160_Rep2_s7.png,0.0063,0.133,-0.8763,0.5124,0.9902,1.0256,48.1681,0.0833,0.6777,-0.3598
ffc162_Rep1_s0.png,0.0089,0.1248,-0.9038,0.5415,0.9914,1.0686,37.4979,0.078,0.9816,0.4372
ffc162_Rep1_s1.png,0.4725,0.0255,-1.594,0.7335,0.3734,1.5097,1.6071,0.0598,1.7296,3.0547
ffc162_Rep1_s2.png,0.0272,0.0532,-1.2741,0.2627,0.6169,1.0704,17.1253,0.0317,1.5522,3.8277
ffc162_Rep1_s3.png,0.1354,0.0157,-1.8049,0.235,0.5259,1.4189,3.7385,0.081,1.5123,3.4483
ffc162_Rep1_s4.png,0.304,0.0107,-1.9705,0.4879,0.3637,1.572,1.8308,0.0677,0.9686,0.3062
ffc162_Rep1_s5.png,0.0639,0.0576,-1.2399,0.519,0.7887,1.3453,9.2206,0.0881,2.13,5.0182
ffc162_Rep1_s6.png,0.3266,0.0136,-1.8678,0.4861,0.2853,1.5572,1.8017,0.0753,1.6647,2.7917
ffc162_Rep1_s7.png,0.3425,0.0176,-1.7541,0.5174,0.4808,1.5126,1.9504,0.0707,2.1575,5.271
ffc162_Rep2_s0.png,0.0107,0.1434,-0.8436,0.5961,0.9883,1.0898,37.6848,0.0826,1.074,0.624
ffc162_Rep2_s1.png,0.4041,0.023,-1.6387,0.6287,0.3434,1.5019,1.7652,0.0611,1.5675,2.4399
ffc162_Rep2_s2.png,0.0237,0.1342,-0.8723,0.6456,0.7733,1.1561,25.7059,0.0588,1.7542,2.8708
ffc162_Rep2_s3.png,0.0092,0.2094,-0.6791,0.4848,0.6549,0.8744,50.773,0.0321,2.2829,6.6484
ffc162_Rep2_s4.png,0.2831,0.0158,-1.8017,0.4445,0.4826,1.5058,2.1372,0.0724,2.3382,8.8262
ffc162_Rep2_s5.png,0.0391,0.0771,-1.1129,0.4779,0.8531,1.2501,13.9354,0.0953,1.3427,1.3758
ffc162_Rep2_s6.png,0.3372,0.0146,-1.8355,0.4998,0.2395,1.5415,1.8113,0.0752,1.7019,2.9134
ffc162_Rep2_s7.png,0.0231,0.2696,-0.5693,0.6877,0.9671,1.1155,27.8295,0.0993,0.9063,0.2642
ffc164_Rep1_s0.png,0.0105,0.1111,-0.9541,0.5446,0.987,1.1037,37.0021,0.0807,0.8889,0.2403
ffc164_Rep1_s1.png,0.4119,0.0161,-1.7921,0.6471,0.342,1.5598,1.6529,0.0573,1.4805,1.9653
ffc164_Rep1_s2.png,0.1003,0.0208,-1.6821,0.3211,0.3515,1.3548,5.1746,0.0373,1.8574,5.0488
ffc164_Rep1_s3.png,0.0329,0.0617,-1.2095,0.2413,0.9369,1.1232,14.5871,0.0857,1.9304,4.8887
ffc164_Rep1_s4.png,0.297,0.0132,-1.8792,0.4781,0.444,1.5358,2.0019,0.0646,2.009,6.7165
ffc164_Rep1_s5.png,0.0913,0.0435,-1.3619,0.5181,0.7136,1.3562,6.6506,0.0806,2.4954,7.3463
ffc164_Rep1_s6.png,0.2555,0.0163,-1.7868,0.438,0.6386,1.4953,2.3179,0.0743,1.9719,4.0676
ffc164_Rep1_s7.png,0.3997,0.031,-1.5092,0.6098,0.4728,1.4553,1.8849,0.0682,2.308,6.0031
ffc164_Rep2_s0.png,0.0072,0.1221,-0.9132,0.4412,0.9928,1.0418,37.8134,0.0717,1.0425,1.1331
ffc164_Rep2_s1.png,0.4268,0.0181,-1.7428,0.673,0.3994,1.5477,1.656,0.0572,1.5945,2.5576
ffc164_Rep2_s2.png,0.0333,0.0491,-1.3088,0.3678,0.5143,1.209,14.785,0.0359,1.4649,2.9661
ffc164_Rep2_s3.png,0.0434,0.0273,-1.5642,0.2047,0.7494,1.2281,9.7409,0.0789,0.7802,-0.6208
ffc164_Rep2_s4.png,0.2469,0.0122,-1.9131,0.4095,0.5085,1.5211,2.2352,0.0684,2.2996,9.7077
ffc164_Rep2_s5.png,0.0449,0.101,-0.9957,0.5374,0.5322,1.2546,13.7808,0.0997,1.9303,3.7862
ffc164_Rep2_s6.png,0.3174,0.0137,-1.8625,0.4805,0.3474,1.5489,1.8941,0.0813,1.6164,2.3016
ffc164_Rep2_s7.png,0.3438,0.0255,-1.5933,0.5307,0.3835,1.4629,2.061,0.0689,2.1751,5.2815
ffc165_Rep1_s0.png,0.2633,0.0158,-1.8004,0.512,0.3208,1.5124,2.345,0.0679,1.5457,2.4576
ffc165_Rep1_s1.png,0.4177,0.0162,-1.791,0.6531,0.3811,1.5587,1.6483,0.0567,1.5338,2.1572
ffc165_Rep1_s2.png,0.0715,0.0378,-1.4223,0.376,0.8427,1.2505,7.824,0.0312,2.5099,12.1465
ffc165_Rep1_s3.png,0.0408,0.0425,-1.3716,0.2022,0.9112,1.1761,11.1705,0.0719,1.1384,0.4539
ffc165_Rep1_s4.png,0.2841,0.0137,-1.8648,0.4721,0.3553,1.529,2.0665,0.0719,1.2309,1.2543
ffc165_Rep1_s5.png,0.0629,0.0449,-1.3476,0.4817,0.8056,1.366,8.6956,0.0777,1.9089,3.6797
ffc165_Rep1_s6.png,0.3083,0.0133,-1.8777,0.4705,0.236,1.5521,1.8711,0.0658,1.6497,2.8691
ffc165_Rep1_s7.png,0.4317,0.0301,-1.5217,0.6349,0.3644,1.4725,1.7468,0.0672,2.122,5.1316
ffc165_Rep2_s0.png,0.08,0.0483,-1.3159,0.2905,0.9234,1.3068,7.4007,0.084,1.1892,1.0889
ffc165_Rep2_s1.png,0.3907,0.0131,-1.8831,0.6114,0.3484,1.5806,1.6533,0.0576,1.4666,2.017
ffc165_Rep2_s2.png,0.123,0.0219,-1.6601,0.3794,0.5558,1.3644,4.764,0.0317,1.7572,4.2768
ffc165_Rep2_s3.png,0.045,0.0362,-1.4407,0.2164,0.901,1.192,9.9651,0.0756,1.2074,0.8566
ffc165_Rep2_s4.png,0.2711,0.0109,-1.9627,0.4504,0.3737,1.5515,1.9968,0.0705,1.1141,1.1146
ffc165_Rep2_s5.png,0.048,0.0712,-1.1478,0.4452,0.706,1.3153,11.728,0.0924,1.5775,2.3445
ffc165_Rep2_s6.png,0.3475,0.0127,-1.8958,0.5241,0.2572,1.5773,1.7426,0.0685,1.8028,3.6176
ffc165_Rep2_s7.png,0.4277,0.0337,-1.4718,0.6286,0.3861,1.4535,1.7763,0.0673,2.0879,4.8197
ffc166_Rep1_s0.png,0.0078,0.1335,-0.8745,0.4235,0.9914,1.0524,39.3181,0.0748,0.9438,0.5795
ffc166_Rep1_s1.png,0.4071,0.0155,-1.8098,0.6403,0.3775,1.5607,1.6505,0.0588,1.5325,2.3283
ffc166_Rep1_s2.png,0.0447,0.0323,-1.4914,0.3429,0.8402,1.2435,10.2566,0.0313,2.0125,8.0162
ffc166_Rep1_s3.png,0.001,0.2996,-0.5234,0.7471,0.9948,0.7381,117.1058,0.0076,0.0442,-0.8303
ffc166_Rep1_s4.png,0.294,0.0155,-1.8083,0.4725,0.5575,1.5137,2.0628,0.0674,2.4623,11.0299
ffc166_Rep1_s5.png,0.0752,0.0538,-1.2695,0.5394,0.8572,1.3743,8.1278,0.0845,2.1888,5.4877
ffc166_Rep1_s6.png,0.2547,0.0179,-1.747,0.4371,0.6542,1.4872,2.3906,0.0743,1.7762,2.8378
ffc166_Rep1_s7.png,0.3304,0.0233,-1.6326,0.5099,0.4817,1.4703,2.0878,0.0709,2.0054,4.4558
ffc166_Rep2_s0.png,0.0067,0.1193,-0.9233,0.4272,0.993,1.0361,38.3525,0.0653,0.9624,0.875
ffc166_Rep2_s1.png,0.437,0.0185,-1.7334,0.6793,0.3976,1.5485,1.6251,0.0611,1.6204,2.677
ffc166_Rep2_s2.png,0.0279,0.043,-1.367,0.2562,0.5822,1.114,14.2322,0.0426,1.6741,3.2717
ffc166_Rep2_s3.png,0.0355,0.0851,-1.0699,0.2466,0.9413,1.0936,15.0909,0.0959,2.0366,5.0837
ffc166_Rep2_s4.png,0.3404,0.0131,-1.8814,0.541,0.3966,1.5636,1.7648,0.0671,2.1003,8.3752
ffc166_Rep2_s5.png,0.0078,0.175,-0.7569,0.6366,0.9927,1.0125,43.8008,0.0988,0.8907,0.4398
ffc166_Rep2_s6.png,0.3294,0.0142,-1.849,0.4976,0.2797,1.5417,1.8316,0.076,1.6421,2.6328
ffc166_Rep2_s7.png,0.4173,0.0245,-1.61,0.6159,0.3685,1.493,1.7524,0.0669,1.9989,4.6354
ffc167_Rep1_s0.png,0.0099,0.1032,-0.9865,0.5087,0.9873,1.1203,35.4717,0.0814,0.9437,0.4264
ffc167_Rep1_s1.png,0.401,0.0145,-1.84,0.6277,0.3657,1.5697,1.6446,0.0554,1.465,2.0404
ffc167_Rep1_s2.png,0.0187,0.0696,-1.1575,0.3899,0.8872,1.0474,22.5994,0.0502,1.5734,2.108
ffc167_Rep1_s3.png,0.0758,0.0256,-1.5918,0.2195,0.8277,1.3113,6.3795,0.0689,1.4752,3.4177
ffc167_Rep1_s4.png,0.3063,0.012,-1.9207,0.4854,0.3389,1.5535,1.9277,0.063,1.3062,2.2542
ffc167_Rep1_s5.png,0.0769,0.0457,-1.3399,0.3197,0.9419,1.2976,7.5104,0.098,1.1939,0.9146
ffc167_Rep1_s6.png,0.3406,0.0134,-1.8734,0.5059,0.3016,1.5638,1.7941,0.0735,1.88,3.6289
ffc167_Rep1_s7.png,0.0714,0.0851,-1.0702,0.5432,0.7866,1.2137,9.0248,0.0439,2.523,7.3099
ffc167_Rep2_s0.png,0.0076,0.1183,-0.9271,0.4575,0.9924,1.0492,36.7904,0.0744,0.9923,0.617
ffc167_Rep2_s1.png,0.3423,0.0162,-1.7901,0.5319,0.4216,1.5259,1.9121,0.0612,1.6623,2.9324
ffc167_Rep2_s2.png,0.0182,0.0487,-1.3125,0.3856,0.82,1.2401,20.2492,0.0525,1.7444,2.7524
ffc167_Rep2_s3.png,0.0154,0.1784,-0.7485,0.6237,0.9795,1.1157,34.4354,0.1164,0.9667,0.2809
ffc167_Rep2_s4.png,0.3593,0.0143,-1.845,0.5607,0.2895,1.554,1.7496,0.0612,1.3121,1.577
ffc167_Rep2_s5.png,0.0433,0.0484,-1.3153,0.4843,0.8798,1.3074,11.8583,0.0853,1.5362,1.7882
ffc167_Rep2_s6.png,0.3025,0.0153,-1.8161,0.4475,0.3789,1.5272,1.9583,0.0793,1.7991,3.2199
ffc167_Rep2_s7.png,0.3322,0.0185,-1.7339,0.4938,0.5005,1.5002,1.9546,0.0707,2.0737,4.914
ffc169_Rep1_s0.png,0.0113,0.1195,-0.9228,0.5385,0.9896,1.132,33.7962,0.0876,1.1374,0.7938
ffc169_Rep1_s1.png,0.416,0.0185,-1.7326,0.6458,0.2917,1.54,1.6817,0.0635,1.8227,3.5816
ffc169_Rep1_s2.png,0.0081,0.0983,-1.0076,0.3236,0.8221,1.143,35.1775,0.03,0.7827,0.9162
ffc169_Rep1_s3.png,0.004,0.1624,-0.7895,0.4452,0.9859,0.8819,67.7661,0.0636,0.4944,-0.3761
ffc169_Rep1_s4.png,0.1653,0.0278,-1.5553,0.2615,0.4581,1.3557,3.7737,0.086,2.033,6.0907
ffc169_Rep1_s5.png,0.0072,0.144,-0.8415,0.6075,0.9923,1.0289,44.7063,0.0982,0.8635,0.3048
ffc169_Rep1_s6.png,0.2956,0.0162,-1.7904,0.4427,0.3047,1.5082,2.0232,0.0768,2.0022,4.4697
ffc169_Rep1_s7.png,0.0089,0.1857,-0.7313,0.621,0.9853,1.0203,45.2066,0.1069,1.0695,0.5705
ffc169_Rep2_s0.png,0.0078,0.1231,-0.9096,0.4783,0.993,1.0568,37.4329,0.0687,1.1045,0.8731
ffc169_Rep2_s1.png,0.414,0.0236,-1.6271,0.6457,0.3698,1.5035,1.7417,0.0582,1.6183,2.5474
ffc169_Rep2_s2.png,0.0772,0.0374,-1.427,0.4539,0.7117,1.2661,7.3323,0.0391,2.2014,5.717
ffc169_Rep2_s3.png,0.0034,0.0985,-1.0067,0.3038,0.9946,0.943,40.7875,0.0793,0.5958,-0.5228
ffc169_Rep2_s4.png,0.3585,0.0138,-1.8596,0.56,0.2446,1.5596,1.7326,0.0729,2.8196,12.0786
ffc169_Rep2_s5.png,0.0117,0.1294,-0.8879,0.4888,0.9855,1.1073,34.3399,0.1075,0.907,0.1023
ffc169_Rep2_s6.png,0.304,0.021,-1.6786,0.4567,0.4341,1.4722,2.1366,0.0772,1.8566,3.4008
ffc169_Rep2_s7.png,0.0118,0.2159,-0.6657,0.7045,0.9886,1.0444,37.5167,0.0965,1.226,1.171
ffc16_Rep1_s0.png,0.0115,0.1933,-0.7139,0.6661,0.9862,1.0832,39.1836,0.093,0.8851,0.3635
ffc16_Rep1_s1.png,0.3556,0.0138,-1.8606,0.5562,0.3163,1.559,1.7651,0.0604,1.3445,1.4908
ffc16_Rep1_s2.png,0.056,0.0372,-1.4298,0.3428,0.7851,1.2236,9.8979,0.035,1.6962,3.9252
ffc16_Rep1_s3.png,0.0186,0.1316,-0.8807,0.4243,0.924,0.9612,29.9489,0.06,1.3818,0.9126
ffc16_Rep1_s4.png,0.2787,0.0103,-1.9892,0.4554,0.3635,1.5648,1.9405,0.0785,1.028,0.589
ffc16_Rep1_s5.png,0.2356,0.0183,-1.7372,0.4236,0.7376,1.478,2.7015,0.0842,2.0489,4.5586
ffc16_Rep1_s6.png,0.3333,0.0145,-1.8372,0.501,0.214,1.5494,1.8136,0.068,1.8365,3.6553
ffc16_Rep1_s7.png,0.3718,0.02,-1.6998,0.5516,0.3153,1.5099,1.8193,0.0689,1.8711,3.9631
ffc16_Rep2_s0.png,0.0123,0.1069,-0.9709,0.5413,0.988,1.1414,33.3929,0.0773,0.8151,0.1788
ffc16_Rep2_s1.png,0.3472,0.013,-1.8852,0.5428,0.3155,1.5625,1.7783,0.0631,1.3433,1.5631
ffc16_Rep2_s2.png,0.0962,0.0241,-1.6172,0.3401,0.6378,1.3376,5.8631,0.0357,2.0224,5.5682
ffc16_Rep2_s3.png,0.0287,0.053,-1.2755,0.2849,0.9699,1.0829,16.8053,0.0708,1.0303,0.0509
ffc16_Rep2_s4.png,0.3204,0.0089,-2.0505,0.5165,0.3046,1.6052,1.7164,0.0724,1.0845,0.8094
ffc16_Rep2_s5.png,0.2148,0.0203,-1.6934,0.3969,0.7819,1.4699,2.9792,0.0844,2.018,4.4532
ffc16_Rep2_s6.png,0.3235,0.0135,-1.8683,0.4879,0.25,1.553,1.8352,0.0731,1.6923,2.7755
ffc16_Rep2_s7.png,0.3602,0.0184,-1.7355,0.5327,0.3066,1.5171,1.8448,0.0679,1.8986,4.2876
ffc170_Rep1_s0.png,0.0104,0.1023,-0.9903,0.5215,0.9874,1.1258,36.0534,0.0804,0.9608,0.461
ffc170_Rep1_s1.png,0.4267,0.0171,-1.7665,0.667,0.3791,1.5592,1.6292,0.0586,1.4819,1.8942
ffc170_Rep1_s2.png,0.0961,0.0239,-1.6219,0.3386,0.5416,1.3466,5.7064,0.0377,1.7285,3.8918
ffc170_Rep1_s3.png,0.0107,0.1606,-0.7942,0.4825,0.7197,0.8852,44.3657,0.0391,2.3703,7.1616
ffc170_Rep1_s4.png,0.3004,0.0143,-1.8439,0.4824,0.5594,1.5292,1.9968,0.0682,2.4565,10.8683
ffc170_Rep1_s5.png,0.0663,0.0502,-1.2994,0.543,0.8853,1.3719,8.7528,0.0871,2.135,5.1333
ffc170_Rep1_s6.png,0.2507,0.0164,-1.7842,0.4295,0.6605,1.4997,2.3343,0.0759,1.8498,3.4854
ffc170_Rep1_s7.png,0.3425,0.0215,-1.6674,0.5265,0.4681,1.4858,2.0094,0.0713,2.2992,5.8179
ffc170_Rep2_s0.png,0.0112,0.1345,-0.8713,0.5789,0.9871,1.1163,36.8628,0.0835,0.9372,0.2566
ffc170_Rep2_s1.png,0.4231,0.017,-1.7705,0.6611,0.3793,1.5552,1.6301,0.057,1.4838,2.0238
ffc170_Rep2_s2.png,0.0226,0.04,-1.3974,0.2622,0.7419,1.1178,15.6017,0.0321,1.3719,2.5263
ffc170_Rep2_s3.png,0.0117,0.1662,-0.7793,0.492,0.6395,0.9028,42.7373,0.0309,2.0052,5.2181
ffc170_Rep2_s4.png,0.2583,0.0149,-1.8255,0.4096,0.5289,1.4955,2.2865,0.067,2.2595,9.6823
ffc170_Rep2_s5.png,0.0311,0.0832,-1.08,0.3618,0.4752,1.2194,17.0024,0.1023,1.1262,0.6978
ffc170_Rep2_s6.png,0.3125,0.0135,-1.8708,0.4739,0.2894,1.5403,1.8763,0.0719,1.7364,3.0557
ffc170_Rep2_s7.png,0.0249,0.2413,-0.6175,0.5887,0.9671,1.1407,25.9585,0.096,0.9407,0.2618
ffc171_Rep1_s0.png,0.0101,0.1243,-0.9054,0.5814,0.9912,1.0929,35.6733,0.0816,1.0529,0.4564
ffc171_Rep1_s1.png,0.3772,0.0185,-1.7337,0.5832,0.3505,1.5252,1.8291,0.0645,1.6469,2.731
ffc171_Rep1_s2.png,0.0625,0.0542,-1.266,0.4735,0.8201,1.245,9.6268,0.0418,2.2805,6.8198
ffc171_Rep1_s3.png,0.0031,0.1157,-0.9365,0.3422,0.9952,0.9234,45.1859,0.0859,0.6895,-0.2374
ffc171_Rep1_s4.png,0.3093,0.0147,-1.8341,0.4823,0.1792,1.5266,1.9403,0.0615,1.1275,1.1798
ffc171_Rep1_s5.png,0.0298,0.0818,-1.0872,0.3764,0.885,1.2361,17.2485,0.0713,2.0001,4.4325
ffc171_Rep1_s6.png,0.168,0.0375,-1.4256,0.5249,0.827,1.3685,3.768,0.0747,1.9169,3.8844
ffc171_Rep1_s7.png,0.018,0.2738,-0.5626,0.7296,0.977,1.0968,33.0167,0.1051,0.923,0.1784
ffc171_Rep2_s0.png,0.01,0.1294,-0.8881,0.5942,0.9912,1.0953,36.1224,0.0812,1.1259,0.6605
ffc171_Rep2_s1.png,0.397,0.0199,-1.7016,0.6148,0.3661,1.5226,1.761,0.0551,1.6635,2.9934
ffc171_Rep2_s2.png,0.086,0.0361,-1.4428,0.4437,0.8746,1.2727,6.8736,0.0435,2.2432,6.0934
ffc171_Rep2_s3.png,0.0041,0.0953,-1.0209,0.3264,0.994,0.9613,39.2085,0.0869,0.9057,0.1323
ffc171_Rep2_s4.png,0.2354,0.018,-1.7445,0.3682,0.4544,1.4626,2.5657,0.0721,2.3628,9.1592
ffc171_Rep2_s5.png,0.1507,0.0351,-1.4551,0.4822,0.8448,1.3731,4.2148,0.0811,2.2523,6.022
ffc171_Rep2_s6.png,0.1833,0.0349,-1.4576,0.5536,0.8253,1.3979,3.5206,0.0728,2.0739,4.7851
ffc171_Rep2_s7.png,0.0129,0.1631,-0.7876,0.633,0.9735,1.1187,38.4173,0.0972,0.9849,0.425
ffc173_Rep1_s0.png,0.0123,0.0887,-1.0522,0.4142,0.8431,1.11,30.9457,0.0206,0.6398,0.1664
ffc173_Rep1_s1.png,0.3979,0.0141,-1.8506,0.6215,0.3335,1.5739,1.6485,0.0612,1.484,2.1026
ffc173_Rep1_s2.png,0.0275,0.0506,-1.2962,0.3726,0.3134,1.265,16.193,0.0326,1.7971,4.3878
ffc173_Rep1_s3.png,0.0144,0.1273,-0.8952,0.4624,0.6315,0.953,36.1126,0.0414,1.6386,2.6249
ffc173_Rep1_s4.png,0.3015,0.0131,-1.8832,0.484,0.4196,1.539,1.9867,0.0675,2.3234,9.3877
ffc173_Rep1_s5.png,0.006,0.1748,-0.7573,0.6025,0.9927,0.9772,50.8407,0.1026,0.6717,-0.1132
ffc173_Rep1_s6.png,0.2086,0.0159,-1.7997,0.3552,0.7327,1.4804,2.6424,0.0768,1.7455,2.9822
ffc173_Rep1_s7.png,0.3951,0.0384,-1.4154,0.6039,0.5031,1.4173,1.9606,0.0705,2.3986,6.4588
ffc173_Rep2_s0.png,0.0106,0.1099,-0.959,0.5512,0.9869,1.117,36.7697,0.0823,0.8071,0.0291
ffc173_Rep2_s1.png,0.3918,0.0135,-1.8688,0.6117,0.3338,1.5765,1.6408,0.0621,1.4207,1.9244
ffc173_Rep2_s2.png,0.1255,0.0196,-1.7086,0.362,0.4383,1.3761,4.36,0.0363,2.0412,5.424
ffc173_Rep2_s3.png,0.0081,0.122,-0.9135,0.4728,0.8732,0.9664,48.995,0.0367,2.1775,6.0618
ffc173_Rep2_s4.png,0.2631,0.0118,-1.9271,0.4273,0.4827,1.5332,2.1114,0.0663,2.5213,11.8413
ffc173_Rep2_s5.png,0.0547,0.0525,-1.28,0.4737,0.8063,1.3265,9.9265,0.0871,1.6486,2.5035
ffc173_Rep2_s6.png,0.1518,0.021,-1.6782,0.3522,0.574,1.4211,3.5855,0.0703,1.7838,3.0314
ffc173_Rep2_s7.png,0.44,0.0382,-1.4181,0.6577,0.406,1.4329,1.7708,0.0632,2.2125,5.4075
ffc174_Rep1_s0.png,0.009,0.1191,-0.9239,0.5355,0.9906,1.0808,37.8425,0.0808,0.9576,0.4281
ffc174_Rep1_s1.png,0.3825,0.0154,-1.8131,0.6046,0.3452,1.556,1.6978,0.0566,1.4592,2.077
ffc174_Rep1_s2.png,0.1299,0.0202,-1.6939,0.3854,0.4241,1.3669,4.4418,0.0352,1.7555,3.8927
ffc174_Rep1_s3.png,0.0267,0.0428,-1.3687,0.2003,0.9001,1.113,15.8839,0.0835,1.0395,-0.1812
ffc174_Rep1_s4.png,0.2575,0.012,-1.9212,0.4218,0.5051,1.5282,2.1586,0.0641,1.7836,5.9081
ffc174_Rep1_s5.png,0.0389,0.0946,-1.0241,0.4557,0.6243,1.2412,14.3276,0.1035,1.6698,2.6592
ffc174_Rep1_s6.png,0.1967,0.022,-1.6584,0.4111,0.6297,1.4318,2.9915,0.0703,1.7706,3.0505
ffc174_Rep1_s7.png,0.3598,0.0269,-1.57,0.5548,0.4591,1.4621,1.9976,0.0667,2.0988,4.9294
ffc174_Rep2_s0.png,0.0098,0.1016,-0.9932,0.5137,0.9872,1.1243,35.8209,0.0783,0.7918,0.0857
ffc174_Rep2_s1.png,0.4147,0.0161,-1.7937,0.6536,0.3695,1.5621,1.6389,0.0553,1.5323,2.267
ffc174_Rep2_s2.png,0.0785,0.0342,-1.4664,0.3468,0.8395,1.2755,7.0974,0.0333,2.3632,7.9918
ffc174_Rep2_s3.png,0.1351,0.0152,-1.8183,0.2392,0.4646,1.4149,3.6856,0.0867,1.0885,1.1336
ffc174_Rep2_s4.png,0.3013,0.0117,-1.9319,0.4899,0.4821,1.5595,1.9059,0.0633,2.3539,10.6891
ffc174_Rep2_s5.png,0.0634,0.0517,-1.2867,0.4487,0.8115,1.3557,8.9448,0.0852,2.3129,5.8079
ffc174_Rep2_s6.png,0.3055,0.0123,-1.9118,0.4672,0.2312,1.5514,1.8839,0.0682,1.8894,4.113
ffc174_Rep2_s7.png,0.3682,0.0247,-1.6066,0.5657,0.4537,1.4779,1.9484,0.067,2.1753,5.2537
ffc176_Rep1_s0.png,0.0082,0.1222,-0.913,0.4669,0.9917,1.0628,36.5151,0.0738,0.7533,-0.0137
ffc176_Rep1_s1.png,0.3446,0.0119,-1.9255,0.5399,0.2901,1.577,1.6998,0.0621,1.207,1.1662
ffc176_Rep1_s2.png,0.0627,0.0347,-1.4601,0.3536,0.8276,1.2425,8.76,0.0338,2.3544,8.5904
ffc176_Rep1_s3.png,0.0294,0.0795,-1.0997,0.3521,0.95,1.0695,18.6077,0.0712,0.9553,-0.3048
ffc176_Rep1_s4.png,0.2995,0.0105,-1.9782,0.4834,0.4234,1.5691,1.8936,0.0686,2.3998,10.2655
ffc176_Rep1_s5.png,0.0386,0.0985,-1.0067,0.4592,0.2847,1.2484,14.8211,0.1003,1.6201,2.5202
ffc176_Rep1_s6.png,0.0113,0.1465,-0.8342,0.5992,0.9847,1.1012,37.9828,0.0839,0.7506,0.1266
ffc176_Rep1_s7.png,0.0314,0.0871,-1.06,0.4408,0.7507,1.2164,16.962,0.0944,1.4521,1.8868
ffc176_Rep2_s0.png,0.0077,0.1186,-0.9259,0.4552,0.9923,1.0601,36.4746,0.0751,1.0846,1.2179
ffc176_Rep2_s1.png,0.3553,0.0119,-1.9237,0.5595,0.3056,1.5805,1.6766,0.0562,1.3266,1.8539
ffc176_Rep2_s2.png,0.0493,0.0261,-1.5838,0.2988,0.8588,1.2392,8.9028,0.0341,1.5194,3.2001
ffc176_Rep2_s3.png,0.0417,0.037,-1.4315,0.1949,0.8196,1.1824,11.364,0.0631,1.0181,-0.0312
ffc176_Rep2_s4.png,0.2862,0.0117,-1.931,0.4596,0.4326,1.5471,2.0124,0.074,2.8113,12.4826
ffc176_Rep2_s5.png,0.0362,0.0962,-1.0167,0.45,0.7053,1.222,14.9106,0.1014,1.7829,3.1455
ffc176_Rep2_s6.png,0.059,0.0489,-1.3111,0.3164,0.4976,1.3457,8.6982,0.082,1.8421,3.2401
ffc176_Rep2_s7.png,0.2678,0.0258,-1.5888,0.4772,0.7112,1.457,2.5387,0.0666,2.195,5.5882
ffc177_Rep1_s0.png,0.0074,0.1114,-0.9529,0.4464,0.9926,1.0715,36.5804,0.0687,0.7749,0.332
ffc177_Rep1_s1.png,0.3112,0.0108,-1.966,0.4913,0.3002,1.5715,1.7753,0.0597,1.0728,1.3069
ffc177_Rep1_s2.png,0.0541,0.0365,-1.438,0.3682,0.8648,1.2152,9.8193,0.0366,2.3561,7.7426
ffc177_Rep1_s3.png,0.0099,0.1556,-0.8079,0.4513,0.7504,0.8901,46.2723,0.027,2.5303,8.638
ffc177_Rep1_s4.png,0.2176,0.022,-1.6572,0.3451,0.5716,1.4144,2.8084,0.0802,2.4546,9.4718
ffc177_Rep1_s5.png,0.2885,0.0161,-1.7931,0.4647,0.3927,1.5151,2.2182,0.0871,1.7402,2.9512
ffc177_Rep1_s6.png,0.2423,0.0224,-1.65,0.4925,0.6235,1.4443,2.5806,0.0624,2.2481,6.1375
ffc177_Rep1_s7.png,0.0114,0.2139,-0.6699,0.7179,0.9873,1.0487,38.9322,0.1006,1.0993,0.5828
ffc177_Rep2_s0.png,0.0109,0.1507,-0.822,0.4605,0.8625,1.0232,38.8659,0.019,0.7211,0.0153
ffc177_Rep2_s1.png,0.3056,0.0104,-1.9836,0.4864,0.3393,1.5737,1.778,0.0639,1.6753,4.1682
ffc177_Rep2_s2.png,0.1185,0.0286,-1.544,0.444,0.3631,1.342,5.1384,0.0428,2.312,5.8658
ffc177_Rep2_s3.png,0.0095,0.1833,-0.7369,0.4659,0.7152,0.8765,49.0848,0.0343,2.598,8.4458
ffc177_Rep2_s4.png,0.3494,0.0129,-1.8905,0.5499,0.364,1.5613,1.7815,0.0657,1.8731,5.6191
ffc177_Rep2_s5.png,0.0749,0.0373,-1.4277,0.2955,0.9305,1.321,7.0161,0.095,1.1148,0.5391
ffc177_Rep2_s6.png,0.2931,0.0166,-1.7789,0.4755,0.5715,1.5108,2.0438,0.0752,1.7483,3.0182
ffc177_Rep2_s7.png,0.0165,0.2725,-0.5646,0.807,0.9757,1.074,34.8025,0.098,1.0614,0.7281
ffc177_Rep3_s0.png,0.0076,0.1154,-0.9377,0.4701,0.9929,1.0575,36.8429,0.0692,0.9611,0.6797
ffc177_Rep3_s1.png,0.326,0.0107,-1.9703,0.5088,0.2739,1.5832,1.7172,0.0636,1.0324,0.8614
ffc177_Rep3_s2.png,0.0529,0.0367,-1.4354,0.3635,0.8568,1.2067,10.0772,0.0344,2.1609,7.1758
ffc177_Rep3_s3.png,0.0148,0.269,-0.5703,0.6,0.6674,0.8854,40.3141,0.0481,2.0361,3.9366
ffc177_Rep3_s4.png,0.2437,0.0144,-1.8402,0.3854,0.48,1.4896,2.3555,0.075,2.1721,8.0891
ffc177_Rep3_s5.png,0.0055,0.175,-0.7569,0.6767,0.9932,0.9596,53.8036,0.1042,0.6059,-0.42
ffc177_Rep3_s6.png,0.2373,0.0225,-1.647,0.4748,0.6311,1.4474,2.5935,0.0604,2.2817,6.4975
ffc177_Rep3_s7.png,0.0088,0.2074,-0.6833,0.6266,0.9854,1.0098,46.0438,0.1125,0.6826,-0.4103
ffc177_Rep4_s0.png,0.0077,0.1155,-0.9376,0.4705,0.9929,1.0643,36.4284,0.0711,1.016,0.9028
ffc177_Rep4_s1.png,0.3385,0.0102,-1.9916,0.528,0.2351,1.5947,1.6845,0.0613,1.1066,1.201
ffc177_Rep4_s2.png,0.0502,0.0258,-1.5884,0.3118,0.8456,1.2592,8.4668,0.0307,2.0861,7.3507
ffc177_Rep4_s3.png,0.0101,0.1631,-0.7876,0.49,0.7348,0.8767,46.9109,0.0264,3.2259,14.6095
ffc177_Rep4_s4.png,0.2905,0.0122,-1.9129,0.4576,0.3428,1.5443,1.96,0.0665,1.7878,6.3451
ffc177_Rep4_s5.png,0.0095,0.1616,-0.7917,0.5103,0.9914,1.0677,36.8909,0.0952,0.921,0.3904
ffc177_Rep4_s6.png,0.1817,0.0256,-1.5923,0.4337,0.7545,1.4222,3.2529,0.0743,1.7622,2.8784
ffc177_Rep4_s7.png,0.019,0.2847,-0.5457,0.7647,0.982,1.0962,30.7679,0.1051,1.025,0.2641
ffc178_Rep1_s0.png,0.0081,0.1171,-0.9314,0.4788,0.9923,1.0695,36.4715,0.0724,0.8966,0.5161
ffc178_Rep1_s1.png,0.3687,0.0126,-1.899,0.5818,0.3825,1.5789,1.6758,0.0605,1.6643,3.6002
ffc178_Rep1_s2.png,0.0623,0.037,-1.4318,0.3162,0.7773,1.2302,8.7195,0.0411,2.0803,5.7571
ffc178_Rep1_s3.png,0.017,0.1671,-0.7771,0.5628,0.5014,0.9498,35.3457,0.0516,1.812,3.2182
ffc178_Rep1_s4.png,0.2707,0.0153,-1.8151,0.4304,0.5178,1.5036,2.2238,0.0735,2.8249,12.7681
ffc178_Rep1_s5.png,0.0052,0.1867,-0.729,0.6908,0.9931,0.9512,55.4787,0.1076,0.5944,-0.4853
ffc178_Rep1_s6.png,0.2026,0.0178,-1.7501,0.3706,0.7669,1.4601,2.7544,0.081,1.6118,2.4306
ffc178_Rep1_s7.png,0.4328,0.0424,-1.3727,0.6609,0.3555,1.4193,1.8252,0.0709,2.1713,5.13
ffc178_Rep2_s0.png,0.009,0.122,-0.9136,0.5435,0.9911,1.076,37.1005,0.0799,0.9253,0.3556
ffc178_Rep2_s1.png,0.3494,0.0116,-1.9339,0.552,0.362,1.5791,1.6914,0.0597,1.5413,2.7805
ffc178_Rep2_s2.png,0.0631,0.032,-1.4948,0.313,0.7825,1.2566,8.1555,0.0431,2.043,5.0082
ffc178_Rep2_s3.png,0.0016,0.138,-0.8603,0.4221,0.998,0.7255,58.5908,0.011,1.5608,3.1996
ffc178_Rep2_s4.png,0.3271,0.0139,-1.8566,0.5229,0.4771,1.5399,1.9424,0.0687,2.2353,7.4013
ffc178_Rep2_s5.png,0.0049,0.1421,-0.8473,0.6306,0.9933,0.9596,55.2128,0.1075,0.3943,-0.8338
ffc178_Rep2_s6.png,0.1831,0.0256,-1.5923,0.4371,0.8001,1.4585,3.2422,0.0716,1.6452,2.7278
ffc178_Rep2_s7.png,0.3574,0.03,-1.5236,0.5515,0.487,1.4442,2.0504,0.0651,2.1876,5.2601
ffc178_Rep3_s0.png,0.0065,0.1058,-0.9753,0.4019,0.9929,1.0479,37.7175,0.0698,0.9842,0.8072
ffc178_Rep3_s1.png,0.3753,0.0152,-1.8183,0.594,0.3632,1.5535,1.7076,0.0578,1.5604,2.6143
ffc178_Rep3_s2.png,0.0632,0.0276,-1.5585,0.3067,0.8152,1.2747,7.9862,0.0373,1.5441,3.2644
ffc178_Rep3_s3.png,0.0127,0.0991,-1.0041,0.2777,0.9423,0.9419,33.5457,0.0689,1.4683,1.2169
ffc178_Rep3_s4.png,0.3191,0.0142,-1.8474,0.5126,0.4374,1.5376,1.9397,0.0688,2.6028,11.4186
ffc178_Rep3_s5.png,0.0618,0.0485,-1.3139,0.5257,0.8108,1.3622,9.1383,0.0839,1.8361,3.414
ffc178_Rep3_s6.png,0.1558,0.0281,-1.5507,0.4485,0.8315,1.4405,3.8458,0.0736,1.567,2.3548
ffc178_Rep3_s7.png,0.3253,0.0227,-1.6441,0.5053,0.4535,1.4712,2.0948,0.067,1.8631,3.7713
ffc178_Rep4_s0.png,0.0076,0.12,-0.9208,0.4603,0.9924,1.0613,37.054,0.0714,0.776,0.1704
ffc178_Rep4_s1.png,0.3564,0.0126,-1.8993,0.5595,0.3546,1.5733,1.6904,0.0594,1.3521,1.7076
ffc178_Rep4_s2.png,0.0346,0.0484,-1.3156,0.304,0.6581,1.1251,14.0268,0.044,1.3983,2.0613
ffc178_Rep4_s3.png,0.0182,0.1059,-0.975,0.3125,0.912,0.9726,29.019,0.0712,1.5208,1.394
ffc178_Rep4_s4.png,0.2993,0.0125,-1.9022,0.4751,0.4053,1.5439,1.9804,0.0646,2.7824,14.2634
ffc178_Rep4_s5.png,0.0052,0.17,-0.7695,0.67,0.9918,0.9623,55.7988,0.1014,0.6361,-0.4682
ffc178_Rep4_s6.png,0.3038,0.0135,-1.8701,0.4554,0.2749,1.5433,1.9066,0.0783,1.4867,1.8735
ffc178_Rep4_s7.png,0.3717,0.0248,-1.6054,0.5683,0.4744,1.477,1.9344,0.0662,2.0796,4.6837
ffc179_Rep1_s0.png,0.0077,0.1225,-0.912,0.462,0.9924,1.0497,36.8646,0.0764,0.9873,0.8621
ffc179_Rep1_s1.png,0.4045,0.0155,-1.8087,0.6397,0.39,1.5675,1.6609,0.0563,1.6534,3.0107
ffc179_Rep1_s2.png,0.062,0.0328,-1.4837,0.3428,0.8504,1.2339,8.4463,0.0359,2.3466,9.2137
ffc179_Rep1_s3.png,0.0537,0.0276,-1.5589,0.1895,0.8983,1.2421,8.2793,0.0759,0.9512,-0.0809
ffc179_Rep1_s4.png,0.3412,0.0115,-1.9388,0.5493,0.4105,1.5806,1.7774,0.0613,2.6251,12.8879
ffc179_Rep1_s5.png,0.1257,0.0257,-1.5897,0.477,0.9151,1.4271,4.6713,0.0874,1.9979,4.3095
ffc179_Rep1_s6.png,0.2982,0.0131,-1.8825,0.4555,0.3479,1.5508,1.9423,0.0778,1.7916,3.2392
ffc179_Rep1_s7.png,0.387,0.0353,-1.4522,0.597,0.4704,1.4344,1.9513,0.063,2.1499,4.9398
ffc179_Rep2_s0.png,0.0102,0.1016,-0.9931,0.5041,0.9866,1.1184,35.1538,0.0838,0.8896,0.3342
ffc179_Rep2_s1.png,0.3932,0.0146,-1.8353,0.6222,0.3985,1.5693,1.6546,0.053,1.6606,3.2307
ffc179_Rep2_s2.png,0.0539,0.0275,-1.5613,0.3011,0.847,1.2458,8.373,0.0371,1.9507,5.1334
ffc179_Rep2_s3.png,0.0549,0.0303,-1.5189,0.1917,0.8997,1.2294,8.3309,0.082,0.9609,0.1792
ffc179_Rep2_s4.png,0.2842,0.0123,-1.9103,0.4606,0.4949,1.5426,2.0599,0.0629,2.5536,12.4594
ffc179_Rep2_s5.png,0.0099,0.1892,-0.723,0.542,0.9912,1.0506,36.7928,0.0968,0.8824,0.2684
ffc179_Rep2_s6.png,0.2882,0.0139,-1.8567,0.441,0.3033,1.5409,1.9924,0.0765,1.7362,3.0424
ffc179_Rep2_s7.png,0.4142,0.0374,-1.4276,0.6328,0.454,1.4325,1.8675,0.0643,2.1208,4.7659
ffc17_Rep1_s0.png,0.013,0.207,-0.684,0.6524,0.9891,1.0838,34.9648,0.1017,0.9221,0.3551
ffc17_Rep1_s1.png,0.3886,0.0138,-1.861,0.6082,0.3702,1.5742,1.6726,0.0584,1.472,1.9905
ffc17_Rep1_s2.png,0.0378,0.0493,-1.307,0.2688,0.7307,1.1248,13.7154,0.034,2.0398,5.9226
ffc17_Rep1_s3.png,0.0553,0.0279,-1.5546,0.2508,0.8733,1.2623,8.1085,0.0744,1.3461,1.6274
ffc17_Rep1_s4.png,0.2998,0.0124,-1.907,0.4903,0.3162,1.5502,1.9249,0.068,1.1851,0.9965
ffc17_Rep1_s5.png,0.1547,0.0242,-1.6158,0.3998,0.8822,1.4593,3.9447,0.0832,1.9191,3.9344
ffc17_Rep1_s6.png,0.325,0.0133,-1.8748,0.4945,0.2263,1.5599,1.8329,0.0729,1.7437,3.0907
ffc17_Rep1_s7.png,0.398,0.0224,-1.6494,0.589,0.3323,1.5045,1.7848,0.072,2.0273,4.8061
ffc17_Rep2_s0.png,0.0134,0.1532,-0.8149,0.6266,0.9864,1.136,35.3928,0.1023,0.9054,0.3522
ffc17_Rep2_s1.png,0.4325,0.0169,-1.7733,0.6758,0.3906,1.5611,1.6252,0.0567,1.5697,2.3274
ffc17_Rep2_s2.png,0.0622,0.0303,-1.5184,0.3318,0.832,1.2557,8.1571,0.029,1.9321,6.2662
ffc17_Rep2_s3.png,0.0666,0.0274,-1.5616,0.2489,0.8813,1.2915,7.2394,0.0882,1.4564,2.4353
ffc17_Rep2_s4.png,0.2912,0.0124,-1.9077,0.4822,0.3278,1.5452,1.9576,0.0716,1.1222,0.5929
ffc17_Rep2_s5.png,0.1586,0.0247,-1.6073,0.5141,0.8859,1.4624,4.0339,0.081,2.2021,5.4849
ffc17_Rep2_s6.png,0.3491,0.0136,-1.868,0.5297,0.2466,1.5604,1.7649,0.0764,1.8209,3.3927
ffc17_Rep2_s7.png,0.3941,0.0208,-1.6822,0.5841,0.3164,1.5146,1.7749,0.0661,2.0351,5.2302
ffc180_Rep1_s0.png,0.0074,0.1305,-0.8843,0.4418,0.7048,1.2293,48.2479,0.0343,1.0736,0.8528
ffc180_Rep1_s1.png,0.349,0.0125,-1.9037,0.5489,0.2924,1.5715,1.7167,0.0577,1.136,0.962
ffc180_Rep1_s2.png,0.0939,0.0232,-1.6353,0.3207,0.6592,1.3262,5.8405,0.0356,1.6634,4.3296
ffc180_Rep1_s3.png,0.0421,0.0455,-1.3424,0.1956,0.9084,1.1407,12.302,0.0772,0.9859,-0.2058
ffc180_Rep1_s4.png,0.2431,0.0129,-1.8901,0.3936,0.5888,1.5064,2.3455,0.0653,2.0634,7.8084
ffc180_Rep1_s5.png,0.0065,0.1519,-0.8186,0.6353,0.9926,0.9975,48.0731,0.1026,0.648,-0.4942
ffc180_Rep1_s6.png,0.0348,0.0652,-1.1856,0.311,0.9179,1.2592,13.7272,0.0268,2.7789,12.208
ffc180_Rep1_s7.png,0.0439,0.1767,-0.7527,0.6068,0.5993,1.1821,14.9581,0.0411,2.4348,7.2638
ffc180_Rep2_s0.png,0.0109,0.1382,-0.8595,0.5104,0.7986,1.0828,43.1873,0.0389,1.3774,2.3727
ffc180_Rep2_s1.png,0.3376,0.0114,-1.9449,0.544,0.28,1.5797,1.7032,0.0554,1.2954,1.7483
ffc180_Rep2_s2.png,0.1448,0.0289,-1.5385,0.4484,0.6411,1.3476,4.5946,0.0478,2.2066,7.0297
ffc180_Rep2_s3.png,0.0571,0.0328,-1.4836,0.1949,0.8978,1.2306,8.4138,0.0873,0.9094,-0.3312
ffc180_Rep2_s4.png,0.3019,0.0106,-1.9729,0.5046,0.5065,1.5727,1.8894,0.0635,2.6603,13.0123
ffc180_Rep2_s5.png,0.0525,0.055,-1.2593,0.4157,0.6727,1.2786,9.8607,0.0928,2.1193,4.7882
ffc180_Rep2_s6.png,0.3159,0.0146,-1.8362,0.4815,0.3307,1.5419,1.8896,0.0767,1.5573,2.0397
ffc180_Rep2_s7.png,0.3333,0.0257,-1.5903,0.5243,0.4085,1.4654,2.0982,0.069,1.8032,3.3483
ffc181_Rep1_s0.png,0.0106,0.1146,-0.9407,0.4813,0.986,1.1176,35.1478,0.0826,1.033,1.0725
ffc181_Rep1_s1.png,0.3072,0.0136,-1.8668,0.4868,0.1213,1.5384,1.8841,0.0561,1.3166,1.6709
ffc181_Rep1_s2.png,0.0465,0.0481,-1.3183,0.3592,0.642,1.1847,11.4197,0.0352,1.8914,6.4081
ffc181_Rep1_s3.png,0.0758,0.0215,-1.6684,0.182,0.7652,1.3247,6.1245,0.0822,0.8881,-0.1851
ffc181_Rep1_s4.png,0.3171,0.01,-2.0,0.5251,0.4185,1.589,1.7948,0.0593,2.0554,8.9243
ffc181_Rep1_s5.png,0.0456,0.0692,-1.1601,0.4169,0.6286,1.3103,11.8161,0.0904,1.5373,2.2646
ffc181_Rep1_s6.png,0.3288,0.013,-1.885,0.4947,0.2906,1.5555,1.8099,0.077,1.6514,2.5649
ffc181_Rep1_s7.png,0.3557,0.0297,-1.5278,0.5525,0.497,1.4466,2.027,0.0647,1.9915,4.1205
ffc181_Rep2_s0.png,0.0101,0.1204,-0.9193,0.5361,0.9855,1.1139,36.8974,0.1073,1.3174,1.2785
ffc181_Rep2_s1.png,0.3191,0.015,-1.8247,0.5058,0.138,1.5329,1.8952,0.0565,1.4126,1.9853
ffc181_Rep2_s2.png,0.0922,0.0215,-1.6666,0.3092,0.6215,1.3258,5.7746,0.0362,1.7061,4.264
ffc181_Rep2_s3.png,0.0545,0.0357,-1.4477,0.2141,0.9037,1.2165,8.9445,0.0876,0.8068,-0.4427
ffc181_Rep2_s4.png,0.2928,0.0112,-1.9502,0.4814,0.5105,1.559,1.9424,0.0609,2.0105,8.0638
ffc181_Rep2_s5.png,0.0186,0.1165,-0.9335,0.2934,0.5221,1.1399,24.194,0.1061,0.8443,-0.0086
ffc181_Rep2_s6.png,0.3169,0.0149,-1.8258,0.4914,0.3561,1.5468,1.9114,0.0787,1.6704,2.5363
ffc181_Rep2_s7.png,0.3561,0.0243,-1.6145,0.5516,0.4812,1.4751,1.9692,0.0652,1.8314,3.571
ffc183_Rep1_s0.png,0.0074,0.1198,-0.9214,0.443,0.992,1.0387,37.9331,0.0764,0.9055,0.5901
ffc183_Rep1_s1.png,0.327,0.0119,-1.9255,0.5151,0.2595,1.5681,1.7545,0.0517,1.1811,1.5961
ffc183_Rep1_s2.png,0.0948,0.0282,-1.5501,0.3445,0.52,1.3225,6.1249,0.04,2.7271,8.8324
ffc183_Rep1_s3.png,0.0314,0.0414,-1.3834,0.1985,0.8721,1.1397,14.159,0.0826,0.944,-0.3987
ffc183_Rep1_s4.png,0.3127,0.0095,-2.0207,0.5046,0.2982,1.5904,1.7635,0.0686,1.1306,1.3276
ffc183_Rep1_s5.png,0.2194,0.0182,-1.7404,0.3956,0.7307,1.4644,2.82,0.0847,2.0237,4.5156
ffc183_Rep1_s6.png,0.3039,0.0137,-1.8622,0.4648,0.3029,1.5521,1.8924,0.078,1.6037,2.3045
ffc183_Rep1_s7.png,0.349,0.0203,-1.6936,0.5392,0.4365,1.4964,1.9454,0.068,1.7761,3.4352
ffc183_Rep2_s0.png,0.0073,0.1226,-0.9114,0.4424,0.9927,1.0465,37.314,0.0732,0.9268,0.5438
ffc183_Rep2_s1.png,0.3043,0.0103,-1.9877,0.4825,0.3119,1.574,1.743,0.0572,1.0701,1.2097
ffc183_Rep2_s2.png,0.0632,0.0426,-1.3709,0.377,0.827,1.2374,9.436,0.0439,2.5272,7.4722
ffc183_Rep2_s3.png,0.0844,0.0227,-1.6436,0.1836,0.5346,1.3185,5.7612,0.0893,0.8731,-0.4411
ffc183_Rep2_s4.png,0.3168,0.009,-2.0478,0.522,0.371,1.6034,1.7447,0.0702,1.0584,1.0249
ffc183_Rep2_s5.png,0.0421,0.0679,-1.168,0.489,0.6296,1.309,12.5454,0.0939,1.5343,2.0507
ffc183_Rep2_s6.png,0.1805,0.0247,-1.6066,0.4233,0.8017,1.4314,3.2151,0.0757,1.6359,2.4522
ffc183_Rep2_s7.png,0.3565,0.0206,-1.6867,0.5549,0.412,1.5022,1.919,0.067,1.7878,3.5804
ffc184_Rep1_s0.png,0.0075,0.1183,-0.9272,0.4535,0.9922,1.0558,37.1219,0.0755,0.8935,0.5257
ffc184_Rep1_s1.png,0.3383,0.0112,-1.9517,0.5349,0.3459,1.5814,1.7036,0.0577,1.1643,1.0575
ffc184_Rep1_s2.png,0.0964,0.025,-1.6014,0.3188,0.7789,1.3101,5.6963,0.0431,1.583,2.7599
ffc184_Rep1_s3.png,0.0293,0.0529,-1.2769,0.2368,0.9259,1.1045,16.2071,0.086,0.8893,-0.517
ffc184_Rep1_s4.png,0.301,0.0105,-1.9798,0.4946,0.4131,1.5735,1.8857,0.0627,1.6593,5.6413
ffc184_Rep1_s5.png,0.0621,0.0433,-1.3635,0.4074,0.7099,1.3732,8.3459,0.0875,1.6425,3.036
ffc184_Rep1_s6.png,0.2993,0.0171,-1.7662,0.4913,0.5591,1.5164,2.0637,0.0773,1.705,2.5716
ffc184_Rep1_s7.png,0.3532,0.0279,-1.5543,0.5487,0.4351,1.4514,2.022,0.07,1.9411,3.9289
ffc184_Rep2_s0.png,0.0061,0.1142,-0.9423,0.3992,0.9931,1.0404,39.0915,0.0694,0.6421,-0.0251
ffc184_Rep2_s1.png,0.341,0.0109,-1.9609,0.5427,0.3813,1.5847,1.7058,0.0551,1.5081,3.1906
ffc184_Rep2_s2.png,0.1517,0.0195,-1.7104,0.4095,0.5032,1.4157,3.9044,0.0439,2.1876,6.5554
ffc184_Rep2_s3.png,0.0341,0.0564,-1.2491,0.2221,0.9348,1.1194,13.981,0.0853,1.0265,-0.089
ffc184_Rep2_s4.png,0.2918,0.0122,-1.9147,0.4886,0.3242,1.543,2.0012,0.064,1.5018,3.9029
ffc184_Rep2_s5.png,0.0175,0.1207,-0.9182,0.3485,0.746,1.1131,25.8984,0.1134,0.8022,-0.1951
ffc184_Rep2_s6.png,0.2933,0.0173,-1.762,0.487,0.5377,1.5217,2.0853,0.0762,1.747,2.8815
ffc184_Rep2_s7.png,0.3484,0.0224,-1.6501,0.5421,0.3627,1.4905,2.0063,0.0665,1.7495,3.1537
ffc185_Rep1_s0.png,0.0117,0.1351,-0.8693,0.4923,0.8358,1.0721,39.6617,0.033,1.4273,2.206
ffc185_Rep1_s1.png,0.3129,0.0138,-1.8596,0.4981,0.1807,1.5411,1.859,0.061,1.6318,3.1727
ffc185_Rep1_s2.png,0.103,0.0259,-1.587,0.3561,0.5459,1.3357,5.6998,0.0362,2.1425,6.4575
ffc185_Rep1_s3.png,0.0308,0.0351,-1.4549,0.2028,0.935,1.1641,12.6746,0.0946,1.0645,-0.2019
ffc185_Rep1_s4.png,0.322,0.0103,-1.9858,0.5319,0.387,1.5833,1.7992,0.0605,2.3136,10.8171
ffc185_Rep1_s5.png,0.0655,0.035,-1.4561,0.4732,0.8023,1.4108,7.9615,0.081,1.8716,3.4014
ffc185_Rep1_s6.png,0.124,0.0341,-1.4678,0.4837,0.8947,1.417,4.6363,0.09,1.3603,1.2808
ffc185_Rep1_s7.png,0.34,0.0261,-1.5829,0.5281,0.4427,1.4641,2.0704,0.0673,1.8209,3.4246
ffc185_Rep2_s0.png,0.0081,0.1159,-0.936,0.4796,0.9924,1.0695,36.7789,0.075,0.7804,0.2751
ffc185_Rep2_s1.png,0.3504,0.0124,-1.906,0.5505,0.3071,1.5721,1.711,0.0574,1.2113,1.3113
ffc185_Rep2_s2.png,0.0463,0.0374,-1.4272,0.304,0.8546,1.202,11.2206,0.0328,2.145,6.7928
ffc185_Rep2_s3.png,0.0285,0.0474,-1.3241,0.275,0.9786,1.1228,15.7105,0.0775,1.1985,0.1619
ffc185_Rep2_s4.png,0.3141,0.0108,-1.9668,0.5027,0.3254,1.576,1.8393,0.0634,1.8242,6.8199
ffc185_Rep2_s5.png,0.0206,0.1158,-0.9362,0.3495,0.8667,1.1552,23.297,0.1064,0.8091,-0.1534
ffc185_Rep2_s6.png,0.1358,0.0308,-1.5114,0.2585,0.7784,1.3473,4.1793,0.0856,1.2123,0.8908
ffc185_Rep2_s7.png,0.2462,0.0316,-1.5005,0.456,0.7745,1.4107,2.7611,0.0694,1.8221,3.3896
ffc185_Rep3_s0.png,0.0193,0.0772,-1.1125,0.3688,0.589,1.1559,22.9375,0.0285,1.5136,3.2893
ffc185_Rep3_s1.png,0.4043,0.0145,-1.838,0.6362,0.3793,1.5722,1.6451,0.0556,1.4222,1.7848
ffc185_Rep3_s2.png,0.1024,0.0166,-1.7804,0.3318,0.5215,1.388,4.8629,0.034,1.8076,4.9951
ffc185_Rep3_s3.png,0.0493,0.0345,-1.4625,0.2149,0.8839,1.2188,9.3518,0.0895,1.2428,1.2882
ffc185_Rep3_s4.png,0.3088,0.011,-1.9594,0.5086,0.3386,1.57,1.8598,0.0724,1.1215,1.1053
ffc185_Rep3_s5.png,0.0115,0.2204,-0.6568,0.5877,0.989,1.0376,36.0938,0.0928,0.8737,0.1475
ffc185_Rep3_s6.png,0.2295,0.0208,-1.6809,0.4363,0.6541,1.4648,2.6619,0.0734,1.7198,2.7735
ffc185_Rep3_s7.png,0.3656,0.027,-1.5688,0.5646,0.4794,1.4656,1.9732,0.0639,2.0954,4.7691
ffc185_Rep4_s0.png,0.0069,0.1127,-0.9481,0.4201,0.9927,1.043,37.1248,0.0775,0.7475,-0.025
ffc185_Rep4_s1.png,0.3238,0.0107,-1.9702,0.5132,0.3356,1.58,1.7108,0.0549,1.2345,1.4927
ffc185_Rep4_s2.png,0.1222,0.0282,-1.5498,0.3806,0.6815,1.3408,5.0885,0.0498,2.2262,5.9886
ffc185_Rep4_s3.png,0.0312,0.0352,-1.4528,0.2084,0.9322,1.1593,12.8151,0.0902,1.087,-0.1617
ffc185_Rep4_s4.png,0.3295,0.0109,-1.9612,0.5396,0.3571,1.58,1.8043,0.058,1.8923,7.1329
ffc185_Rep4_s5.png,0.0372,0.0617,-1.2096,0.4725,0.6222,1.2842,13.5879,0.0919,1.2811,1.0721
ffc185_Rep4_s6.png,0.1134,0.0537,-1.2697,0.529,0.469,1.3417,5.5571,0.0737,1.8029,3.3943
ffc185_Rep4_s7.png,0.0475,0.0777,-1.1095,0.532,0.7542,1.2944,12.2695,0.0779,1.8096,3.6318
ffc186_Rep1_s0.png,0.0077,0.1228,-0.9107,0.4573,0.9921,1.0558,37.3685,0.0759,0.8161,0.3407
ffc186_Rep1_s1.png,0.3242,0.0105,-1.9779,0.5115,0.3139,1.5842,1.7187,0.0573,1.0415,0.6754
ffc186_Rep1_s2.png,0.0872,0.0181,-1.7432,0.2884,0.6997,1.3524,5.4463,0.0332,1.7904,4.4536
ffc186_Rep1_s3.png,0.0448,0.0385,-1.415,0.2171,0.9132,1.2014,10.1895,0.0822,1.1211,0.5171
ffc186_Rep1_s4.png,0.2894,0.0113,-1.9478,0.4853,0.3417,1.5558,1.9156,0.0725,1.0543,0.8002
ffc186_Rep1_s5.png,0.0777,0.0453,-1.344,0.5156,0.8096,1.4053,7.5715,0.0752,2.607,8.548
ffc186_Rep1_s6.png,0.3076,0.0122,-1.9125,0.468,0.3039,1.5617,1.8539,0.0691,1.669,2.8785
ffc186_Rep1_s7.png,0.3235,0.019,-1.7219,0.5018,0.2972,1.5042,2.0516,0.0673,1.7948,3.7872
ffc186_Rep2_s0.png,0.0063,0.1121,-0.9504,0.3792,0.9925,1.0369,38.6283,0.0752,1.0418,0.7688
ffc186_Rep2_s1.png,0.3072,0.0104,-1.9819,0.4877,0.3273,1.5763,1.7683,0.0577,1.4093,3.2145
ffc186_Rep2_s2.png,0.0528,0.0508,-1.2941,0.3704,0.8504,1.1569,11.238,0.0378,2.7118,11.5568
ffc186_Rep2_s3.png,0.0008,0.3536,-0.4515,0.8088,0.9912,0.6892,137.6026,0.0086,-0.1881,-0.6901
ffc186_Rep2_s4.png,0.2086,0.0185,-1.7326,0.3386,0.6214,1.4393,2.8249,0.0765,2.7459,12.0457
ffc186_Rep2_s5.png,0.0683,0.0733,-1.1349,0.4802,0.636,1.2371,8.9225,0.0869,2.3685,6.1906
ffc186_Rep2_s6.png,0.0102,0.1349,-0.8699,0.613,0.9847,1.0957,39.5212,0.096,0.967,0.4701
ffc186_Rep2_s7.png,0.0242,0.1088,-0.9634,0.3243,0.8775,1.1997,21.0493,0.0898,1.6498,2.6318
ffc186_Rep3_s0.png,0.0086,0.1288,-0.89,0.4172,0.8384,1.0833,44.5412,0.023,1.5492,2.8501
ffc186_Rep3_s1.png,0.2619,0.0135,-1.8693,0.4943,0.272,1.5311,2.1259,0.0575,0.9414,0.5136
ffc186_Rep3_s2.png,0.1057,0.0233,-1.6326,0.3449,0.5398,1.3474,5.3742,0.0374,1.7432,4.2735
ffc186_Rep3_s3.png,0.0232,0.055,-1.2593,0.2665,0.9748,1.0761,19.0702,0.0811,1.2081,0.2746
ffc186_Rep3_s4.png,0.2717,0.0115,-1.9381,0.4483,0.5234,1.5421,2.0776,0.0653,2.8145,14.5387
ffc186_Rep3_s5.png,0.0433,0.074,-1.1309,0.4884,0.6548,1.3083,12.6084,0.096,1.5586,2.3701
ffc186_Rep3_s6.png,0.2151,0.0168,-1.7735,0.3863,0.7267,1.4693,2.6281,0.0775,1.7805,2.9129
ffc186_Rep3_s7.png,0.082,0.0668,-1.1753,0.4387,0.8482,1.2664,7.5346,0.052,2.4054,6.6484
ffc186_Rep4_s0.png,0.0306,0.0908,-1.0417,0.4539,0.5287,1.3394,16.6796,0.0461,1.7104,2.8297
ffc186_Rep4_s1.png,0.3038,0.0107,-1.9701,0.484,0.3334,1.5697,1.7827,0.059,1.1518,1.5107
ffc186_Rep4_s2.png,0.1093,0.0271,-1.5664,0.3564,0.5201,1.3286,5.4624,0.0358,2.455,8.3941
ffc186_Rep4_s3.png,0.0282,0.0478,-1.3208,0.1764,0.9061,1.1039,15.8966,0.0919,1.0742,-0.0258
ffc186_Rep4_s4.png,0.3116,0.0098,-2.0085,0.5163,0.44,1.5887,1.797,0.0587,1.9929,8.2537
ffc186_Rep4_s5.png,0.0432,0.063,-1.2005,0.3863,0.8014,1.3431,12.4622,0.0932,1.4939,2.1648
ffc186_Rep4_s6.png,0.3156,0.0151,-1.8216,0.4831,0.3253,1.5441,1.9035,0.0815,1.5321,1.9693
ffc186_Rep4_s7.png,0.2303,0.0178,-1.7499,0.4237,0.7302,1.4708,2.6636,0.07,1.4492,2.2528
ffc187_Rep1_s0.png,0.0345,0.0626,-1.2032,0.3694,0.6284,1.2968,14.4604,0.0421,2.499,7.1954
ffc187_Rep1_s1.png,0.3332,0.0104,-1.9836,0.5291,0.3804,1.5908,1.6953,0.0591,1.2227,1.3619
ffc187_Rep1_s2.png,0.1275,0.0165,-1.7821,0.3603,0.401,1.4044,4.1364,0.038,1.9402,5.2122
ffc187_Rep1_s3.png,0.0228,0.0527,-1.2782,0.2591,0.9786,1.0822,17.8618,0.0838,1.229,0.3644
ffc187_Rep1_s4.png,0.3111,0.0125,-1.904,0.5137,0.3731,1.554,1.9341,0.069,1.3752,2.8382
ffc187_Rep1_s5.png,0.0646,0.0563,-1.2499,0.5155,0.5609,1.3467,9.0155,0.0913,2.1109,4.6879
ffc187_Rep1_s6.png,0.2234,0.0191,-1.7181,0.4253,0.4947,1.4538,2.6999,0.0688,1.8781,3.5074
ffc187_Rep1_s7.png,0.3654,0.0338,-1.4706,0.5685,0.4658,1.4272,2.0263,0.0672,1.9762,3.9156
ffc187_Rep2_s0.png,0.0068,0.1128,-0.9476,0.4176,0.9927,1.0461,37.5117,0.0689,0.6581,-0.1157
ffc187_Rep2_s1.png,0.3447,0.0113,-1.9465,0.5431,0.3471,1.582,1.7026,0.055,1.2371,1.1895
ffc187_Rep2_s2.png,0.0818,0.0266,-1.5755,0.3452,0.8105,1.3186,6.6078,0.0448,1.3133,1.7566
ffc187_Rep2_s3.png,0.0507,0.0434,-1.3623,0.2131,0.8895,1.1865,10.3049,0.0732,1.0737,0.4887
ffc187_Rep2_s4.png,0.2902,0.0127,-1.8945,0.4874,0.3261,1.5392,2.0187,0.073,1.1744,1.1682
ffc187_Rep2_s5.png,0.047,0.0704,-1.1523,0.5551,0.5889,1.3186,12.1311,0.0851,2.264,6.0509
ffc187_Rep2_s6.png,0.3326,0.014,-1.8554,0.5027,0.3003,1.5512,1.8418,0.0799,1.6067,2.2954
ffc187_Rep2_s7.png,0.3273,0.0171,-1.7664,0.5066,0.2845,1.5194,2.0109,0.0688,1.6198,2.7726
ffc188_Rep1_s0.png,0.0082,0.1326,-0.8775,0.4307,0.9925,1.0481,35.5235,0.0534,1.8292,4.3406
ffc188_Rep1_s1.png,0.3661,0.0153,-1.8139,0.5824,0.3977,1.5493,1.7589,0.0633,1.8547,4.363
ffc188_Rep1_s2.png,0.0314,0.0766,-1.1155,0.3381,0.7096,1.057,17.5129,0.0383,2.385,7.6914
ffc188_Rep1_s3.png,0.0346,0.044,-1.3561,0.2594,0.5657,1.1543,13.5261,0.0855,0.7476,-0.7269
ffc188_Rep1_s4.png,0.3186,0.0114,-1.9436,0.5175,0.4186,1.5689,1.8574,0.063,1.9964,8.2559
ffc188_Rep1_s5.png,0.0748,0.0448,-1.3487,0.5726,0.7719,1.3944,8.0404,0.0809,1.9582,4.0543
ffc188_Rep1_s6.png,0.3262,0.0125,-1.9014,0.4906,0.3325,1.5625,1.8368,0.0812,1.5575,2.1436
ffc188_Rep1_s7.png,0.1607,0.0361,-1.443,0.5005,0.8743,1.4216,3.9779,0.071,1.6901,3.0796
ffc188_Rep2_s0.png,0.0064,0.1004,-0.9981,0.4029,0.9928,1.0545,37.7912,0.0727,0.8356,0.328
ffc188_Rep2_s1.png,0.375,0.0152,-1.8185,0.5925,0.3578,1.5537,1.7193,0.0601,1.5284,2.5147
ffc188_Rep2_s2.png,0.0425,0.0618,-1.2091,0.4018,0.6466,1.1268,13.279,0.0351,2.0568,7.8757
ffc188_Rep2_s3.png,0.0215,0.0481,-1.3179,0.2372,0.9693,1.0909,18.125,0.074,1.1088,0.0281
ffc188_Rep2_s4.png,0.2583,0.0131,-1.8817,0.4209,0.5166,1.5159,2.2422,0.0676,2.3652,10.2869
ffc188_Rep2_s5.png,0.0975,0.0431,-1.3656,0.5317,0.818,1.4132,6.3822,0.0763,2.6305,8.46
ffc188_Rep2_s6.png,0.3177,0.0134,-1.8726,0.4752,0.2643,1.5513,1.8889,0.0753,1.6156,2.5253
ffc188_Rep2_s7.png,0.2595,0.0363,-1.4402,0.4634,0.7808,1.3968,2.7263,0.0691,1.9797,4.2522
ffc188_Rep3_s0.png,0.0303,0.0796,-1.0993,0.3921,0.413,1.2136,17.0024,0.0426,2.1522,5.4016
ffc188_Rep3_s1.png,0.3552,0.0143,-1.8452,0.5657,0.3789,1.5562,1.7584,0.0562,1.6418,3.3752
ffc188_Rep3_s2.png,0.0742,0.0446,-1.3503,0.3838,0.7316,1.2375,8.2388,0.047,2.2374,6.104
ffc188_Rep3_s3.png,0.0521,0.0325,-1.4887,0.2052,0.901,1.2189,9.0499,0.0857,0.7053,-0.7326
ffc188_Rep3_s4.png,0.2866,0.013,-1.887,0.4818,0.3542,1.534,2.0669,0.0644,1.7679,5.7988
ffc188_Rep3_s5.png,0.0124,0.2294,-0.6394,0.6501,0.963,1.0394,43.0709,0.1123,1.0322,0.7404
ffc188_Rep3_s6.png,0.3302,0.015,-1.8247,0.5044,0.3423,1.55,1.8681,0.0746,1.6159,2.2793
ffc188_Rep3_s7.png,0.2724,0.0247,-1.6065,0.493,0.7236,1.4535,2.4806,0.0686,1.7473,3.2814
ffc188_Rep4_s0.png,0.0302,0.0949,-1.0226,0.4876,0.8178,1.1997,17.2742,0.0308,1.9427,4.9816
ffc188_Rep4_s1.png,0.3703,0.0156,-1.8061,0.5845,0.3495,1.5488,1.7378,0.0585,1.4766,1.8466
ffc188_Rep4_s2.png,0.0629,0.0373,-1.4282,0.3462,0.8393,1.2221,8.8212,0.0338,2.4708,9.8949
ffc188_Rep4_s3.png,0.0325,0.0618,-1.2092,0.217,0.9509,1.0939,14.9036,0.0825,1.0259,0.0424
ffc188_Rep4_s4.png,0.3347,0.012,-1.9215,0.5467,0.3453,1.5737,1.8085,0.0661,1.4001,2.8627
ffc188_Rep4_s5.png,0.0478,0.0563,-1.2495,0.4954,0.6535,1.3548,10.8862,0.0925,1.6029,2.6281
ffc188_Rep4_s6.png,0.3113,0.0139,-1.8585,0.4761,0.366,1.5453,1.9158,0.0801,1.4705,1.7024
ffc188_Rep4_s7.png,0.2724,0.0328,-1.484,0.5092,0.7635,1.4135,2.6019,0.0652,1.8592,3.4403
ffc18_Rep1_s0.png,0.0266,0.103,-0.9871,0.498,0.6559,1.2979,18.5221,0.0376,2.177,5.3129
ffc18_Rep1_s1.png,0.3878,0.0145,-1.8397,0.6083,0.4149,1.5666,1.6939,0.0607,1.556,2.1633
ffc18_Rep1_s2.png,0.1552,0.0181,-1.7412,0.4069,0.3223,1.4175,3.7852,0.0366,2.3222,7.6658
ffc18_Rep1_s3.png,0.0468,0.0359,-1.4445,0.1979,0.9051,1.2157,9.7002,0.0804,1.2779,1.6278
ffc18_Rep1_s4.png,0.2837,0.0123,-1.9099,0.4703,0.3609,1.5407,2.0304,0.066,1.2482,1.4818
ffc18_Rep1_s5.png,0.0065,0.1718,-0.765,0.6575,0.9915,0.9814,50.721,0.1044,0.7364,-0.1933
ffc18_Rep1_s6.png,0.3269,0.0149,-1.8254,0.5022,0.2241,1.538,1.8768,0.074,1.7745,3.1956
ffc18_Rep1_s7.png,0.4241,0.0321,-1.493,0.6274,0.381,1.4589,1.7805,0.0673,2.183,5.531
ffc18_Rep2_s0.png,0.0217,0.1581,-0.8011,0.6201,0.9495,1.1728,26.9833,0.0891,1.0125,0.3931
ffc18_Rep2_s1.png,0.3671,0.0135,-1.8707,0.5773,0.4176,1.567,1.7091,0.0598,1.4466,1.9446
ffc18_Rep2_s2.png,0.1166,0.02,-1.698,0.3633,0.5561,1.3862,4.7213,0.0343,1.8916,4.7205
ffc18_Rep2_s3.png,0.0451,0.0371,-1.4305,0.221,0.899,1.1903,9.9239,0.0825,1.5541,2.5052
ffc18_Rep2_s4.png,0.3027,0.013,-1.8846,0.4972,0.3661,1.5416,1.9535,0.0669,1.147,0.7323
ffc18_Rep2_s5.png,0.0297,0.0722,-1.1415,0.4619,0.143,1.2462,16.3993,0.0983,1.1721,0.6612
ffc18_Rep2_s6.png,0.338,0.0136,-1.8666,0.547,0.4456,1.5576,1.8196,0.0633,1.9625,4.4648
ffc18_Rep2_s7.png,0.3955,0.0189,-1.7239,0.5863,0.3303,1.5272,1.744,0.0708,1.7501,3.3876
ffc190_Rep1_s0.png,0.0075,0.1154,-0.9378,0.4466,0.9929,1.061,36.7959,0.074,0.8303,0.3778
ffc190_Rep1_s1.png,0.3113,0.0102,-1.9918,0.4949,0.3475,1.5814,1.7511,0.0604,1.5779,3.7366
ffc190_Rep1_s2.png,0.1004,0.0206,-1.6862,0.3699,0.2481,1.3989,5.5146,0.0406,1.7269,4.0707
ffc190_Rep1_s3.png,0.0078,0.2167,-0.6642,0.509,0.7398,0.8179,58.4508,0.0412,2.6364,8.4692
ffc190_Rep1_s4.png,0.3077,0.0108,-1.9653,0.4936,0.3738,1.5687,1.8816,0.0627,1.992,7.2751
ffc190_Rep1_s5.png,0.0414,0.0768,-1.1148,0.3919,0.8125,1.1917,12.8746,0.094,1.7521,3.0849
ffc190_Rep1_s6.png,0.3185,0.0141,-1.8508,0.4774,0.3051,1.5473,1.8472,0.0774,1.5841,2.2105
ffc190_Rep1_s7.png,0.2647,0.026,-1.5857,0.4418,0.7547,1.437,2.5529,0.0676,1.8879,3.9343
ffc190_Rep2_s0.png,0.0082,0.1222,-0.9128,0.4723,0.992,1.0702,36.2589,0.0727,0.9541,0.9339
ffc190_Rep2_s1.png,0.3049,0.0111,-1.9559,0.4812,0.2894,1.5673,1.7787,0.0577,1.0196,1.0281
ffc190_Rep2_s2.png,0.0904,0.0226,-1.6462,0.3289,0.6066,1.3417,5.79,0.0438,1.9626,5.7943
ffc190_Rep2_s3.png,0.0301,0.0698,-1.1563,0.3188,0.9362,1.0959,17.9736,0.0727,0.8509,-0.608
ffc190_Rep2_s4.png,0.3242,0.0116,-1.9362,0.5156,0.3002,1.5703,1.8296,0.062,2.0371,8.4302
ffc190_Rep2_s5.png,0.0452,0.0434,-1.3621,0.375,0.7157,1.3358,10.6694,0.0827,1.419,1.5456
ffc190_Rep2_s6.png,0.1953,0.0264,-1.5786,0.4535,0.7724,1.4181,3.1284,0.0731,1.6944,2.6933
ffc190_Rep2_s7.png,0.2486,0.0311,-1.5077,0.4487,0.7771,1.414,2.7431,0.0668,1.94,4.2747
ffc190_Rep3_s0.png,0.0097,0.1311,-0.8825,0.5694,0.9905,1.0905,36.4352,0.0811,0.8819,0.3511
ffc190_Rep3_s1.png,0.3159,0.0116,-1.9362,0.4995,0.3175,1.5669,1.7929,0.0585,1.1681,1.4411
ffc190_Rep3_s2.png,0.0993,0.026,-1.5845,0.3712,0.3804,1.3588,5.9446,0.0388,1.7122,4.2944
ffc190_Rep3_s3.png,0.0242,0.0587,-1.2315,0.1885,0.8844,1.0451,19.1355,0.0857,1.2613,0.3835
ffc190_Rep3_s4.png,0.2839,0.0108,-1.9655,0.4618,0.4847,1.5584,1.9658,0.0643,2.4286,10.747
ffc190_Rep3_s5.png,0.0181,0.1113,-0.9536,0.2889,0.5268,1.14,24.8823,0.1115,0.77,-0.3627
ffc190_Rep3_s6.png,0.1952,0.0272,-1.5651,0.4468,0.7789,1.4152,3.1598,0.0722,1.791,3.2203
ffc190_Rep3_s7.png,0.3337,0.0286,-1.5437,0.5154,0.3037,1.45,2.1434,0.0659,2.0498,4.4845
ffc190_Rep4_s0.png,0.0077,0.1203,-0.9197,0.4608,0.9923,1.0518,37.0819,0.0743,0.9289,0.6612
ffc190_Rep4_s1.png,0.3348,0.0107,-1.9714,0.5266,0.31,1.5883,1.7092,0.0585,1.1623,1.1001
ffc190_Rep4_s2.png,0.0983,0.0181,-1.743,0.3544,0.3596,1.3941,5.197,0.0422,1.4897,3.2775
ffc190_Rep4_s3.png,0.0216,0.0765,-1.1166,0.3147,0.9477,1.0512,23.4581,0.0699,1.2727,0.4194
ffc190_Rep4_s4.png,0.3213,0.0103,-1.9851,0.5193,0.3896,1.5839,1.8018,0.0697,2.6163,11.1235
ffc190_Rep4_s5.png,0.0081,0.1917,-0.7175,0.6027,0.9926,1.0064,42.0843,0.0997,0.8983,0.2074
ffc190_Rep4_s6.png,0.1296,0.0358,-1.4463,0.5004,0.8901,1.4158,4.5788,0.0839,1.4982,1.7721
ffc190_Rep4_s7.png,0.0847,0.0785,-1.1051,0.4519,0.8585,1.2473,7.5107,0.0627,2.5799,7.6195
ffc191_Rep1_s0.png,0.0074,0.113,-0.9467,0.4228,0.9919,1.055,37.0701,0.0792,0.7882,0.1705
ffc191_Rep1_s1.png,0.3477,0.0113,-1.9451,0.557,0.3671,1.587,1.6787,0.0575,1.4544,2.3425
ffc191_Rep1_s2.png,0.0999,0.0184,-1.7347,0.3512,0.5364,1.3808,5.2005,0.0395,1.7085,4.4756
ffc191_Rep1_s3.png,0.0098,0.1889,-0.7238,0.4916,0.7159,0.8512,49.1298,0.0478,2.114,4.9866
ffc191_Rep1_s4.png,0.3201,0.0114,-1.9417,0.5167,0.3866,1.5698,1.8759,0.059,1.8982,6.6949
ffc191_Rep1_s5.png,0.062,0.0735,-1.1336,0.5127,0.6811,1.301,9.8936,0.0861,2.2556,5.597
ffc191_Rep1_s6.png,0.0744,0.0388,-1.4114,0.3771,0.3786,1.3937,7.075,0.0764,1.7496,2.8511
ffc191_Rep1_s7.png,0.329,0.0187,-1.7292,0.5101,0.3763,1.4971,2.0357,0.0658,1.6994,2.997
ffc191_Rep2_s0.png,0.0072,0.1136,-0.9448,0.4585,0.993,1.05,37.1741,0.0665,0.8582,0.3831
ffc191_Rep2_s1.png,0.3248,0.011,-1.9587,0.5144,0.3533,1.5809,1.7327,0.0622,1.2876,1.8608
ffc191_Rep2_s2.png,0.0342,0.0656,-1.1829,0.382,0.7737,1.092,15.9376,0.0354,2.4169,10.1174
ffc191_Rep2_s3.png,0.0109,0.2014,-0.6959,0.528,0.6041,0.8706,48.7285,0.0362,2.6834,9.8942
ffc191_Rep2_s4.png,0.3145,0.0108,-1.9661,0.5074,0.422,1.5748,1.828,0.0735,2.3738,9.267
ffc191_Rep2_s5.png,0.0447,0.0697,-1.1568,0.4167,0.7823,1.2903,12.1569,0.0898,1.4257,1.6871
ffc191_Rep2_s6.png,0.2007,0.0214,-1.6704,0.3815,0.7838,1.4581,2.9014,0.079,1.487,1.7264
ffc191_Rep2_s7.png,0.312,0.0256,-1.5919,0.4827,0.3907,1.4534,2.1937,0.0709,1.7968,3.5095
ffc191_Rep3_s0.png,0.0074,0.1156,-0.9369,0.4407,0.9924,1.06,36.584,0.0745,0.7432,0.1215
ffc191_Rep3_s1.png,0.3241,0.0112,-1.9517,0.5161,0.3394,1.5745,1.741,0.0585,1.5134,3.213
ffc191_Rep3_s2.png,0.0862,0.0287,-1.5421,0.3198,0.3959,1.3161,6.3166,0.0309,2.5219,12.1256
ffc191_Rep3_s3.png,0.0255,0.0581,-1.2361,0.2913,0.9773,1.0881,17.9431,0.0799,1.2027,0.3841
ffc191_Rep3_s4.png,0.2821,0.0115,-1.9404,0.4666,0.5107,1.5485,1.988,0.0606,1.8141,6.2019
ffc191_Rep3_s5.png,0.277,0.0172,-1.7652,0.4593,0.4112,1.4895,2.3008,0.0873,1.9374,3.858
ffc191_Rep3_s6.png,0.0305,0.0493,-1.307,0.2764,0.8719,1.2518,13.0169,0.0328,3.7423,17.796
ffc191_Rep3_s7.png,0.3179,0.0186,-1.7295,0.4984,0.3419,1.5038,2.0796,0.0688,1.625,2.6561
ffc191_Rep4_s0.png,0.0101,0.1272,-0.8955,0.5879,0.9834,1.089,39.4083,0.101,1.0132,0.3289
ffc191_Rep4_s1.png,0.3154,0.0109,-1.9645,0.4971,0.33,1.5775,1.7418,0.0559,1.0555,0.7887
ffc191_Rep4_s2.png,0.0305,0.0516,-1.287,0.2704,0.7005,1.1022,15.6715,0.0335,1.8369,6.1449
ffc191_Rep4_s3.png,0.0087,0.2313,-0.6357,0.5358,0.7231,0.8265,57.2204,0.032,3.7351,18.9002
ffc191_Rep4_s4.png,0.3124,0.0103,-1.9879,0.5047,0.3491,1.5795,1.8173,0.0617,2.2921,10.5445
ffc191_Rep4_s5.png,0.0678,0.0412,-1.3854,0.5563,0.7421,1.3998,8.3494,0.0822,1.8419,3.3
ffc191_Rep4_s6.png,0.0492,0.0354,-1.4506,0.267,0.5991,1.3583,8.7179,0.0734,2.027,4.0839
ffc191_Rep4_s7.png,0.0156,0.3058,-0.5145,0.7878,0.968,1.0519,37.8569,0.0934,1.1186,0.9511
ffc192_Rep1_s0.png,0.011,0.11,-0.9584,0.5758,0.9872,1.1195,35.4358,0.0878,1.0891,1.2267
ffc192_Rep1_s1.png,0.3505,0.0112,-1.9513,0.5495,0.3501,1.5829,1.7335,0.055,1.2965,1.7773
ffc192_Rep1_s2.png,0.0117,0.1985,-0.7023,0.4523,0.4435,1.126,48.6751,0.0361,1.9732,4.08
ffc192_Rep1_s3.png,0.047,0.0441,-1.3556,0.2401,0.8886,1.2022,10.9349,0.066,1.9565,5.5849
ffc192_Rep1_s4.png,0.3173,0.0172,-1.7657,0.4986,0.2989,1.5065,2.0018,0.0654,1.7459,5.523
ffc192_Rep1_s5.png,0.0061,0.167,-0.7772,0.6106,0.9928,0.9984,49.0337,0.0996,0.7121,-0.1922
ffc192_Rep1_s6.png,0.3291,0.0126,-1.8986,0.4916,0.3148,1.556,1.7425,0.0758,1.7136,3.128
ffc192_Rep1_s7.png,0.3634,0.0159,-1.8,0.5559,0.2742,1.5398,1.8142,0.0697,2.0941,5.0727
ffc192_Rep2_s0.png,0.0107,0.1265,-0.898,0.6101,0.99,1.1019,35.7527,0.0932,1.0874,0.92
ffc192_Rep2_s1.png,0.4163,0.0199,-1.7013,0.653,0.3717,1.5238,1.7069,0.0574,1.6492,2.9086
ffc192_Rep2_s2.png,0.0163,0.2138,-0.67,0.5827,0.7941,1.209,36.3267,0.0612,1.9844,3.8036
ffc192_Rep2_s3.png,0.1585,0.0194,-1.7133,0.2708,0.6221,1.3976,3.5201,0.0715,2.0869,6.0165
ffc192_Rep2_s4.png,0.3354,0.0146,-1.8344,0.5294,0.3054,1.5405,1.8521,0.0621,2.1016,8.2225
ffc192_Rep2_s5.png,0.0042,0.1411,-0.8504,0.5894,0.9918,0.9693,57.7235,0.1098,0.4848,-0.526
ffc192_Rep2_s6.png,0.3346,0.0123,-1.9095,0.5006,0.314,1.5642,1.7477,0.0752,1.6801,3.2419
ffc192_Rep2_s7.png,0.3052,0.0161,-1.7929,0.468,0.4447,1.5093,2.0649,0.0726,1.9277,3.9609
ffc192_Rep3_s0.png,0.0071,0.117,-0.9319,0.4386,0.9929,1.0538,37.1798,0.0746,0.9231,0.4821
ffc192_Rep3_s1.png,0.3647,0.0157,-1.8029,0.5786,0.4054,1.5439,1.7652,0.056,2.0253,5.7172
ffc192_Rep3_s2.png,0.0135,0.1716,-0.7655,0.5163,0.5148,1.2906,42.7191,0.0401,2.6991,8.3102
ffc192_Rep3_s3.png,0.1473,0.0194,-1.7124,0.2697,0.7486,1.4035,3.7964,0.0725,1.5433,3.1258
ffc192_Rep3_s4.png,0.3442,0.0139,-1.8559,0.549,0.3544,1.5511,1.8213,0.0602,2.17,9.0105
ffc192_Rep3_s5.png,0.0052,0.1753,-0.7562,0.6819,0.9923,0.9436,56.6334,0.1034,0.5355,-0.5648
ffc192_Rep3_s6.png,0.3582,0.0143,-1.8439,0.5362,0.2783,1.5538,1.7139,0.0759,1.9999,4.4644
ffc192_Rep3_s7.png,0.0226,0.328,-0.4842,0.7419,0.9623,1.0816,29.0997,0.0926,0.8864,0.1255
ffc192_Rep4_s0.png,0.0065,0.1173,-0.9307,0.4063,0.9925,1.0397,38.739,0.0705,0.9108,0.4782
ffc192_Rep4_s1.png,0.4062,0.0163,-1.7872,0.6423,0.4081,1.555,1.661,0.0577,1.7059,3.2872
ffc192_Rep4_s2.png,0.016,0.1323,-0.8786,0.4431,0.3958,1.2791,33.2481,0.0429,1.1834,0.9005
ffc192_Rep4_s3.png,0.0721,0.0299,-1.5237,0.2432,0.9003,1.2761,7.2116,0.0713,1.0758,1.0101
ffc192_Rep4_s4.png,0.297,0.0117,-1.9324,0.4838,0.4174,1.5546,1.9257,0.0639,2.2041,9.9394
ffc192_Rep4_s5.png,0.0052,0.2045,-0.6893,0.6998,0.9922,0.9464,58.6989,0.1049,0.519,-0.7012
ffc192_Rep4_s6.png,0.4016,0.0158,-1.8017,0.5959,0.2897,1.5567,1.6471,0.073,2.0321,4.6581
ffc192_Rep4_s7.png,0.3114,0.0244,-1.6122,0.5188,0.7014,1.4588,2.2406,0.068,2.0527,4.9459
ffc193_Rep1_s0.png,0.0344,0.1019,-0.9919,0.5378,0.7328,1.2212,16.971,0.0406,2.0151,3.9639
ffc193_Rep1_s1.png,0.3618,0.0128,-1.8925,0.5816,0.3407,1.5739,1.6864,0.0563,1.414,1.8348
ffc193_Rep1_s2.png,0.1278,0.0226,-1.6454,0.419,0.4731,1.3716,4.6353,0.0407,1.7584,4.2062
ffc193_Rep1_s3.png,0.0811,0.0268,-1.5718,0.2744,0.8956,1.3047,6.527,0.0742,0.955,0.0592
ffc193_Rep1_s4.png,0.2526,0.0136,-1.8654,0.4232,0.5379,1.5077,2.3163,0.0637,2.627,12.593
ffc193_Rep1_s5.png,0.1077,0.0402,-1.3953,0.5319,0.7405,1.3578,5.9904,0.0725,2.8505,9.6722
ffc193_Rep1_s6.png,0.3454,0.0149,-1.8276,0.5233,0.3223,1.5568,1.8316,0.0759,1.6864,2.5498
ffc193_Rep1_s7.png,0.3102,0.0181,-1.7429,0.4883,0.3525,1.4998,2.1137,0.0671,1.7007,3.0488
ffc193_Rep2_s0.png,0.007,0.1137,-0.9444,0.4237,0.9923,1.0452,37.6911,0.0746,0.7773,0.1755
ffc193_Rep2_s1.png,0.3617,0.013,-1.8845,0.5757,0.3965,1.5725,1.7058,0.0548,1.6655,3.3098
ffc193_Rep2_s2.png,0.1264,0.0205,-1.6876,0.3797,0.5333,1.3768,4.5068,0.0402,1.7987,3.6788
ffc193_Rep2_s3.png,0.0672,0.0278,-1.5564,0.2274,0.8994,1.275,7.2834,0.0776,0.8642,-0.3422
ffc193_Rep2_s4.png,0.2509,0.0128,-1.8943,0.4248,0.4985,1.5157,2.2537,0.0625,2.2319,10.0309
ffc193_Rep2_s5.png,0.0061,0.1905,-0.72,0.6763,0.9918,0.9719,52.7436,0.1068,0.6747,-0.2249
ffc193_Rep2_s6.png,0.3215,0.0154,-1.8112,0.4928,0.3016,1.5277,1.8981,0.0881,1.5906,2.0468
ffc193_Rep2_s7.png,0.3425,0.026,-1.5844,0.5355,0.4637,1.4592,2.051,0.067,2.0389,4.5269
ffc194_Rep1_s0.png,0.0121,0.1414,-0.8494,0.6011,0.9867,1.107,36.6389,0.0876,1.0739,0.7937
ffc194_Rep1_s1.png,0.3378,0.0106,-1.9751,0.5405,0.354,1.5901,1.6836,0.0549,1.4228,2.5027
ffc194_Rep1_s2.png,0.0975,0.0178,-1.7484,0.3044,0.7142,1.3601,4.9318,0.0281,1.6382,3.6956
ffc194_Rep1_s3.png,0.0745,0.0224,-1.6491,0.255,0.8487,1.3183,6.4345,0.0767,0.8239,-0.338
ffc194_Rep1_s4.png,0.228,0.0142,-1.8489,0.3869,0.5869,1.4847,2.4673,0.0647,2.6157,12.4821
ffc194_Rep1_s5.png,0.0237,0.0865,-1.063,0.4642,0.6387,1.2925,21.7261,0.0317,1.9596,4.6101
ffc194_Rep1_s6.png,0.1469,0.0194,-1.7114,0.3048,0.7171,1.4164,3.5752,0.0728,1.9892,4.1146
ffc194_Rep1_s7.png,0.1658,0.0454,-1.3428,0.51,0.871,1.3782,4.0879,0.0615,1.9227,3.7946
ffc194_Rep2_s0.png,0.0078,0.1107,-0.9558,0.4142,0.3294,1.0682,45.1971,0.0417,1.1616,0.8643
ffc194_Rep2_s1.png,0.3813,0.0151,-1.8219,0.6113,0.3767,1.5595,1.7025,0.0542,1.6311,2.8839
ffc194_Rep2_s2.png,0.1124,0.0171,-1.7683,0.3454,0.444,1.3916,4.5989,0.0371,1.553,3.419
ffc194_Rep2_s3.png,0.0536,0.0289,-1.5395,0.2102,0.9384,1.251,8.5514,0.076,1.0522,0.1581
ffc194_Rep2_s4.png,0.2529,0.0137,-1.8641,0.4277,0.5358,1.5081,2.285,0.0679,2.9127,14.6332
ffc194_Rep2_s5.png,0.0617,0.0623,-1.2052,0.5033,0.752,1.3269,9.6874,0.0793,2.6571,8.4562
ffc194_Rep2_s6.png,0.1463,0.0209,-1.6796,0.3131,0.6954,1.3904,3.6546,0.0729,2.1165,4.6453
ffc194_Rep2_s7.png,0.1398,0.0379,-1.421,0.4397,0.8745,1.3822,4.4789,0.0661,2.0024,4.2665
ffc19_Rep1_s0.png,0.0116,0.1564,-0.8058,0.595,0.9885,1.1019,36.6058,0.0892,0.9116,0.5715
ffc19_Rep1_s1.png,0.3548,0.0115,-1.9405,0.5503,0.3184,1.5834,1.6955,0.0606,1.4162,2.188
ffc19_Rep1_s2.png,0.0879,0.0247,-1.607,0.3342,0.419,1.3445,6.2653,0.0445,1.9703,4.1226
ffc19_Rep1_s3.png,0.0276,0.0918,-1.0373,0.4004,0.9038,1.0573,19.9027,0.0509,0.9867,-0.2717
ffc19_Rep1_s4.png,0.3367,0.0142,-1.847,0.5315,0.3947,1.5449,1.8034,0.0677,1.0274,0.199
ffc19_Rep1_s5.png,0.0658,0.0522,-1.282,0.5308,0.7691,1.3642,9.0063,0.0898,2.1062,4.7052
ffc19_Rep1_s6.png,0.3195,0.0123,-1.9113,0.48,0.3064,1.5668,1.8203,0.0732,1.7204,3.1285
ffc19_Rep1_s7.png,0.352,0.0198,-1.7039,0.517,0.3224,1.4984,1.9121,0.0783,1.8695,3.8232
ffc19_Rep2_s0.png,0.0117,0.172,-0.7645,0.5966,0.9866,1.0976,37.828,0.0892,0.7976,0.2523
ffc19_Rep2_s1.png,0.3727,0.012,-1.9215,0.579,0.36,1.5868,1.6623,0.0619,1.4839,2.1647
ffc19_Rep2_s2.png,0.087,0.0218,-1.6611,0.308,0.5102,1.3156,5.9153,0.0332,1.9964,6.0168
ffc19_Rep2_s3.png,0.0287,0.0978,-1.0097,0.4283,0.9007,1.0528,19.751,0.0554,0.9908,-0.2914
ffc19_Rep2_s4.png,0.3113,0.0139,-1.8578,0.494,0.3774,1.5378,1.904,0.0661,1.0124,0.2844
ffc19_Rep2_s5.png,0.0231,0.1191,-0.9242,0.4117,0.9155,1.2288,22.0475,0.098,1.1815,1.2306
ffc19_Rep2_s6.png,0.3098,0.0118,-1.9276,0.4654,0.3673,1.5661,1.8562,0.0768,1.779,3.5846
ffc19_Rep2_s7.png,0.3542,0.0149,-1.8273,0.522,0.2408,1.5438,1.7987,0.0744,1.7597,3.4553
ffc1_Rep1_s0.png,0.0094,0.1022,-0.9906,0.5155,0.9875,1.1167,37.2277,0.0835,0.7871,0.021
ffc1_Rep1_s1.png,0.4256,0.0181,-1.742,0.6723,0.404,1.545,1.6457,0.0555,1.7248,3.1647
ffc1_Rep1_s2.png,0.1227,0.0191,-1.7193,0.369,0.5291,1.3708,4.4604,0.0359,1.7941,4.2652
ffc1_Rep1_s3.png,0.0131,0.0986,-1.0063,0.2783,0.94,0.9465,33.2708,0.0728,1.5102,1.2357
ffc1_Rep1_s4.png,0.3005,0.0125,-1.9046,0.4896,0.381,1.5494,1.9586,0.0658,1.6488,4.6592
ffc1_Rep1_s5.png,0.0531,0.0494,-1.3065,0.4897,0.9104,1.3386,10.2107,0.0963,2.1573,5.0142
ffc1_Rep1_s6.png,0.3334,0.014,-1.8532,0.5043,0.2517,1.546,1.8141,0.075,1.6444,2.4736
ffc1_Rep1_s7.png,0.3565,0.021,-1.678,0.5343,0.4433,1.4989,1.9266,0.0663,1.9526,4.5662
ffc1_Rep2_s0.png,0.0061,0.1088,-0.9633,0.3906,0.9929,1.031,38.1404,0.0711,0.9471,0.7697
ffc1_Rep2_s1.png,0.3466,0.012,-1.9192,0.5569,0.3302,1.5774,1.7013,0.0579,1.6945,3.2092
ffc1_Rep2_s2.png,0.0971,0.024,-1.6199,0.34,0.7327,1.343,5.509,0.0381,1.6284,3.5667
ffc1_Rep2_s3.png,0.0011,0.2331,-0.6324,0.6228,0.9982,0.7856,88.7816,0.0083,0.7803,0.799
ffc1_Rep2_s4.png,0.2952,0.0125,-1.9033,0.4852,0.4685,1.5486,1.9728,0.0628,1.9503,6.8035
ffc1_Rep2_s5.png,0.3142,0.0151,-1.8198,0.5137,0.2741,1.5321,2.0316,0.086,2.0646,4.5221
ffc1_Rep2_s6.png,0.3381,0.0137,-1.8631,0.5069,0.3328,1.5504,1.8032,0.0804,1.7561,3.0149
ffc1_Rep2_s7.png,0.3212,0.0247,-1.6079,0.4999,0.4339,1.4657,2.1571,0.0633,1.9583,4.0263
ffc20_Rep1_s0.png,0.1884,0.025,-1.6028,0.4821,0.7828,1.4737,3.2765,0.0692,1.5902,2.4891
ffc20_Rep1_s1.png,0.3799,0.0121,-1.9168,0.5949,0.38,1.5867,1.6508,0.0545,1.4304,2.0631
ffc20_Rep1_s2.png,0.1465,0.0172,-1.7647,0.3972,0.4242,1.4183,3.7606,0.0346,2.0079,5.8682
ffc20_Rep1_s3.png,0.0503,0.0402,-1.3956,0.2346,0.9084,1.1988,9.3251,0.0719,1.2504,1.282
ffc20_Rep1_s4.png,0.3298,0.0168,-1.7759,0.5401,0.3382,1.5263,1.9281,0.076,1.2015,0.6349
ffc20_Rep1_s5.png,0.0058,0.1934,-0.7134,0.6626,0.991,0.953,54.9633,0.105,0.6294,-0.2503
ffc20_Rep1_s6.png,0.3402,0.0124,-1.9082,0.5159,0.2497,1.5702,1.7594,0.0749,1.7324,3.2928
ffc20_Rep1_s7.png,0.4186,0.0285,-1.5454,0.6158,0.3521,1.4744,1.7652,0.0653,2.0845,5.0322
ffc20_Rep2_s0.png,0.2417,0.0242,-1.617,0.5358,0.6414,1.4562,2.7124,0.0663,1.7502,3.4312
ffc20_Rep2_s1.png,0.3821,0.012,-1.9202,0.5983,0.389,1.5919,1.6387,0.0573,1.357,1.5226
ffc20_Rep2_s2.png,0.1424,0.017,-1.7701,0.3965,0.4222,1.4188,4.052,0.0367,1.995,4.8765
ffc20_Rep2_s3.png,0.1043,0.0191,-1.7198,0.2403,0.8119,1.3798,4.6166,0.0742,1.0848,0.7255
ffc20_Rep2_s4.png,0.3209,0.0163,-1.7886,0.5257,0.3482,1.5215,1.9928,0.0727,1.2479,0.8368
ffc20_Rep2_s5.png,0.0097,0.1906,-0.7198,0.5283,0.9896,1.0425,36.9031,0.0943,0.8482,0.3298
ffc20_Rep2_s6.png,0.3676,0.013,-1.8848,0.5527,0.2583,1.5732,1.7041,0.065,1.9796,4.604
ffc20_Rep2_s7.png,0.4459,0.0371,-1.4312,0.6558,0.3532,1.4437,1.7433,0.0661,2.062,4.8168
ffc22_Rep1_s0.png,0.1264,0.0362,-1.441,0.1878,0.2684,1.3009,4.783,0.093,1.1627,1.0651
ffc22_Rep1_s1.png,0.3866,0.0126,-1.8983,0.6044,0.335,1.5851,1.6376,0.0553,1.4375,2.1318
ffc22_Rep1_s2.png,0.0899,0.0193,-1.7144,0.2924,0.7056,1.3459,5.4639,0.0329,1.8225,5.0239
ffc22_Rep1_s3.png,0.0396,0.0438,-1.359,0.2121,0.902,1.1668,12.702,0.0778,1.1431,0.9846
ffc22_Rep1_s4.png,0.2934,0.0143,-1.844,0.4787,0.3452,1.5283,2.0376,0.0741,1.2408,0.9258
ffc22_Rep1_s5.png,0.1677,0.0229,-1.6393,0.5061,0.8822,1.4691,3.7806,0.0808,2.2743,5.9708
ffc22_Rep1_s6.png,0.3086,0.0133,-1.8752,0.4695,0.2304,1.5525,1.8684,0.0743,1.724,3.1824
ffc22_Rep1_s7.png,0.3684,0.0209,-1.6804,0.5446,0.3227,1.5032,1.8545,0.0671,1.8109,3.732
ffc22_Rep2_s0.png,0.0115,0.1714,-0.766,0.5973,0.9869,1.0853,37.6673,0.1004,0.8121,0.0627
ffc22_Rep2_s1.png,0.353,0.014,-1.8534,0.5495,0.2492,1.5537,1.7795,0.0603,1.3121,1.5655
ffc22_Rep2_s2.png,0.0475,0.0421,-1.376,0.3259,0.8498,1.2135,11.1208,0.0362,1.2629,2.143
ffc22_Rep2_s3.png,0.0879,0.0244,-1.6124,0.2948,0.904,1.3292,5.8322,0.0647,1.4571,2.9274
ffc22_Rep2_s4.png,0.2874,0.0124,-1.908,0.4591,0.3193,1.5379,2.0002,0.0668,1.1209,0.9423
ffc22_Rep2_s5.png,0.2595,0.0162,-1.7918,0.4528,0.7011,1.499,2.4688,0.0765,2.1517,5.291
ffc22_Rep2_s6.png,0.3902,0.0151,-1.8215,0.5804,0.2467,1.5621,1.6632,0.0648,2.1322,5.1938
ffc22_Rep2_s7.png,0.3388,0.0167,-1.777,0.498,0.2591,1.5171,1.8928,0.0739,1.847,3.877
ffc23_Rep1_s0.png,0.0126,0.2282,-0.6417,0.7388,0.9844,1.0765,39.4778,0.0902,0.8069,0.1791
ffc23_Rep1_s1.png,0.3723,0.0121,-1.9172,0.5824,0.3178,1.5845,1.6554,0.0605,1.4046,1.8018
ffc23_Rep1_s2.png,0.0671,0.0268,-1.5712,0.3559,0.83,1.2837,7.2823,0.0303,2.1921,8.8372
ffc23_Rep1_s3.png,0.045,0.0377,-1.4239,0.2146,0.8922,1.1963,10.1342,0.0835,1.5496,2.4431
ffc23_Rep1_s4.png,0.3086,0.0118,-1.9267,0.5045,0.3359,1.5575,1.8827,0.0674,1.144,0.8535
ffc23_Rep1_s5.png,0.0123,0.2177,-0.662,0.5812,0.9889,1.0562,35.3149,0.0964,0.8548,0.1729
ffc23_Rep1_s6.png,0.3493,0.0135,-1.8698,0.5254,0.2666,1.5695,1.7584,0.0722,1.7856,3.4505
ffc23_Rep1_s7.png,0.3927,0.02,-1.6994,0.5794,0.3513,1.5171,1.7635,0.0695,1.9302,4.2475
ffc23_Rep2_s0.png,0.0166,0.1656,-0.7809,0.62,0.9886,1.158,29.3515,0.0882,0.8116,0.2346
ffc23_Rep2_s1.png,0.4044,0.0138,-1.8605,0.6319,0.4003,1.5802,1.6361,0.0564,1.4686,2.1054
ffc23_Rep2_s2.png,0.0941,0.0209,-1.6808,0.3381,0.5857,1.3547,5.5416,0.0316,1.7614,5.1745
ffc23_Rep2_s3.png,0.0568,0.0276,-1.559,0.2337,0.8986,1.266,7.859,0.0811,1.2436,1.3542
ffc23_Rep2_s4.png,0.2929,0.0129,-1.8885,0.4865,0.3601,1.5403,1.9978,0.0712,1.1864,1.0471
ffc23_Rep2_s5.png,0.0096,0.1957,-0.7085,0.5758,0.9915,1.036,38.3475,0.0971,0.8962,0.3214
ffc23_Rep2_s6.png,0.3359,0.0123,-1.909,0.5052,0.2413,1.574,1.7551,0.0707,1.8321,3.8198
ffc23_Rep2_s7.png,0.4083,0.0272,-1.5653,0.6018,0.364,1.4738,1.7909,0.0666,2.0185,4.6355
ffc24_Rep1_s0.png,0.0146,0.1782,-0.749,0.6115,0.9885,1.1337,32.7503,0.0945,0.9418,0.5451
ffc24_Rep1_s1.png,0.3273,0.0109,-1.9628,0.5153,0.3103,1.5792,1.7172,0.0529,1.1369,1.1229
ffc24_Rep1_s2.png,0.1322,0.0175,-1.7561,0.3781,0.5218,1.398,4.1243,0.0383,1.9162,4.5091
ffc24_Rep1_s3.png,0.0225,0.0547,-1.2621,0.2214,0.9282,1.0848,18.863,0.0821,1.167,0.1014
ffc24_Rep1_s4.png,0.3027,0.0139,-1.8567,0.5041,0.3378,1.5375,2.0059,0.0707,1.2491,1.2794
ffc24_Rep1_s5.png,0.0396,0.0719,-1.1432,0.5161,0.5706,1.2808,14.0299,0.0914,1.3853,1.7142
ffc24_Rep1_s6.png,0.2894,0.0158,-1.8019,0.4829,0.462,1.5294,2.0866,0.0699,1.8486,3.8363
ffc24_Rep1_s7.png,0.1821,0.0341,-1.4676,0.4564,0.8605,1.3582,3.5744,0.0622,1.8892,4.1398
ffc24_Rep2_s0.png,0.1186,0.042,-1.3766,0.4808,0.7638,1.3084,5.2263,0.0581,1.6374,2.3295
ffc24_Rep2_s1.png,0.364,0.0136,-1.8672,0.5748,0.3479,1.5651,1.7043,0.0542,1.3887,1.8884
ffc24_Rep2_s2.png,0.1182,0.0156,-1.8057,0.3601,0.5536,1.408,4.3197,0.0379,1.8506,4.0193
ffc24_Rep2_s3.png,0.1015,0.0213,-1.6715,0.2031,0.5408,1.3511,5.0196,0.0796,0.903,0.0121
ffc24_Rep2_s4.png,0.2802,0.0108,-1.9681,0.4663,0.4019,1.5571,1.9895,0.0633,1.9605,7.5251
ffc24_Rep2_s5.png,0.0717,0.0365,-1.4376,0.5107,0.8389,1.4209,7.7354,0.0807,2.0929,4.9779
ffc24_Rep2_s6.png,0.2092,0.0212,-1.6743,0.3627,0.7334,1.4535,2.7964,0.0751,1.517,2.0268
ffc24_Rep2_s7.png,0.3692,0.0226,-1.6463,0.552,0.4288,1.493,1.9197,0.0628,2.0914,4.9478
ffc25_Rep1_s0.png,0.0115,0.3227,-0.4912,0.8372,0.9813,1.021,44.1829,0.0926,0.8717,0.4046
ffc25_Rep1_s1.png,0.3705,0.0136,-1.8661,0.5788,0.3094,1.5675,1.7284,0.0609,1.4648,1.9048
ffc25_Rep1_s2.png,0.0547,0.0362,-1.4412,0.3228,0.7913,1.2222,9.9052,0.0328,1.5909,3.5344
ffc25_Rep1_s3.png,0.0305,0.0477,-1.3216,0.2246,0.9581,1.1378,14.3927,0.0748,1.6297,3.3903
ffc25_Rep1_s4.png,0.2938,0.0117,-1.9301,0.4788,0.3479,1.5564,1.9176,0.0703,1.034,0.485
ffc25_Rep1_s5.png,0.2821,0.0174,-1.7586,0.4939,0.6885,1.5106,2.3686,0.0788,2.1685,5.4591
ffc25_Rep1_s6.png,0.3682,0.0142,-1.8477,0.5525,0.2883,1.5714,1.7262,0.0692,1.9321,4.077
ffc25_Rep1_s7.png,0.346,0.0167,-1.7769,0.5124,0.2837,1.5263,1.8745,0.0716,1.7221,3.478
ffc25_Rep2_s0.png,0.0149,0.1701,-0.7693,0.613,0.989,1.129,31.6318,0.0894,0.7724,0.1345
ffc25_Rep2_s1.png,0.3806,0.0133,-1.875,0.5942,0.2954,1.5734,1.6988,0.0567,1.5061,2.3249
ffc25_Rep2_s2.png,0.111,0.0259,-1.587,0.3512,0.6823,1.3431,5.3488,0.0477,2.0318,5.3945
ffc25_Rep2_s3.png,0.0406,0.0546,-1.263,0.2874,0.9525,1.162,13.625,0.0706,1.5702,2.9578
ffc25_Rep2_s4.png,0.2702,0.0107,-1.9702,0.4489,0.352,1.5542,1.9732,0.0763,0.8605,-0.1165
ffc25_Rep2_s5.png,0.288,0.0175,-1.7579,0.5089,0.6914,1.5081,2.3494,0.0772,2.2087,5.6796
ffc25_Rep2_s6.png,0.3673,0.0129,-1.8886,0.5505,0.2661,1.5831,1.7059,0.0728,1.9478,4.1143
ffc25_Rep2_s7.png,0.3372,0.015,-1.8251,0.5005,0.2604,1.539,1.8736,0.0713,1.7459,3.5828
ffc26_Rep1_s0.png,0.1427,0.0357,-1.447,0.5266,0.5061,1.3318,4.5911,0.0701,1.3709,1.2524
ffc26_Rep1_s1.png,0.2179,0.0171,-1.7671,0.3403,0.3487,1.4599,2.6412,0.0647,1.1596,0.9409
ffc26_Rep1_s2.png,0.0266,0.0684,-1.1647,0.365,0.7023,1.0452,19.595,0.0361,1.4566,3.1055
ffc26_Rep1_s3.png,0.0296,0.0757,-1.1208,0.3478,0.9488,1.075,18.0766,0.057,1.1093,0.177
ffc26_Rep1_s4.png,0.2941,0.0102,-1.9898,0.4755,0.3198,1.569,1.8273,0.0662,0.8653,0.0858
ffc26_Rep1_s5.png,0.1327,0.0245,-1.61,0.5001,0.9106,1.434,4.5279,0.0845,2.0487,4.8249
ffc26_Rep1_s6.png,0.3362,0.013,-1.8874,0.5038,0.2336,1.5665,1.7762,0.0784,1.8012,3.3222
ffc26_Rep1_s7.png,0.368,0.0201,-1.696,0.5396,0.3013,1.5025,1.8524,0.074,1.9034,4.0397
ffc26_Rep2_s0.png,0.1444,0.0294,-1.5322,0.5096,0.3952,1.3666,4.3083,0.0684,1.1351,0.4535
ffc26_Rep2_s1.png,0.3608,0.0113,-1.9464,0.5627,0.291,1.5926,1.6524,0.0601,1.2147,1.2159
ffc26_Rep2_s2.png,0.043,0.0303,-1.5189,0.2616,0.8341,1.2196,10.8442,0.0341,1.6656,3.9669
ffc26_Rep2_s3.png,0.0168,0.1779,-0.7499,0.5295,0.835,0.9324,34.9129,0.0575,1.2876,0.5888
ffc26_Rep2_s4.png,0.294,0.0109,-1.9613,0.4745,0.3247,1.5631,1.8858,0.0667,0.9216,0.1591
ffc26_Rep2_s5.png,0.1152,0.0269,-1.5701,0.4974,0.9314,1.4292,5.0109,0.0894,1.8881,3.7511
ffc26_Rep2_s6.png,0.2998,0.0145,-1.8376,0.4915,0.5037,1.5361,2.0118,0.0697,1.9605,4.5183
ffc26_Rep2_s7.png,0.3649,0.0208,-1.6818,0.5363,0.316,1.4999,1.8589,0.0746,1.7727,3.4447
ffc27_Rep1_s0.png,0.0189,0.2099,-0.6781,0.6401,0.9891,1.1378,27.7627,0.0841,1.0397,0.8353
ffc27_Rep1_s1.png,0.435,0.0166,-1.7786,0.6796,0.339,1.5634,1.6149,0.0582,1.5546,2.209
ffc27_Rep1_s2.png,0.1689,0.0163,-1.7878,0.3868,0.6443,1.4359,3.3012,0.0509,2.6579,9.8283
ffc27_Rep1_s3.png,0.1672,0.0144,-1.8409,0.2768,0.5335,1.4534,3.2118,0.0758,1.5305,3.3121
ffc27_Rep1_s4.png,0.2874,0.0128,-1.8911,0.471,0.3555,1.5377,2.0295,0.0685,1.214,1.2061
ffc27_Rep1_s5.png,0.1423,0.0253,-1.5967,0.4401,0.8931,1.4495,4.3354,0.0833,2.0494,4.8169
ffc27_Rep1_s6.png,0.3743,0.014,-1.8548,0.5625,0.2198,1.5766,1.6895,0.0699,2.0008,4.4712
ffc27_Rep1_s7.png,0.4012,0.0207,-1.6832,0.5918,0.3252,1.5124,1.7707,0.0639,2.1719,5.7632
ffc27_Rep2_s0.png,0.1987,0.0219,-1.6603,0.2927,0.3117,1.4271,3.0628,0.0799,1.2952,1.4856
ffc27_Rep2_s1.png,0.418,0.0152,-1.8185,0.6527,0.3646,1.5707,1.6287,0.0595,1.5232,2.1396
ffc27_Rep2_s2.png,0.1452,0.0171,-1.7663,0.3815,0.4351,1.404,3.7613,0.0357,2.4219,8.3736
ffc27_Rep2_s3.png,0.06,0.0472,-1.3264,0.2451,0.8747,1.212,9.1324,0.0835,1.3936,1.9527
ffc27_Rep2_s4.png,0.3067,0.0134,-1.8719,0.4988,0.3344,1.5458,1.9561,0.0687,1.1896,0.8619
ffc27_Rep2_s5.png,0.2782,0.0151,-1.8204,0.4451,0.3118,1.5145,2.2739,0.0828,1.9258,4.0092
ffc27_Rep2_s6.png,0.3716,0.0134,-1.8715,0.5544,0.2477,1.5756,1.686,0.0647,2.0292,4.5746
ffc27_Rep2_s7.png,0.4382,0.0283,-1.5487,0.6407,0.3506,1.4773,1.7183,0.0662,2.2354,5.6228
ffc29_Rep1_s0.png,0.127,0.0519,-1.2849,0.5693,0.5179,1.3315,5.3736,0.0675,1.7279,2.6574
ffc29_Rep1_s1.png,0.4042,0.0178,-1.7485,0.6241,0.2759,1.5406,1.6644,0.0638,1.6151,2.7229
ffc29_Rep1_s2.png,0.0478,0.0329,-1.4834,0.2966,0.801,1.3464,9.8715,0.043,1.932,3.7899
ffc29_Rep1_s3.png,0.0131,0.217,-0.6636,0.6345,0.6999,0.8803,43.903,0.0231,1.8953,4.2656
ffc29_Rep1_s4.png,0.2589,0.018,-1.7451,0.404,0.3735,1.4731,2.3337,0.0603,1.3614,1.95
ffc29_Rep1_s5.png,0.0314,0.1033,-0.9859,0.3888,0.845,1.1716,18.4497,0.0957,1.1224,0.6325
ffc29_Rep1_s6.png,0.1926,0.0234,-1.6306,0.2871,0.4441,1.3987,3.0328,0.0811,1.5134,2.2045
ffc29_Rep1_s7.png,0.2995,0.0192,-1.7174,0.4394,0.348,1.4761,2.1481,0.0833,1.8995,3.6139
ffc29_Rep2_s0.png,0.1105,0.0438,-1.3587,0.5118,0.3992,1.3547,5.9126,0.0797,1.7317,2.8927
ffc29_Rep2_s1.png,0.3687,0.017,-1.7694,0.5701,0.3011,1.5361,1.7609,0.0619,1.6765,3.2829
ffc29_Rep2_s2.png,0.0262,0.0505,-1.2967,0.3379,0.7853,1.1915,16.8427,0.0477,1.738,3.018
ffc29_Rep2_s3.png,0.0033,0.0936,-1.0288,0.2892,0.9944,0.9404,40.5234,0.0688,0.568,-0.7114
ffc29_Rep2_s4.png,0.2007,0.0195,-1.7103,0.3158,0.3892,1.4184,2.9346,0.0753,1.8358,5.1136
ffc29_Rep2_s5.png,0.0664,0.0346,-1.4614,0.4628,0.6282,1.4063,8.1251,0.0758,1.8315,3.8304
ffc29_Rep2_s6.png,0.0833,0.0471,-1.3268,0.3024,0.9316,1.3106,6.9379,0.0803,1.35,1.7648
ffc29_Rep2_s7.png,0.019,0.293,-0.5332,0.7191,0.9743,1.0897,32.049,0.1048,1.0281,0.4027
ffc2_Rep1_s0.png,0.0854,0.0292,-1.5343,0.475,0.8049,1.3246,6.33,0.0733,0.9357,0.1157
ffc2_Rep1_s1.png,0.3468,0.0128,-1.8915,0.5395,0.303,1.5642,1.7776,0.063,1.282,1.5027
ffc2_Rep1_s2.png,0.0483,0.0334,-1.4765,0.3571,0.787,1.2378,10.2659,0.0412,1.5598,3.2806
ffc2_Rep1_s3.png,0.0146,0.2165,-0.6645,0.5543,0.6713,0.9106,39.5777,0.0422,2.0463,3.9098
ffc2_Rep1_s4.png,0.3087,0.0092,-2.0347,0.4862,0.3365,1.5918,1.7747,0.0655,1.3819,3.1404
ffc2_Rep1_s5.png,0.0216,0.1079,-0.967,0.3636,0.8998,1.1704,22.8787,0.0937,0.8641,0.0571
ffc2_Rep1_s6.png,0.1382,0.0335,-1.4743,0.4242,0.8154,1.3625,4.2652,0.0719,1.5826,2.6221
ffc2_Rep1_s7.png,0.1849,0.0422,-1.3749,0.5296,0.8446,1.336,3.6972,0.0709,1.7989,3.5262
ffc2_Rep2_s0.png,0.0116,0.1235,-0.9082,0.5313,0.9894,1.1259,34.5221,0.0873,0.7956,0.2315
ffc2_Rep2_s1.png,0.3476,0.0142,-1.8479,0.5405,0.3455,1.5477,1.8188,0.0644,1.1527,0.8299
ffc2_Rep2_s2.png,0.0224,0.083,-1.0808,0.4289,0.9032,1.0641,21.3913,0.0477,1.3507,1.919
ffc2_Rep2_s3.png,0.0177,0.2699,-0.5687,0.6385,0.4991,0.8971,36.2742,0.0434,1.6422,2.1165
ffc2_Rep2_s4.png,0.3293,0.0097,-2.013,0.5157,0.2094,1.5947,1.717,0.067,1.7759,5.9457
ffc2_Rep2_s5.png,0.0256,0.0806,-1.0937,0.3987,0.8573,1.2495,19.026,0.0955,1.0302,0.3829
ffc2_Rep2_s6.png,0.2918,0.0164,-1.7855,0.4794,0.478,1.5167,2.0512,0.0641,1.9514,4.3667
ffc2_Rep2_s7.png,0.2941,0.0202,-1.6952,0.4337,0.293,1.4703,2.1834,0.0785,1.7116,3.0912
ffc30_Rep1_s0.png,0.0107,0.2225,-0.6528,0.7032,0.9882,1.0451,41.0981,0.0999,0.7321,-0.0632
ffc30_Rep1_s1.png,0.4114,0.0164,-1.7858,0.6441,0.3546,1.5581,1.6521,0.0546,1.5682,2.4301
ffc30_Rep1_s2.png,0.0061,0.1462,-0.835,0.3548,0.5456,1.0874,60.6706,0.0312,2.0411,5.62
ffc30_Rep1_s3.png,0.0598,0.0359,-1.4446,0.1947,0.7305,1.2136,8.4712,0.0724,1.2384,1.6781
ffc30_Rep1_s4.png,0.3025,0.0122,-1.913,0.4994,0.3621,1.5534,1.9326,0.0674,1.2164,1.151
ffc30_Rep1_s5.png,0.0757,0.0456,-1.3408,0.5363,0.8236,1.4001,7.9166,0.0828,2.0944,4.7759
ffc30_Rep1_s6.png,0.3024,0.0107,-1.9702,0.4619,0.3649,1.5679,1.8917,0.0675,1.5407,2.6266
ffc30_Rep1_s7.png,0.4073,0.0221,-1.6548,0.6023,0.362,1.5082,1.7438,0.0669,1.9427,4.3497
ffc30_Rep2_s0.png,0.0146,0.2366,-0.6261,0.7179,0.9873,1.0819,34.2886,0.1024,0.9091,0.4315
ffc30_Rep2_s1.png,0.4102,0.0147,-1.8324,0.6431,0.3964,1.5718,1.6436,0.0557,1.5366,2.1163
ffc30_Rep2_s2.png,0.0535,0.0221,-1.6562,0.2974,0.8151,1.2661,7.8959,0.0275,1.8491,4.6239
ffc30_Rep2_s3.png,0.0679,0.0275,-1.5604,0.2022,0.7935,1.2685,6.8591,0.0817,1.1977,0.7572
ffc30_Rep2_s4.png,0.2924,0.0138,-1.8586,0.487,0.3508,1.5326,2.0301,0.0686,1.23,0.9427
ffc30_Rep2_s5.png,0.0114,0.1882,-0.7254,0.6088,0.987,1.0603,36.2079,0.0945,0.7465,0.1291
ffc30_Rep2_s6.png,0.3593,0.0119,-1.9231,0.5406,0.2502,1.5865,1.6878,0.0655,1.8523,3.9034
ffc30_Rep2_s7.png,0.4171,0.021,-1.6787,0.6161,0.3119,1.5168,1.7085,0.0654,1.927,4.3612
ffc31_Rep1_s0.png,0.1561,0.0329,-1.4825,0.4573,0.4723,1.3541,3.9647,0.0632,1.6599,2.4598
ffc31_Rep1_s1.png,0.3671,0.0112,-1.9511,0.5739,0.3454,1.5943,1.6503,0.0549,1.3379,1.7899
ffc31_Rep1_s2.png,0.0975,0.0177,-1.7518,0.3182,0.6018,1.368,5.1146,0.0326,1.8549,5.0529
ffc31_Rep1_s3.png,0.0592,0.0291,-1.5358,0.2276,0.9782,1.2662,8.0739,0.0708,1.3092,2.0677
ffc31_Rep1_s4.png,0.3329,0.0134,-1.8718,0.5411,0.3085,1.5567,1.8228,0.0723,1.1762,0.634
ffc31_Rep1_s5.png,0.0191,0.1267,-0.8973,0.3296,0.8135,1.144,24.8331,0.1064,0.8597,-0.0085
ffc31_Rep1_s6.png,0.3464,0.0134,-1.8742,0.5197,0.2945,1.5675,1.7589,0.0739,1.9185,4.1683
ffc31_Rep1_s7.png,0.3777,0.0171,-1.7669,0.558,0.2691,1.5371,1.7611,0.0712,1.7242,3.3266
ffc31_Rep2_s0.png,0.1431,0.026,-1.5851,0.4747,0.2985,1.3836,4.1896,0.0769,1.0346,0.0658
ffc31_Rep2_s1.png,0.3731,0.0119,-1.9257,0.5832,0.3456,1.5871,1.6585,0.056,1.3661,1.9706
ffc31_Rep2_s2.png,0.0915,0.0213,-1.6722,0.3087,0.6746,1.335,5.7319,0.0332,1.9342,5.612
ffc31_Rep2_s3.png,0.0439,0.0355,-1.4504,0.2234,0.9681,1.1911,11.437,0.0728,1.4743,2.659
ffc31_Rep2_s4.png,0.3114,0.0096,-2.0168,0.5046,0.3217,1.5909,1.7937,0.0705,1.1815,1.2996
ffc31_Rep2_s5.png,0.0111,0.1548,-0.8103,0.5405,0.9886,1.0768,35.6812,0.0962,0.8387,0.2184
ffc31_Rep2_s6.png,0.3081,0.0152,-1.8195,0.5086,0.4611,1.5256,1.9851,0.069,1.8563,3.9186
ffc31_Rep2_s7.png,0.3658,0.016,-1.795,0.5421,0.289,1.538,1.7881,0.073,1.6423,2.9179
ffc32_Rep1_s0.png,0.1806,0.031,-1.5093,0.5117,0.8485,1.452,3.6372,0.0684,1.7103,3.102
ffc32_Rep1_s1.png,0.3943,0.0146,-1.836,0.6171,0.3595,1.567,1.6642,0.0588,1.4123,1.6255
ffc32_Rep1_s2.png,0.084,0.0193,-1.7145,0.2792,0.5925,1.3523,5.6548,0.0405,2.0583,4.9003
ffc32_Rep1_s3.png,0.0555,0.0392,-1.4063,0.2302,0.8899,1.2151,9.2302,0.0753,1.3744,2.3168
ffc32_Rep1_s4.png,0.2961,0.0138,-1.8605,0.4905,0.3512,1.5356,1.9993,0.0688,1.2053,0.8843
ffc32_Rep1_s5.png,0.0092,0.1977,-0.7039,0.5706,0.9917,1.042,38.6238,0.0976,0.9292,0.521
ffc32_Rep1_s6.png,0.3544,0.0125,-1.9029,0.5328,0.2405,1.5772,1.7091,0.0693,1.7295,3.0499
ffc32_Rep1_s7.png,0.392,0.0169,-1.772,0.5785,0.2722,1.5367,1.7285,0.0652,1.9379,4.5046
ffc32_Rep2_s0.png,0.0149,0.1753,-0.7563,0.6546,0.9882,1.1343,32.3862,0.0966,0.8616,0.3163
ffc32_Rep2_s1.png,0.4316,0.0183,-1.7386,0.6741,0.4035,1.5503,1.641,0.0584,1.5091,1.9448
ffc32_Rep2_s2.png,0.1414,0.0226,-1.6454,0.368,0.7852,1.3921,4.1904,0.0572,2.4334,7.482
ffc32_Rep2_s3.png,0.163,0.0144,-1.8412,0.2923,0.6189,1.455,3.2427,0.0762,1.2988,2.1289
ffc32_Rep2_s4.png,0.2947,0.0125,-1.9042,0.488,0.3575,1.5459,1.9571,0.0687,1.1756,0.8312
ffc32_Rep2_s5.png,0.0958,0.0399,-1.3995,0.536,0.8327,1.4147,6.3555,0.0778,2.585,8.1031
ffc32_Rep2_s6.png,0.3813,0.0137,-1.8628,0.5728,0.221,1.5732,1.6653,0.0677,1.901,3.854
ffc32_Rep2_s7.png,0.414,0.0189,-1.7231,0.6106,0.2775,1.5329,1.6885,0.0665,2.0733,5.4056
ffc33_Rep1_s0.png,0.2565,0.0153,-1.8149,0.5091,0.3673,1.5158,2.3743,0.0639,1.7086,3.4643
ffc33_Rep1_s1.png,0.4404,0.0185,-1.7319,0.6871,0.4425,1.5493,1.6291,0.0592,1.6373,2.5934
ffc33_Rep1_s2.png,0.083,0.0226,-1.6456,0.3038,0.8317,1.3219,6.0769,0.036,1.7971,3.9715
ffc33_Rep1_s3.png,0.0638,0.0299,-1.5244,0.2344,0.8852,1.2719,7.7388,0.0797,1.6423,3.4358
ffc33_Rep1_s4.png,0.299,0.0129,-1.8911,0.4878,0.3375,1.5471,1.9684,0.0708,1.1851,0.7679
ffc33_Rep1_s5.png,0.1412,0.0252,-1.599,0.4353,0.899,1.4447,4.3748,0.0862,2.0625,4.6814
ffc33_Rep1_s6.png,0.3329,0.0134,-1.8716,0.5024,0.1835,1.5613,1.7868,0.0648,1.8514,3.7458
ffc33_Rep1_s7.png,0.3893,0.0181,-1.7419,0.5732,0.3428,1.5294,1.7616,0.0692,1.965,4.4201
ffc33_Rep2_s0.png,0.1189,0.0285,-1.5453,0.4585,0.7848,1.3676,4.9337,0.0543,1.3062,0.9595
ffc33_Rep2_s1.png,0.4251,0.0172,-1.7634,0.6632,0.4362,1.5519,1.6459,0.0618,1.6735,2.7244
ffc33_Rep2_s2.png,0.1431,0.0193,-1.7152,0.399,0.4559,1.3837,4.0035,0.036,2.3072,8.5721
ffc33_Rep2_s3.png,0.0574,0.0295,-1.5296,0.2086,0.8766,1.2389,8.1447,0.0727,1.7069,3.7788
ffc33_Rep2_s4.png,0.2899,0.0125,-1.9018,0.475,0.3677,1.5408,1.9853,0.072,1.133,0.7527
ffc33_Rep2_s5.png,0.0145,0.0827,-1.0825,0.3772,0.9357,1.1786,29.5319,0.1154,0.7122,-0.5462
ffc33_Rep2_s6.png,0.2888,0.0144,-1.8404,0.4753,0.4716,1.5289,2.0119,0.0652,1.846,3.8047
ffc33_Rep2_s7.png,0.395,0.0217,-1.6627,0.5818,0.3725,1.5038,1.7731,0.0689,1.9478,4.3054
ffc34_Rep1_s0.png,0.0145,0.1947,-0.7107,0.669,0.9739,1.0844,35.3057,0.0905,0.759,-0.216
ffc34_Rep1_s1.png,0.4175,0.0146,-1.8356,0.655,0.3393,1.574,1.6184,0.0561,1.4915,2.0924
ffc34_Rep1_s2.png,0.0358,0.0318,-1.497,0.2332,0.6509,1.1695,11.3229,0.0332,1.786,3.3371
ffc34_Rep1_s3.png,0.1514,0.0161,-1.7936,0.2736,0.5749,1.4252,3.5801,0.0808,1.3508,2.4088
ffc34_Rep1_s4.png,0.2979,0.013,-1.885,0.4911,0.3459,1.5429,1.9749,0.0711,1.1603,0.7637
ffc34_Rep1_s5.png,0.148,0.0274,-1.563,0.4911,0.9032,1.4392,4.3759,0.0862,2.0664,4.673
ffc34_Rep1_s6.png,0.3453,0.013,-1.886,0.5195,0.268,1.5728,1.7413,0.068,1.7663,3.3092
ffc34_Rep1_s7.png,0.3872,0.0188,-1.7251,0.5742,0.3178,1.5275,1.7815,0.0672,2.0761,5.1104
ffc34_Rep2_s0.png,0.0126,0.1685,-0.7735,0.6448,0.9869,1.0984,36.9165,0.0973,0.903,0.4154
ffc34_Rep2_s1.png,0.3943,0.0128,-1.8928,0.6157,0.3156,1.5843,1.6348,0.056,1.4744,2.0902
ffc34_Rep2_s2.png,0.0576,0.031,-1.5093,0.3499,0.7743,1.2439,8.3768,0.0391,1.9824,4.5015
ffc34_Rep2_s3.png,0.1416,0.0159,-1.7998,0.2571,0.5858,1.4136,3.684,0.0805,1.2165,1.7543
ffc34_Rep2_s4.png,0.3078,0.0146,-1.8355,0.5036,0.3584,1.5333,1.9848,0.0707,1.1916,0.8139
ffc34_Rep2_s5.png,0.0753,0.0519,-1.285,0.5534,0.8793,1.3822,8.1714,0.0877,2.3621,6.3138
ffc34_Rep2_s6.png,0.381,0.0148,-1.8292,0.571,0.2337,1.5632,1.6824,0.0664,2.0304,4.5465
ffc34_Rep2_s7.png,0.388,0.0199,-1.7016,0.574,0.3352,1.5195,1.788,0.0705,2.019,4.5839
ffc36_Rep1_s0.png,0.2601,0.0182,-1.7388,0.5219,0.3879,1.4936,2.4627,0.064,1.6052,2.7025
ffc36_Rep1_s1.png,0.3567,0.0121,-1.9179,0.5595,0.3597,1.5798,1.6949,0.0579,1.2747,1.3523
ffc36_Rep1_s2.png,0.1203,0.0203,-1.6922,0.3491,0.5166,1.3625,4.63,0.0353,1.9219,5.3932
ffc36_Rep1_s3.png,0.0154,0.1555,-0.8084,0.4898,0.8785,1.0564,30.1199,0.076,0.7544,-0.6758
ffc36_Rep1_s4.png,0.3453,0.0125,-1.9027,0.5649,0.3942,1.5703,1.7461,0.068,1.1954,1.1838
ffc36_Rep1_s5.png,0.1004,0.0407,-1.3908,0.5575,0.8119,1.4247,6.2434,0.0782,2.6183,8.1645
ffc36_Rep1_s6.png,0.3242,0.0147,-1.8327,0.5313,0.421,1.535,1.9303,0.0688,1.9595,4.4078
ffc36_Rep1_s7.png,0.1739,0.0373,-1.4283,0.5256,0.8891,1.419,3.889,0.0653,1.7992,3.7044
ffc36_Rep2_s0.png,0.0132,0.2075,-0.683,0.6876,0.9865,1.0811,35.8037,0.1032,0.8817,0.1449
ffc36_Rep2_s1.png,0.3401,0.0107,-1.9707,0.5336,0.3455,1.5881,1.6833,0.0623,1.1524,1.0247
ffc36_Rep2_s2.png,0.0999,0.0206,-1.6854,0.3189,0.6826,1.338,5.2981,0.0317,1.8797,4.9068
ffc36_Rep2_s3.png,0.0403,0.0406,-1.3919,0.1938,0.8992,1.1644,11.2158,0.0781,1.4252,1.8725
ffc36_Rep2_s4.png,0.2876,0.0119,-1.9237,0.4808,0.3668,1.5496,1.9789,0.0746,1.1032,0.5656
ffc36_Rep2_s5.png,0.0109,0.2155,-0.6665,0.6022,0.9893,1.0454,37.222,0.0997,0.811,0.247
ffc36_Rep2_s6.png,0.3714,0.0128,-1.892,0.5581,0.2419,1.5761,1.6999,0.0716,1.8114,3.6718
ffc36_Rep2_s7.png,0.3531,0.0179,-1.747,0.5257,0.2939,1.5167,1.8782,0.0697,1.7087,3.1692
ffc37_Rep1_s0.png,0.0138,0.1787,-0.7479,0.6729,0.9886,1.1154,34.3132,0.0956,0.8986,0.4103
ffc37_Rep1_s1.png,0.453,0.0213,-1.6718,0.7077,0.3444,1.5318,1.6277,0.056,1.5951,2.4381
ffc37_Rep1_s2.png,0.1261,0.0159,-1.7997,0.3663,0.5189,1.4093,4.0322,0.0328,2.0507,6.1802
ffc37_Rep1_s3.png,0.1146,0.02,-1.6982,0.2547,0.6578,1.3866,4.6809,0.0733,1.7652,4.3502
ffc37_Rep1_s4.png,0.3281,0.0126,-1.9012,0.5347,0.329,1.5647,1.832,0.0679,1.2229,0.9099
ffc37_Rep1_s5.png,0.071,0.0451,-1.3463,0.5239,0.8932,1.3933,8.1944,0.0893,2.3235,5.9034
ffc37_Rep1_s6.png,0.3666,0.0136,-1.8661,0.5526,0.259,1.5681,1.7104,0.0713,1.8417,3.3999
ffc37_Rep1_s7.png,0.4249,0.0281,-1.5518,0.6244,0.2925,1.4777,1.7607,0.0655,2.0849,5.0843
ffc37_Rep2_s0.png,0.012,0.1722,-0.764,0.6155,0.9885,1.0841,36.5367,0.0949,0.8862,0.4658
ffc37_Rep2_s1.png,0.4398,0.0179,-1.7465,0.6885,0.3721,1.552,1.6272,0.0568,1.5553,2.2894
ffc37_Rep2_s2.png,0.1238,0.0149,-1.8274,0.3331,0.4853,1.4147,3.9614,0.0302,2.0566,5.9826
ffc37_Rep2_s3.png,0.0668,0.0354,-1.4512,0.2518,0.877,1.2525,7.7559,0.0806,1.0918,0.9907
ffc37_Rep2_s4.png,0.3009,0.0109,-1.9611,0.501,0.3392,1.5692,1.8645,0.0673,1.1575,1.1747
ffc37_Rep2_s5.png,0.0687,0.0644,-1.1914,0.567,0.7815,1.3415,9.0048,0.0897,2.2639,5.572
ffc37_Rep2_s6.png,0.3454,0.013,-1.8868,0.522,0.2463,1.5745,1.7476,0.0764,1.8936,3.8536
ffc37_Rep2_s7.png,0.397,0.0231,-1.6358,0.5893,0.3028,1.5,1.8149,0.0651,2.049,5.1303
ffc38_Rep1_s0.png,0.013,0.1739,-0.7597,0.6272,0.9879,1.1097,34.9047,0.1029,0.8936,0.406
ffc38_Rep1_s1.png,0.4231,0.0163,-1.7875,0.6633,0.4027,1.5635,1.6348,0.0578,1.6339,2.6285
ffc38_Rep1_s2.png,0.1032,0.0165,-1.7829,0.3125,0.5146,1.3825,4.5467,0.0301,1.9959,5.844
ffc38_Rep1_s3.png,0.0831,0.0265,-1.5761,0.2031,0.5614,1.3167,6.2343,0.0807,1.1864,1.0605
ffc38_Rep1_s4.png,0.275,0.0137,-1.8638,0.4563,0.3518,1.5261,2.081,0.0694,1.1141,0.6245
ffc38_Rep1_s5.png,0.0709,0.0488,-1.3113,0.5307,0.8716,1.3803,8.4666,0.0862,2.3581,6.3304
ffc38_Rep1_s6.png,0.3725,0.0129,-1.8896,0.5595,0.2713,1.574,1.6789,0.0702,1.6814,2.8628
ffc38_Rep1_s7.png,0.3835,0.0157,-1.8047,0.5684,0.2052,1.5488,1.7236,0.066,1.7872,3.9362
ffc38_Rep2_s0.png,0.1377,0.0296,-1.5281,0.4315,0.838,1.4318,4.4127,0.074,1.5783,2.6144
ffc38_Rep2_s1.png,0.3653,0.0115,-1.9389,0.5722,0.34,1.59,1.6622,0.0577,1.3608,1.6647
ffc38_Rep2_s2.png,0.0634,0.0272,-1.5649,0.3479,0.8251,1.2851,7.7609,0.0264,1.9693,6.7684
ffc38_Rep2_s3.png,0.0543,0.0332,-1.4794,0.2296,0.8993,1.2316,8.4775,0.0852,1.1167,0.8017
ffc38_Rep2_s4.png,0.2723,0.0116,-1.934,0.4559,0.3852,1.5445,2.0382,0.0733,1.2124,1.3516
ffc38_Rep2_s5.png,0.0609,0.0618,-1.2089,0.5001,0.746,1.3297,9.7151,0.0813,2.6076,8.1993
ffc38_Rep2_s6.png,0.3411,0.0132,-1.8779,0.516,0.2442,1.5623,1.7742,0.0783,1.6708,2.7962
ffc38_Rep2_s7.png,0.4027,0.0214,-1.6701,0.5942,0.2719,1.5118,1.76,0.0659,1.9989,4.789
ffc39_Rep1_s0.png,0.0125,0.1771,-0.7518,0.6309,0.9882,1.0951,35.7416,0.0971,0.788,-0.0327
ffc39_Rep1_s1.png,0.4211,0.0175,-1.7558,0.655,0.4089,1.5506,1.6428,0.0611,1.5294,2.1408
ffc39_Rep1_s2.png,0.0291,0.0543,-1.2651,0.3984,0.6277,1.1974,17.375,0.0344,1.9823,7.0841
ffc39_Rep1_s3.png,0.0624,0.0377,-1.424,0.2436,0.8904,1.247,8.2642,0.0856,1.8578,3.9548
ffc39_Rep1_s4.png,0.3871,0.0169,-1.773,0.6089,0.3999,1.5422,1.7379,0.0754,1.3278,1.1706
ffc39_Rep1_s5.png,0.045,0.053,-1.2759,0.541,0.862,1.3226,12.1988,0.0932,1.5087,1.8852
ffc39_Rep1_s6.png,0.1737,0.0247,-1.6074,0.4678,0.8147,1.4384,3.3984,0.0636,1.9605,4.1068
ffc39_Rep1_s7.png,0.4092,0.026,-1.5848,0.6005,0.401,1.4843,1.7706,0.0693,2.0595,4.8509
ffc39_Rep2_s0.png,0.1484,0.0386,-1.4129,0.5307,0.276,1.3472,4.3826,0.0623,1.5489,1.7795
ffc39_Rep2_s1.png,0.4066,0.0168,-1.7744,0.6331,0.4026,1.5539,1.6564,0.0626,1.4389,1.7267
ffc39_Rep2_s2.png,0.0301,0.0474,-1.3244,0.3475,0.7196,1.1565,15.3546,0.0345,1.6947,5.3602
ffc39_Rep2_s3.png,0.0413,0.0659,-1.1814,0.3218,0.9439,1.1526,13.4231,0.0846,1.7909,3.5293
ffc39_Rep2_s4.png,0.3441,0.0121,-1.9162,0.5491,0.4152,1.569,1.7939,0.0647,1.9,6.4873
ffc39_Rep2_s5.png,0.0301,0.0947,-1.0236,0.4965,0.605,1.208,18.0517,0.0913,1.1496,0.7248
ffc39_Rep2_s6.png,0.3121,0.0138,-1.8588,0.4715,0.1767,1.5537,1.8914,0.0716,1.6795,2.9222
ffc39_Rep2_s7.png,0.4134,0.0272,-1.5658,0.6064,0.39,1.4782,1.767,0.0697,2.1079,5.0482
ffc3_Rep1_s0.png,0.0086,0.1517,-0.8191,0.5127,0.9928,1.0488,38.5492,0.0728,0.9176,0.4993
ffc3_Rep1_s1.png,0.374,0.0122,-1.9139,0.5851,0.2875,1.5843,1.6451,0.0564,1.3242,1.6911
ffc3_Rep1_s2.png,0.0858,0.0194,-1.7124,0.2854,0.5783,1.3408,5.6148,0.0378,1.451,3.1016
ffc3_Rep1_s3.png,0.027,0.0665,-1.1774,0.2564,0.9176,1.0731,18.8536,0.0729,0.9619,-0.4145
ffc3_Rep1_s4.png,0.2586,0.0117,-1.9331,0.4201,0.5012,1.5307,2.1334,0.0665,2.6347,12.9322
ffc3_Rep1_s5.png,0.0057,0.1898,-0.7217,0.68,0.9925,0.9439,54.1417,0.1053,0.5732,-0.5589
ffc3_Rep1_s6.png,0.2118,0.0215,-1.6678,0.4234,0.7024,1.4436,2.7905,0.0708,1.6064,2.269
ffc3_Rep1_s7.png,0.3974,0.0376,-1.4253,0.6049,0.4485,1.4271,1.9333,0.0672,2.2258,5.5178
ffc3_Rep2_s0.png,0.016,0.186,-0.7305,0.6069,0.9891,1.1234,30.3329,0.0879,1.2128,1.3894
ffc3_Rep2_s1.png,0.4385,0.0194,-1.7117,0.6868,0.3487,1.5399,1.6416,0.0559,1.5204,2.0881
ffc3_Rep2_s2.png,0.1085,0.0173,-1.7626,0.3107,0.5017,1.3682,4.4413,0.0435,2.2297,5.8609
ffc3_Rep2_s3.png,0.1409,0.0173,-1.7631,0.2532,0.5866,1.4079,3.7935,0.0782,1.3133,2.3156
ffc3_Rep2_s4.png,0.2564,0.0124,-1.9077,0.4201,0.5027,1.5279,2.1798,0.0688,2.0588,7.8495
ffc3_Rep2_s5.png,0.0096,0.193,-0.7144,0.5453,0.9913,1.0509,37.3942,0.1003,1.0003,0.6791
ffc3_Rep2_s6.png,0.2782,0.0161,-1.7927,0.4668,0.6178,1.5268,2.1381,0.0722,1.7758,3.0603
ffc3_Rep2_s7.png,0.3602,0.0297,-1.5275,0.5529,0.4202,1.4454,2.0181,0.0672,2.2292,5.5923
ffc40_Rep1_s0.png,0.013,0.1833,-0.7367,0.6418,0.9876,1.1131,35.859,0.0996,0.794,0.0728
ffc40_Rep1_s1.png,0.3878,0.0122,-1.9135,0.6069,0.3548,1.5897,1.6337,0.057,1.4558,2.1267
ffc40_Rep1_s2.png,0.0871,0.0168,-1.7757,0.2933,0.5483,1.3609,5.3335,0.0304,1.9495,5.3134
ffc40_Rep1_s3.png,0.0461,0.0485,-1.3144,0.2272,0.89,1.1602,11.1274,0.0772,1.5732,2.8181
ffc40_Rep1_s4.png,0.2839,0.0121,-1.9157,0.4713,0.3609,1.5458,2.009,0.068,1.2055,1.1861
ffc40_Rep1_s5.png,0.01,0.2258,-0.6463,0.6143,0.9866,1.0229,41.2773,0.1022,0.9536,0.4835
ffc40_Rep1_s6.png,0.3128,0.0142,-1.8467,0.5112,0.4328,1.5365,1.943,0.0656,1.7648,3.3401
ffc40_Rep1_s7.png,0.4639,0.0426,-1.3711,0.6792,0.3303,1.4244,1.7118,0.0659,2.1775,5.3189
ffc40_Rep2_s0.png,0.0124,0.1876,-0.7268,0.6747,0.9884,1.0838,36.8692,0.0976,0.8478,0.3319
ffc40_Rep2_s1.png,0.4001,0.0127,-1.8957,0.625,0.3152,1.5898,1.6229,0.0575,1.4536,2.0892
ffc40_Rep2_s2.png,0.0884,0.0216,-1.6652,0.3429,0.8206,1.3336,5.5881,0.0362,2.0088,4.9271
ffc40_Rep2_s3.png,0.096,0.0222,-1.6541,0.2176,0.8186,1.3327,5.1626,0.0723,1.5449,3.2862
ffc40_Rep2_s4.png,0.2858,0.0104,-1.9819,0.4707,0.3834,1.5633,1.9057,0.0725,1.317,2.0052
ffc40_Rep2_s5.png,0.0148,0.1109,-0.9551,0.4538,0.8022,1.1611,33.2983,0.1224,1.263,1.3067
ffc40_Rep2_s6.png,0.3116,0.0142,-1.8483,0.4694,0.2657,1.5451,1.9167,0.0683,1.6506,2.8173
ffc40_Rep2_s7.png,0.4443,0.0298,-1.526,0.6506,0.295,1.4742,1.7095,0.067,2.248,5.7034
ffc41_Rep1_s0.png,0.0099,0.2307,-0.637,0.7367,0.9828,1.0331,45.2891,0.0936,0.8819,0.5822
ffc41_Rep1_s1.png,0.3718,0.0119,-1.9256,0.588,0.3548,1.5892,1.6494,0.0543,1.4256,1.9864
ffc41_Rep1_s2.png,0.1175,0.0188,-1.7265,0.3586,0.5767,1.3843,4.5083,0.0343,1.7725,3.5701
ffc41_Rep1_s3.png,0.0526,0.0295,-1.5301,0.2104,0.9494,1.2502,8.4585,0.0802,1.0521,0.4543
ffc41_Rep1_s4.png,0.282,0.012,-1.92,0.4702,0.3963,1.5462,2.0483,0.0675,1.534,3.8221
ffc41_Rep1_s5.png,0.1575,0.0221,-1.6555,0.5086,0.8849,1.4245,3.9256,0.0831,2.2911,5.8088
ffc41_Rep1_s6.png,0.3552,0.0134,-1.8727,0.5379,0.3094,1.5601,1.7649,0.068,1.6997,2.8497
ffc41_Rep1_s7.png,0.4,0.0329,-1.4832,0.5995,0.4495,1.4513,1.8681,0.0613,2.1073,4.9426
ffc41_Rep2_s0.png,0.103,0.0354,-1.4516,0.5126,0.4685,1.4613,5.8851,0.0681,1.7375,3.308
ffc41_Rep2_s1.png,0.3508,0.0104,-1.9831,0.5501,0.34,1.5976,1.6531,0.0581,1.2277,1.3902
ffc41_Rep2_s2.png,0.1197,0.0158,-1.8003,0.3542,0.5385,1.4209,4.214,0.0417,2.002,5.395
ffc41_Rep2_s3.png,0.0663,0.0239,-1.621,0.1995,0.7838,1.2807,6.6786,0.084,1.106,0.4936
ffc41_Rep2_s4.png,0.2889,0.0129,-1.8891,0.4772,0.3394,1.5351,2.0033,0.0704,1.1598,0.6963
ffc41_Rep2_s5.png,0.0102,0.1867,-0.7288,0.5252,0.9896,1.0379,35.9887,0.0931,0.9079,0.4206
ffc41_Rep2_s6.png,0.3528,0.0135,-1.8689,0.5333,0.2634,1.5623,1.7557,0.0776,1.7132,2.9312
ffc41_Rep2_s7.png,0.4433,0.0313,-1.5045,0.6507,0.3305,1.4657,1.7194,0.0662,2.1463,5.2639
ffc43_Rep1_s0.png,0.0116,0.2019,-0.6948,0.6702,0.9861,1.0586,39.4542,0.0993,0.8372,0.1119
ffc43_Rep1_s1.png,0.3588,0.0111,-1.9543,0.5618,0.3282,1.5921,1.6578,0.0586,1.1983,1.1782
ffc43_Rep1_s2.png,0.0854,0.0233,-1.6327,0.2941,0.5787,1.3198,5.9788,0.0383,1.9432,5.0549
ffc43_Rep1_s3.png,0.0561,0.0411,-1.3864,0.2292,0.9096,1.214,9.0657,0.0798,1.2109,1.1906
ffc43_Rep1_s4.png,0.3226,0.0116,-1.9346,0.524,0.3401,1.5692,1.8296,0.0668,1.1553,1.1404
ffc43_Rep1_s5.png,0.0369,0.0937,-1.0284,0.455,0.7123,1.2344,14.5468,0.1054,1.8126,3.3462
ffc43_Rep1_s6.png,0.3465,0.0131,-1.8823,0.5227,0.2472,1.5633,1.7627,0.0656,1.7197,3.1872
ffc43_Rep1_s7.png,0.435,0.031,-1.5087,0.6412,0.3591,1.4678,1.7403,0.0671,2.1261,5.1355
ffc43_Rep2_s0.png,0.0137,0.1684,-0.7736,0.6408,0.9897,1.1166,33.0593,0.0965,0.8488,0.2534
ffc43_Rep2_s1.png,0.4182,0.0168,-1.7753,0.6535,0.3786,1.5585,1.6484,0.0562,1.5096,2.0315
ffc43_Rep2_s2.png,0.0465,0.0425,-1.3714,0.3054,0.5841,1.1727,11.2133,0.0394,2.2772,7.2809
ffc43_Rep2_s3.png,0.0547,0.0303,-1.5192,0.2224,0.8995,1.2503,8.3627,0.0798,1.4315,2.3331
ffc43_Rep2_s4.png,0.3022,0.0118,-1.9274,0.5002,0.3498,1.557,1.8864,0.072,1.0179,0.3835
ffc43_Rep2_s5.png,0.0084,0.1825,-0.7387,0.5631,0.9886,1.0247,43.3946,0.1005,0.7092,-0.1296
ffc43_Rep2_s6.png,0.3219,0.0125,-1.903,0.4884,0.297,1.5599,1.828,0.0658,1.7082,3.1
ffc43_Rep2_s7.png,0.4477,0.0311,-1.5079,0.6556,0.299,1.4742,1.7043,0.0667,2.1972,5.6356
ffc44_Rep1_s0.png,0.0113,0.2173,-0.6629,0.7256,0.9863,1.0755,40.5903,0.0907,0.782,0.1818
ffc44_Rep1_s1.png,0.3688,0.0105,-1.977,0.5766,0.3359,1.6008,1.6272,0.0588,1.207,1.1779
ffc44_Rep1_s2.png,0.0848,0.0188,-1.7252,0.2831,0.6843,1.347,5.5696,0.0322,1.558,3.7516
ffc44_Rep1_s3.png,0.0334,0.0716,-1.145,0.3122,0.9649,1.1067,15.087,0.0781,1.5134,2.0129
ffc44_Rep1_s4.png,0.3225,0.0113,-1.9452,0.5237,0.3545,1.5739,1.8211,0.066,1.2429,1.3193
ffc44_Rep1_s5.png,0.0746,0.0636,-1.1964,0.5809,0.759,1.3506,8.59,0.0847,2.3917,6.4231
ffc44_Rep1_s6.png,0.2634,0.0174,-1.7601,0.4825,0.3568,1.4928,2.2692,0.0694,1.9238,3.9757
ffc44_Rep1_s7.png,0.4467,0.0366,-1.436,0.6551,0.3447,1.4443,1.7462,0.0664,2.1704,5.1556
ffc44_Rep2_s0.png,0.0136,0.1943,-0.7116,0.6504,0.9897,1.0976,33.764,0.095,0.8073,0.1611
ffc44_Rep2_s1.png,0.4145,0.0151,-1.8206,0.6463,0.3799,1.5704,1.6285,0.0599,1.4436,1.8649
ffc44_Rep2_s2.png,0.0777,0.0244,-1.612,0.3669,0.7653,1.3167,6.3758,0.0342,2.4213,9.9118
ffc44_Rep2_s3.png,0.0443,0.0423,-1.3738,0.1863,0.9556,1.1771,10.3827,0.0831,1.4275,2.0822
ffc44_Rep2_s4.png,0.3045,0.012,-1.9206,0.4953,0.3208,1.5558,1.8821,0.0691,1.1092,0.6102
ffc44_Rep2_s5.png,0.1725,0.021,-1.6782,0.4758,0.8515,1.497,3.5385,0.0792,2.0929,5.0976
ffc44_Rep2_s6.png,0.3288,0.0142,-1.8489,0.4961,0.2759,1.5509,1.8383,0.0767,1.857,3.5078
ffc44_Rep2_s7.png,0.4293,0.0332,-1.4789,0.6291,0.3392,1.4527,1.774,0.0688,2.1215,4.999
ffc45_Rep1_s0.png,0.0116,0.1309,-0.883,0.604,0.9851,1.1229,37.6064,0.0889,1.0521,0.6236
ffc45_Rep1_s1.png,0.3126,0.0106,-1.9748,0.4944,0.3116,1.5769,1.7253,0.0517,1.1489,1.4934
ffc45_Rep1_s2.png,0.1076,0.0261,-1.5838,0.3644,0.552,1.3323,5.4605,0.0301,2.0353,5.4889
ffc45_Rep1_s3.png,0.0465,0.0386,-1.4139,0.2452,0.9722,1.2134,10.1043,0.0863,1.0877,0.2146
ffc45_Rep1_s4.png,0.3024,0.0103,-1.9871,0.5071,0.458,1.5761,1.8424,0.0606,1.9539,7.6764
ffc45_Rep1_s5.png,0.0787,0.0313,-1.5038,0.4391,0.7098,1.43,6.7121,0.0747,2.0133,4.4409
ffc45_Rep1_s6.png,0.1887,0.0233,-1.6331,0.4304,0.7752,1.436,3.0828,0.0683,1.6087,2.4554
ffc45_Rep1_s7.png,0.3429,0.0217,-1.6632,0.5315,0.4413,1.4852,1.9873,0.0688,1.8336,3.6337
ffc45_Rep2_s0.png,0.0143,0.1311,-0.8825,0.7048,0.986,1.139,33.4931,0.0886,0.915,0.663
ffc45_Rep2_s1.png,0.346,0.0119,-1.926,0.5442,0.3424,1.576,1.7138,0.0546,1.2146,1.3424
ffc45_Rep2_s2.png,0.0284,0.072,-1.1424,0.3903,0.8106,1.084,18.3095,0.0356,1.8628,5.5942
ffc45_Rep2_s3.png,0.0451,0.0361,-1.4429,0.2099,0.9081,1.2116,9.9326,0.0766,1.2003,0.9169
ffc45_Rep2_s4.png,0.3109,0.0126,-1.8985,0.5154,0.3441,1.5499,1.9206,0.0775,1.1549,1.0183
ffc45_Rep2_s5.png,0.019,0.1172,-0.9311,0.2969,0.618,1.1466,24.1642,0.1035,0.7331,-0.3395
ffc45_Rep2_s6.png,0.3224,0.0132,-1.8805,0.4945,0.2443,1.5517,1.8524,0.0735,1.7181,3.0597
ffc45_Rep2_s7.png,0.3578,0.0213,-1.6721,0.5478,0.4412,1.4953,1.9219,0.0641,1.7681,3.6117
ffc46_Rep1_s0.png,0.0081,0.1334,-0.8749,0.4857,0.9922,1.0492,38.3506,0.0675,1.0056,0.8279
ffc46_Rep1_s1.png,0.3803,0.0133,-1.8762,0.5922,0.333,1.5759,1.6803,0.061,1.3707,1.8173
ffc46_Rep1_s2.png,0.0395,0.0397,-1.401,0.3134,0.7853,1.1853,12.3008,0.0338,1.6875,4.0244
ffc46_Rep1_s3.png,0.0269,0.0851,-1.0698,0.2623,0.9525,1.0441,20.1786,0.0631,0.953,-0.2206
ffc46_Rep1_s4.png,0.3084,0.013,-1.8872,0.4878,0.3328,1.5428,1.9503,0.067,1.5791,4.3767
ffc46_Rep1_s5.png,0.0811,0.0417,-1.3797,0.2784,0.9164,1.3145,6.8956,0.0911,1.2617,1.139
ffc46_Rep1_s6.png,0.287,0.0119,-1.9239,0.4313,0.3594,1.5511,1.9766,0.0764,1.5833,2.318
ffc46_Rep1_s7.png,0.3368,0.0209,-1.6796,0.5042,0.4203,1.4873,1.963,0.0713,1.9756,4.7103
ffc46_Rep2_s0.png,0.0074,0.1268,-0.8969,0.4487,0.9922,1.0485,37.8638,0.0716,1.0995,1.3866
ffc46_Rep2_s1.png,0.397,0.0188,-1.7248,0.6208,0.3916,1.5289,1.7592,0.0568,1.6872,3.0474
ffc46_Rep2_s2.png,0.0368,0.0664,-1.1777,0.4197,0.8627,1.2076,15.004,0.0502,1.2334,1.3172
ffc46_Rep2_s3.png,0.0856,0.02,-1.6987,0.183,0.6356,1.3341,5.6092,0.0691,1.4755,3.57
ffc46_Rep2_s4.png,0.3103,0.0136,-1.865,0.4895,0.3541,1.5383,1.9744,0.0631,1.4134,2.8631
ffc46_Rep2_s5.png,0.2662,0.0145,-1.8395,0.4219,0.3524,1.5073,2.3156,0.0837,1.8125,3.4171
ffc46_Rep2_s6.png,0.3704,0.0139,-1.8563,0.5468,0.2748,1.5622,1.7244,0.0702,1.9159,3.7028
ffc46_Rep2_s7.png,0.3215,0.0194,-1.7126,0.4777,0.4992,1.4876,2.0405,0.0706,2.0603,5.2977
ffc47_Rep1_s0.png,0.0077,0.1269,-0.8965,0.472,0.993,1.0512,37.3141,0.0709,1.0248,0.7402
ffc47_Rep1_s1.png,0.394,0.0237,-1.6246,0.6109,0.5428,1.4947,1.8419,0.0649,1.8414,3.5331
ffc47_Rep1_s2.png,0.0825,0.0296,-1.5285,0.389,0.6031,1.3313,6.909,0.0443,1.7262,3.2174
ffc47_Rep1_s3.png,0.0175,0.1512,-0.8203,0.5303,0.6502,0.9673,32.9148,0.037,1.3849,1.376
ffc47_Rep1_s4.png,0.3846,0.0176,-1.7543,0.6001,0.4507,1.5357,1.7846,0.0688,1.84,4.8158
ffc47_Rep1_s5.png,0.1196,0.0273,-1.5641,0.3909,0.9087,1.4074,4.9959,0.088,1.8608,3.6411
ffc47_Rep1_s6.png,0.0662,0.0353,-1.4522,0.2297,0.818,1.2484,7.477,0.0883,1.2288,0.9484
ffc47_Rep1_s7.png,0.0804,0.0839,-1.0761,0.4159,0.94,1.2577,8.395,0.0721,2.7926,8.9073
ffc47_Rep2_s0.png,0.007,0.1083,-0.9652,0.4441,0.9931,1.0482,37.7842,0.0741,0.9357,0.5035
ffc47_Rep2_s1.png,0.3845,0.0209,-1.6807,0.5961,0.5214,1.5061,1.8307,0.0644,1.8124,3.5039
ffc47_Rep2_s2.png,0.0042,0.1511,-0.8207,0.4511,0.5011,0.9197,68.6338,0.0516,1.5151,2.1759
ffc47_Rep2_s3.png,0.0195,0.216,-0.6655,0.6003,0.7692,0.9252,32.4686,0.0285,1.4866,2.5334
ffc47_Rep2_s4.png,0.3085,0.0182,-1.7411,0.4883,0.578,1.4927,2.1405,0.0674,2.0317,6.5986
ffc47_Rep2_s5.png,0.0108,0.1791,-0.747,0.5378,0.9907,1.0733,35.1705,0.1032,1.0493,0.6864
ffc47_Rep2_s6.png,0.1403,0.0199,-1.7008,0.2799,0.4265,1.4004,3.6687,0.0827,1.2811,1.185
ffc47_Rep2_s7.png,0.022,0.3168,-0.4992,0.7673,0.9748,1.0609,29.0239,0.1015,1.1605,0.7772
ffc48_Rep1_s0.png,0.0097,0.1382,-0.8596,0.5769,0.9913,1.0629,36.9302,0.0812,1.0227,0.6814
ffc48_Rep1_s1.png,0.4191,0.0168,-1.7748,0.6514,0.3863,1.5517,1.6553,0.0585,1.668,2.9195
ffc48_Rep1_s2.png,0.0435,0.0367,-1.435,0.369,0.7816,1.2911,10.5816,0.0377,1.2656,2.65
ffc48_Rep1_s3.png,0.1685,0.0195,-1.7101,0.3135,0.6934,1.4167,3.4733,0.0668,1.6179,3.78
ffc48_Rep1_s4.png,0.3459,0.0134,-1.8724,0.5445,0.3021,1.5579,1.7951,0.0635,1.357,2.3562
ffc48_Rep1_s5.png,0.1772,0.0237,-1.626,0.4653,0.8449,1.4766,3.6352,0.0777,2.3585,6.3305
ffc48_Rep1_s6.png,0.3204,0.0218,-1.6614,0.4741,0.3127,1.4809,2.0966,0.0746,1.8667,3.7321
ffc48_Rep1_s7.png,0.0199,0.2401,-0.6196,0.7261,0.9752,1.0968,30.2237,0.0963,0.9978,0.3267
ffc48_Rep2_s0.png,0.011,0.1109,-0.9549,0.539,0.9872,1.1163,34.91,0.0863,1.0216,0.5232
ffc48_Rep2_s1.png,0.4292,0.0188,-1.7263,0.6684,0.3728,1.5392,1.6571,0.0567,1.682,2.8301
ffc48_Rep2_s2.png,0.0467,0.0366,-1.437,0.4133,0.8065,1.2354,9.9883,0.0339,1.0854,1.7177
ffc48_Rep2_s3.png,0.0989,0.0291,-1.5361,0.277,0.5576,1.3111,5.7259,0.0703,1.8301,4.973
ffc48_Rep2_s4.png,0.336,0.0128,-1.8933,0.5271,0.2642,1.5591,1.791,0.0628,1.3225,1.7845
ffc48_Rep2_s5.png,0.2453,0.0157,-1.8028,0.3878,0.3181,1.4911,2.4654,0.0858,1.7843,3.2908
ffc48_Rep2_s6.png,0.3143,0.0236,-1.6279,0.4667,0.3205,1.4684,2.1348,0.0789,1.769,3.3288
ffc48_Rep2_s7.png,0.0193,0.2958,-0.529,0.6937,0.9748,1.0872,31.5679,0.0995,0.9916,0.3634
ffc4_Rep1_s0.png,0.0116,0.1189,-0.9247,0.5893,0.9848,1.1219,36.992,0.0895,0.6966,0.086
ffc4_Rep1_s1.png,0.387,0.0156,-1.8071,0.606,0.4012,1.5542,1.7044,0.0653,1.5374,2.0073
ffc4_Rep1_s2.png,0.0292,0.0519,-1.2852,0.2839,0.5776,1.0928,16.6166,0.0401,1.7698,4.5576
ffc4_Rep1_s3.png,0.0491,0.0294,-1.5311,0.2279,0.9202,1.2368,8.4793,0.0754,1.3659,1.763
ffc4_Rep1_s4.png,0.2585,0.012,-1.9204,0.4261,0.4847,1.5298,2.1454,0.066,1.9182,6.9929
ffc4_Rep1_s5.png,0.3655,0.0137,-1.8619,0.5878,0.2113,1.5729,1.8028,0.0777,2.1682,5.2207
ffc4_Rep1_s6.png,0.3353,0.0134,-1.8737,0.5098,0.2611,1.558,1.7958,0.0779,1.7155,2.8159
ffc4_Rep1_s7.png,0.3873,0.0177,-1.7516,0.5731,0.2955,1.5314,1.7558,0.0669,1.968,4.9354
ffc4_Rep2_s0.png,0.0114,0.2058,-0.6866,0.632,0.9866,1.0495,39.1177,0.0993,0.675,-0.2496
ffc4_Rep2_s1.png,0.4084,0.0157,-1.8038,0.6391,0.3953,1.5617,1.6532,0.0559,1.5352,2.1842
ffc4_Rep2_s2.png,0.0692,0.0249,-1.6041,0.3095,0.8131,1.2927,7.0066,0.0387,1.4482,2.6403
ffc4_Rep2_s3.png,0.0538,0.0334,-1.4758,0.2279,0.9003,1.2333,8.6852,0.0783,1.3526,1.7308
ffc4_Rep2_s4.png,0.2949,0.0127,-1.8967,0.4909,0.3149,1.5445,1.955,0.0678,1.0854,0.6663
ffc4_Rep2_s5.png,0.0651,0.0482,-1.3173,0.5513,0.7852,1.3661,8.7922,0.0848,1.922,4.0334
ffc4_Rep2_s6.png,0.2821,0.0156,-1.8068,0.4657,0.5948,1.5126,2.1142,0.073,1.719,3.0165
ffc4_Rep2_s7.png,0.3964,0.0218,-1.6608,0.589,0.3897,1.5082,1.7905,0.0677,1.9514,4.2846
ffc50_Rep1_s0.png,0.0088,0.1369,-0.8636,0.5442,0.9927,1.0577,37.7561,0.0724,0.9873,0.5749
ffc50_Rep1_s1.png,0.2536,0.0145,-1.8379,0.3957,0.2095,1.4995,2.1729,0.064,1.139,1.4032
ffc50_Rep1_s2.png,0.0559,0.0405,-1.392,0.3792,0.8163,1.2568,9.527,0.0409,1.7842,3.394
ffc50_Rep1_s3.png,0.0162,0.2239,-0.65,0.6726,0.657,0.9136,39.8732,0.0384,1.6266,2.3901
ffc50_Rep1_s4.png,0.2538,0.0176,-1.7534,0.3984,0.4296,1.4715,2.4147,0.0729,2.0629,7.4284
ffc50_Rep1_s5.png,0.0051,0.2004,-0.6981,0.7134,0.9925,0.9454,58.2848,0.1094,0.6333,-0.3677
ffc50_Rep1_s6.png,0.189,0.0189,-1.7236,0.3532,0.7456,1.4461,2.9366,0.0775,1.776,3.1661
ffc50_Rep1_s7.png,0.0362,0.0721,-1.1422,0.4089,0.9321,1.2566,15.3339,0.0206,0.9576,1.1501
ffc50_Rep2_s0.png,0.0076,0.1184,-0.9266,0.4671,0.9928,1.0591,37.1325,0.0685,1.0287,0.788
ffc50_Rep2_s1.png,0.356,0.0149,-1.8265,0.5549,0.2569,1.5489,1.7698,0.0611,1.431,2.0113
ffc50_Rep2_s2.png,0.0298,0.0714,-1.1466,0.3754,0.952,1.1999,16.4454,0.0482,1.6848,2.5961
ffc50_Rep2_s3.png,0.0155,0.2426,-0.6151,0.6789,0.7079,0.915,40.2745,0.0392,1.6418,2.6695
ffc50_Rep2_s4.png,0.3008,0.0138,-1.8593,0.4718,0.362,1.5308,2.0252,0.072,2.4747,9.6888
ffc50_Rep2_s5.png,0.0382,0.0707,-1.1505,0.4994,0.7981,1.2791,14.1145,0.0957,1.3893,1.5342
ffc50_Rep2_s6.png,0.2103,0.0161,-1.7926,0.3143,0.4206,1.4581,2.6147,0.0824,1.5738,2.4729
ffc50_Rep2_s7.png,0.0705,0.0872,-1.0595,0.5196,0.8758,1.3269,9.4439,0.0207,1.5219,3.5214
ffc51_Rep1_s0.png,0.0087,0.1343,-0.872,0.5358,0.9927,1.0488,38.1672,0.0736,0.9341,0.4327
ffc51_Rep1_s1.png,0.4176,0.0158,-1.8,0.6461,0.3012,1.5652,1.6236,0.0627,1.6837,2.9602
ffc51_Rep1_s2.png,0.0788,0.0214,-1.6701,0.2999,0.7184,1.3191,5.9673,0.0383,2.0536,5.8082
ffc51_Rep1_s3.png,0.0178,0.2492,-0.6035,0.6713,0.5444,0.9187,37.3722,0.0396,1.6424,2.5547
ffc51_Rep1_s4.png,0.2607,0.0168,-1.7751,0.4073,0.5011,1.4853,2.2742,0.0689,2.3928,10.2381
ffc51_Rep1_s5.png,0.0055,0.1514,-0.82,0.6269,0.9931,0.9713,51.5872,0.1065,0.7137,-0.1939
ffc51_Rep1_s6.png,0.2905,0.0134,-1.8724,0.4351,0.3276,1.5378,1.9435,0.0709,1.7444,3.2698
ffc51_Rep1_s7.png,0.3501,0.0244,-1.6124,0.5163,0.2361,1.4689,1.9872,0.071,1.9388,4.144
ffc51_Rep2_s0.png,0.0103,0.1449,-0.839,0.5688,0.9876,1.0931,38.909,0.085,0.9756,0.4773
ffc51_Rep2_s1.png,0.3895,0.0141,-1.8508,0.605,0.2935,1.5719,1.6454,0.0602,1.4032,1.9032
ffc51_Rep2_s2.png,0.117,0.0193,-1.715,0.3608,0.5016,1.3668,4.6334,0.0343,2.0225,5.897
ffc51_Rep2_s3.png,0.0147,0.1489,-0.827,0.5362,0.6277,0.9435,37.2106,0.0383,1.7273,3.2244
ffc51_Rep2_s4.png,0.2957,0.0114,-1.9422,0.4695,0.3319,1.5532,1.9183,0.0702,2.5204,10.9262
ffc51_Rep2_s5.png,0.0425,0.0595,-1.2257,0.4549,0.6084,1.328,12.1461,0.0933,1.5434,1.9581
ffc51_Rep2_s6.png,0.1245,0.0327,-1.486,0.3971,0.9105,1.4121,4.6566,0.0786,1.2969,1.2223
ffc51_Rep2_s7.png,0.281,0.0328,-1.4841,0.4936,0.6151,1.3967,2.5417,0.0682,2.4209,6.4129
ffc52_Rep1_s0.png,0.0103,0.1054,-0.9773,0.516,0.987,1.1264,35.2965,0.078,0.8809,0.2049
ffc52_Rep1_s1.png,0.3576,0.0123,-1.9108,0.5637,0.3081,1.5767,1.687,0.0542,1.3608,2.0195
ffc52_Rep1_s2.png,0.1034,0.0202,-1.6938,0.3249,0.6573,1.3711,5.0902,0.0351,2.0519,6.3894
ffc52_Rep1_s3.png,0.0258,0.0411,-1.3857,0.2481,0.9786,1.1372,15.0826,0.0811,1.141,0.0016
ffc52_Rep1_s4.png,0.2662,0.0129,-1.8906,0.4325,0.5576,1.5222,2.1791,0.0635,2.4571,11.7296
ffc52_Rep1_s5.png,0.1078,0.0325,-1.4875,0.4733,0.9191,1.4079,5.4337,0.0971,1.6816,2.7568
ffc52_Rep1_s6.png,0.247,0.0164,-1.7858,0.4154,0.6619,1.4853,2.3716,0.0749,1.692,2.6487
ffc52_Rep1_s7.png,0.3465,0.0222,-1.6536,0.5301,0.4161,1.482,1.9782,0.0663,1.9795,4.42
ffc52_Rep2_s0.png,0.0072,0.1194,-0.9229,0.4428,0.9927,1.0558,37.4695,0.068,0.9201,0.7325
ffc52_Rep2_s1.png,0.3729,0.0142,-1.847,0.5862,0.3197,1.5613,1.6967,0.0566,1.4288,1.9497
ffc52_Rep2_s2.png,0.137,0.0204,-1.6911,0.4151,0.5093,1.3906,4.2297,0.0386,2.3527,7.4947
ffc52_Rep2_s3.png,0.038,0.0266,-1.5755,0.1649,0.6789,1.2112,9.8404,0.0865,0.8357,-0.4085
ffc52_Rep2_s4.png,0.2903,0.0107,-1.9722,0.4724,0.4245,1.5633,1.9398,0.0635,1.738,5.7274
ffc52_Rep2_s5.png,0.2431,0.0155,-1.8095,0.3894,0.2763,1.489,2.4931,0.0911,1.7322,2.953
ffc52_Rep2_s6.png,0.1064,0.0301,-1.5211,0.3303,0.8496,1.3136,5.174,0.0705,2.2325,5.1734
ffc52_Rep2_s7.png,0.3621,0.0268,-1.572,0.5512,0.3998,1.4664,1.969,0.0637,2.0845,4.9669
ffc53_Rep1_s0.png,0.1338,0.0341,-1.4674,0.4962,0.8177,1.3314,4.814,0.0468,1.7409,3.3116
ffc53_Rep1_s1.png,0.3762,0.0121,-1.9177,0.5895,0.3587,1.5849,1.6532,0.0576,1.3989,1.7139
ffc53_Rep1_s2.png,0.0347,0.0379,-1.4215,0.3128,0.4312,1.1512,12.6816,0.0282,1.4752,3.3859
ffc53_Rep1_s3.png,0.072,0.0337,-1.4724,0.2877,0.8879,1.2711,7.5318,0.074,1.3333,2.0781
ffc53_Rep1_s4.png,0.288,0.0137,-1.8627,0.4807,0.3404,1.5326,2.0348,0.0673,1.1987,0.8938
ffc53_Rep1_s5.png,0.0092,0.1919,-0.7169,0.5698,0.9915,1.0424,38.8794,0.0982,0.893,0.4669
ffc53_Rep1_s6.png,0.3374,0.0122,-1.9125,0.5109,0.2465,1.5686,1.795,0.0683,1.8173,3.6745
ffc53_Rep1_s7.png,0.4353,0.0282,-1.5492,0.6433,0.3286,1.4837,1.7217,0.0649,2.1982,5.7106
ffc53_Rep2_s0.png,0.0158,0.186,-0.7305,0.6123,0.9893,1.1289,30.6045,0.0868,1.0007,0.6945
ffc53_Rep2_s1.png,0.4086,0.0183,-1.7364,0.6555,0.3502,1.5431,1.6942,0.0538,1.6784,2.8688
ffc53_Rep2_s2.png,0.2599,0.0253,-1.597,0.5649,0.5439,1.4418,2.7017,0.0492,1.7231,3.4465
ffc53_Rep2_s3.png,0.0814,0.0186,-1.7294,0.1779,0.6514,1.3349,5.5225,0.0796,0.9511,-0.1151
ffc53_Rep2_s4.png,0.285,0.0133,-1.8747,0.4778,0.3983,1.5323,2.0742,0.0623,1.6592,5.038
ffc53_Rep2_s5.png,0.1427,0.0247,-1.6072,0.4531,0.8877,1.449,4.2635,0.0876,2.1217,4.9186
ffc53_Rep2_s6.png,0.0796,0.0422,-1.3743,0.3894,0.3691,1.3953,7.0189,0.0763,1.8555,3.5892
ffc53_Rep2_s7.png,0.3791,0.0309,-1.5103,0.5785,0.4393,1.4504,1.9498,0.0656,2.1811,5.2846
ffc54_Rep1_s0.png,0.0105,0.0943,-1.0254,0.5181,0.9867,1.1321,35.1133,0.0792,0.9545,0.4422
ffc54_Rep1_s1.png,0.428,0.0179,-1.7477,0.6737,0.3947,1.5488,1.6457,0.0615,1.5408,2.1555
ffc54_Rep1_s2.png,0.1521,0.0217,-1.6626,0.4259,0.4817,1.3908,3.9644,0.0379,2.4496,8.0556
ffc54_Rep1_s3.png,0.0885,0.0272,-1.5647,0.2197,0.7668,1.3075,6.0752,0.0813,1.149,1.2241
ffc54_Rep1_s4.png,0.2763,0.011,-1.9567,0.4521,0.4237,1.5495,2.0159,0.0644,1.4393,3.9081
ffc54_Rep1_s5.png,0.1891,0.0225,-1.6469,0.5546,0.8507,1.4471,3.4261,0.0805,2.3084,6.0315
ffc54_Rep1_s6.png,0.3666,0.0147,-1.8321,0.5537,0.2699,1.5652,1.7189,0.0735,1.8793,3.5967
ffc54_Rep1_s7.png,0.3726,0.0259,-1.5861,0.5727,0.4648,1.4751,1.9438,0.0672,2.2171,5.6507
ffc54_Rep2_s0.png,0.0116,0.1071,-0.9702,0.5764,0.9867,1.1399,34.78,0.0876,1.1989,1.4223
ffc54_Rep2_s1.png,0.4362,0.0194,-1.7123,0.6863,0.3867,1.541,1.6455,0.0611,1.5869,2.4834
ffc54_Rep2_s2.png,0.1162,0.0206,-1.687,0.378,0.2926,1.3879,4.7254,0.0387,1.8358,4.1398
ffc54_Rep2_s3.png,0.1344,0.0174,-1.7599,0.2471,0.6101,1.4137,4.0078,0.0712,1.8478,5.1985
ffc54_Rep2_s4.png,0.3096,0.0125,-1.9045,0.4981,0.3857,1.5515,1.9199,0.0663,2.3054,9.2853
ffc54_Rep2_s5.png,0.112,0.0468,-1.3301,0.4893,0.9457,1.3543,5.784,0.0961,1.7762,3.0219
ffc54_Rep2_s6.png,0.2587,0.0224,-1.6505,0.4303,0.57,1.4515,2.4513,0.0747,1.9254,4.067
ffc54_Rep2_s7.png,0.2753,0.0204,-1.6913,0.4257,0.5004,1.4661,2.3909,0.0775,1.9489,3.9221
ffc55_Rep1_s0.png,0.0071,0.1204,-0.9194,0.4406,0.9927,1.0571,37.8555,0.068,0.9925,0.9553
ffc55_Rep1_s1.png,0.4321,0.0173,-1.7612,0.6751,0.3717,1.5567,1.6325,0.058,1.5303,2.1815
ffc55_Rep1_s2.png,0.0194,0.0569,-1.2447,0.294,0.855,1.1599,20.1589,0.0386,2.0932,5.1962
ffc55_Rep1_s3.png,0.2012,0.0186,-1.731,0.344,0.5431,1.4449,2.9493,0.0726,1.7544,4.4873
ffc55_Rep1_s4.png,0.2971,0.0133,-1.8757,0.4751,0.3151,1.5347,1.9885,0.0702,1.1811,1.0863
ffc55_Rep1_s5.png,0.076,0.0449,-1.3475,0.5082,0.8641,1.4043,7.7745,0.0813,2.3704,6.5099
ffc55_Rep1_s6.png,0.374,0.0152,-1.8187,0.5575,0.1504,1.5521,1.7238,0.0664,2.1061,4.9706
ffc55_Rep1_s7.png,0.4335,0.0263,-1.58,0.6347,0.2989,1.493,1.7188,0.0672,2.068,4.9838
ffc55_Rep2_s0.png,0.0074,0.1224,-0.9124,0.4497,0.9923,1.0452,37.5409,0.0708,1.1052,1.4172
ffc55_Rep2_s1.png,0.3773,0.0128,-1.8934,0.5902,0.3101,1.5793,1.6519,0.0614,1.3529,1.5489
ffc55_Rep2_s2.png,0.0634,0.0263,-1.5801,0.3565,0.8251,1.2919,7.6053,0.0331,2.1984,8.3465
ffc55_Rep2_s3.png,0.0086,0.2023,-0.6939,0.5807,0.857,0.9213,55.2792,0.0428,1.7593,3.0604
ffc55_Rep2_s4.png,0.2934,0.0118,-1.9294,0.4709,0.4351,1.5518,1.9391,0.0679,2.1324,8.5731
ffc55_Rep2_s5.png,0.0378,0.0525,-1.28,0.3373,0.5296,1.2956,13.1674,0.0946,1.2522,0.9659
ffc55_Rep2_s6.png,0.3127,0.0165,-1.7814,0.5056,0.5744,1.5257,1.9618,0.0744,1.7456,3.0288
ffc55_Rep2_s7.png,0.3747,0.0294,-1.5324,0.5715,0.4753,1.4506,1.9648,0.0706,2.1941,5.4109
ffc57_Rep1_s0.png,0.0101,0.1003,-0.9986,0.512,0.9873,1.1227,36.0938,0.081,0.8499,0.1578
ffc57_Rep1_s1.png,0.4251,0.0171,-1.7674,0.6669,0.3732,1.555,1.642,0.0587,1.5284,2.077
ffc57_Rep1_s2.png,0.0964,0.0218,-1.6609,0.3224,0.6746,1.3509,5.4153,0.0361,2.0334,5.959
ffc57_Rep1_s3.png,0.0562,0.0233,-1.6331,0.1749,0.8359,1.2704,7.2845,0.0787,0.9384,0.0023
ffc57_Rep1_s4.png,0.2841,0.011,-1.9575,0.4646,0.4083,1.5572,1.9891,0.0632,1.9593,7.3701
ffc57_Rep1_s5.png,0.1118,0.0297,-1.5277,0.4997,0.9332,1.4203,5.1258,0.0928,1.8661,3.5022
ffc57_Rep1_s6.png,0.2112,0.0186,-1.7298,0.3586,0.6574,1.4608,2.7308,0.0784,1.5556,2.0812
ffc57_Rep1_s7.png,0.3747,0.0188,-1.725,0.5551,0.2779,1.5164,1.8125,0.0662,1.9037,4.2447
ffc57_Rep2_s0.png,0.0096,0.099,-1.0044,0.4839,0.9873,1.1184,35.7583,0.0802,0.8543,0.1774
ffc57_Rep2_s1.png,0.3749,0.0139,-1.8568,0.5931,0.3871,1.5657,1.6993,0.0532,1.6199,2.9838
ffc57_Rep2_s2.png,0.0329,0.0476,-1.3223,0.2822,0.6756,1.1206,14.3811,0.0323,1.4544,3.2889
ffc57_Rep2_s3.png,0.0569,0.0251,-1.5999,0.1815,0.8533,1.2625,7.4647,0.0811,0.9052,0.1443
ffc57_Rep2_s4.png,0.2568,0.0131,-1.8817,0.4243,0.5167,1.5194,2.2326,0.0634,1.9824,7.4491
ffc57_Rep2_s5.png,0.0731,0.0441,-1.3557,0.5459,0.7663,1.3938,8.0031,0.0822,1.9292,3.7556
ffc57_Rep2_s6.png,0.3343,0.0137,-1.8628,0.5021,0.2731,1.5555,1.7998,0.079,1.5419,2.1039
ffc57_Rep2_s7.png,0.2841,0.0222,-1.6536,0.4692,0.7211,1.4567,2.3549,0.066,1.9064,4.0179
ffc58_Rep1_s0.png,0.0098,0.135,-0.8697,0.5767,0.9908,1.0783,37.3589,0.083,1.0729,0.5994
ffc58_Rep1_s1.png,0.4166,0.0214,-1.6698,0.6464,0.3317,1.5145,1.741,0.0593,1.7754,3.4069
ffc58_Rep1_s2.png,0.018,0.0668,-1.175,0.2973,0.8777,1.2235,23.3843,0.036,1.3964,2.353
ffc58_Rep1_s3.png,0.0101,0.0967,-1.0145,0.5216,0.9769,1.1216,38.2993,0.115,1.3403,1.5281
ffc58_Rep1_s4.png,0.2308,0.0181,-1.7414,0.3628,0.4726,1.4555,2.6335,0.0747,2.0282,6.6966
ffc58_Rep1_s5.png,0.0647,0.0439,-1.3572,0.4384,0.5843,1.3703,8.7326,0.0785,1.7967,3.4663
ffc58_Rep1_s6.png,0.1013,0.0272,-1.5652,0.3262,0.902,1.3738,5.0489,0.0849,0.9987,0.5309
ffc58_Rep1_s7.png,0.026,0.2195,-0.6586,0.6013,0.968,1.1136,24.8926,0.1006,0.9798,0.3791
ffc58_Rep2_s0.png,0.0096,0.0994,-1.0024,0.5097,0.9886,1.1213,36.2634,0.0859,0.9835,0.3888
ffc58_Rep2_s1.png,0.4582,0.0278,-1.5562,0.7156,0.3459,1.4913,1.668,0.0564,1.8068,3.2353
ffc58_Rep2_s2.png,0.0085,0.1244,-0.9053,0.392,0.9635,1.1942,41.8692,0.0362,1.5972,3.1298
ffc58_Rep2_s3.png,0.01,0.1136,-0.9446,0.5753,0.9759,1.1,42.3558,0.1128,0.7804,-0.0785
ffc58_Rep2_s4.png,0.235,0.0172,-1.7653,0.3694,0.448,1.4647,2.5416,0.0752,2.071,6.2751
ffc58_Rep2_s5.png,0.068,0.0436,-1.3605,0.449,0.6393,1.3791,8.3155,0.0769,1.8681,4.1083
ffc58_Rep2_s6.png,0.1054,0.0275,-1.5612,0.3438,0.903,1.3846,4.9483,0.0798,1.3531,1.7392
ffc58_Rep2_s7.png,0.0532,0.0669,-1.1746,0.3476,0.8333,1.2376,11.2268,0.019,1.9319,5.7285
ffc59_Rep1_s0.png,0.0115,0.12,-0.9208,0.568,0.9831,1.1298,35.3302,0.1098,1.0757,0.3465
ffc59_Rep1_s1.png,0.3714,0.0127,-1.895,0.5826,0.3555,1.5771,1.6703,0.0571,1.3219,1.5938
ffc59_Rep1_s2.png,0.1211,0.0189,-1.7238,0.3496,0.5895,1.3874,4.3603,0.0398,2.1054,5.7877
ffc59_Rep1_s3.png,0.0534,0.0333,-1.477,0.2182,0.8898,1.2294,8.8609,0.0803,1.3668,1.9489
ffc59_Rep1_s4.png,0.2963,0.0104,-1.9817,0.49,0.3624,1.5715,1.8612,0.0723,1.1014,0.9375
ffc59_Rep1_s5.png,0.0207,0.1295,-0.8879,0.4386,0.9171,1.1498,24.4745,0.1018,1.0629,0.6445
ffc59_Rep1_s6.png,0.3298,0.0125,-1.9046,0.5001,0.3006,1.5667,1.7909,0.0714,1.7377,3.1775
ffc59_Rep1_s7.png,0.3643,0.0207,-1.6845,0.5454,0.4631,1.497,1.8825,0.0641,1.9896,4.6214
ffc59_Rep2_s0.png,0.008,0.0964,-1.016,0.3994,0.9878,1.0938,36.1937,0.0714,0.8772,0.4373
ffc59_Rep2_s1.png,0.3716,0.0127,-1.8966,0.5846,0.3436,1.5778,1.6667,0.0529,1.3295,1.6425
ffc59_Rep2_s2.png,0.1295,0.019,-1.7217,0.3881,0.5129,1.3854,4.4763,0.0356,2.1245,6.3766
ffc59_Rep2_s3.png,0.0578,0.0307,-1.5134,0.1788,0.6359,1.2276,7.9137,0.0884,0.8074,-0.4515
ffc59_Rep2_s4.png,0.3084,0.0148,-1.8306,0.5083,0.3476,1.5266,2.007,0.0686,1.208,1.1072
ffc59_Rep2_s5.png,0.0474,0.0908,-1.042,0.4811,0.3606,1.2816,12.5176,0.0992,1.6598,2.7681
ffc59_Rep2_s6.png,0.2266,0.0201,-1.6972,0.4294,0.6772,1.4703,2.6474,0.0698,1.7417,2.964
ffc59_Rep2_s7.png,0.4252,0.0294,-1.5313,0.6307,0.3605,1.4724,1.7616,0.0631,2.1242,5.3228
ffc5_Rep1_s0.png,0.0063,0.1639,-0.7855,0.4334,0.7087,1.0147,53.1095,0.0261,1.1695,0.8058
ffc5_Rep1_s1.png,0.4004,0.0152,-1.8176,0.6271,0.3869,1.5616,1.6762,0.0633,1.5524,2.127
ffc5_Rep1_s2.png,0.0451,0.0417,-1.3798,0.3324,0.8914,1.3004,10.6677,0.0356,1.7864,3.966
ffc5_Rep1_s3.png,0.0456,0.0318,-1.4979,0.2093,0.9009,1.2186,9.3267,0.0788,1.4935,2.2726
ffc5_Rep1_s4.png,0.3187,0.015,-1.8227,0.5225,0.3272,1.5318,1.9447,0.0696,1.1985,1.0329
ffc5_Rep1_s5.png,0.0061,0.2131,-0.6715,0.7166,0.9923,0.9663,52.9726,0.1042,0.6681,-0.3859
ffc5_Rep1_s6.png,0.317,0.016,-1.7948,0.525,0.4229,1.5231,1.9826,0.0714,1.9178,3.9804
ffc5_Rep1_s7.png,0.4048,0.0286,-1.5444,0.6016,0.3359,1.4675,1.8148,0.0701,1.9755,4.5096
ffc5_Rep2_s0.png,0.2601,0.0168,-1.7749,0.5094,0.1874,1.5018,2.3955,0.0628,1.6847,3.2172
ffc5_Rep2_s1.png,0.3859,0.0149,-1.8279,0.6054,0.3398,1.559,1.7066,0.0605,1.4329,1.679
ffc5_Rep2_s2.png,0.0769,0.033,-1.4815,0.393,0.765,1.2709,7.2854,0.0511,2.1694,5.3874
ffc5_Rep2_s3.png,0.0639,0.0355,-1.4501,0.2683,0.8861,1.2511,8.0001,0.083,1.3395,1.6252
ffc5_Rep2_s4.png,0.2889,0.0125,-1.9034,0.4802,0.3158,1.5451,1.972,0.0665,1.1466,0.8658
ffc5_Rep2_s5.png,0.0072,0.1445,-0.8401,0.5759,0.988,1.0352,45.885,0.1065,0.7197,-0.1365
ffc5_Rep2_s6.png,0.3053,0.0136,-1.8665,0.501,0.4253,1.5408,1.9481,0.0663,1.8652,3.7424
ffc5_Rep2_s7.png,0.3964,0.02,-1.6987,0.5877,0.2853,1.5229,1.7692,0.0664,2.0171,4.676
ffc60_Rep1_s0.png,0.0116,0.1019,-0.9917,0.5135,0.9891,1.1509,32.4568,0.0856,1.0931,0.741
ffc60_Rep1_s1.png,0.314,0.0267,-1.5732,0.4909,0.5235,1.4428,2.2366,0.0646,1.8686,3.9977
ffc60_Rep1_s2.png,0.0313,0.0377,-1.4242,0.3373,0.8939,1.3278,11.5154,0.0396,1.7768,4.6231
ffc60_Rep1_s3.png,0.0138,0.2002,-0.6986,0.645,0.9728,1.0874,38.544,0.1067,0.8598,0.1627
ffc60_Rep1_s4.png,0.2036,0.0208,-1.6823,0.3203,0.4646,1.4197,2.9944,0.0775,2.0388,5.6465
ffc60_Rep1_s5.png,0.0431,0.0731,-1.1362,0.4167,0.8755,1.2415,13.3044,0.0923,1.4957,2.022
ffc60_Rep1_s6.png,0.1401,0.0283,-1.5483,0.3847,0.7974,1.3635,4.1028,0.0743,1.6782,3.0911
ffc60_Rep1_s7.png,0.0083,0.1737,-0.7602,0.6193,0.989,1.0224,44.8462,0.0989,1.2036,1.2321
ffc60_Rep2_s0.png,0.0106,0.1157,-0.9368,0.5804,0.9891,1.1108,35.7246,0.0848,1.1018,0.6742
ffc60_Rep2_s1.png,0.3559,0.0324,-1.4891,0.55,0.4634,1.4357,2.0856,0.0648,1.7224,3.1763
ffc60_Rep2_s2.png,0.0431,0.0277,-1.5577,0.3519,0.902,1.3877,9.4686,0.0373,1.7265,4.8901
ffc60_Rep2_s3.png,0.007,0.0891,-1.0504,0.442,0.9805,1.0718,41.4884,0.1292,1.5664,1.8311
ffc60_Rep2_s4.png,0.1767,0.0314,-1.5025,0.2768,0.5018,1.3361,3.6212,0.0773,1.574,3.5955
ffc60_Rep2_s5.png,0.0702,0.0874,-1.0587,0.5996,0.8253,1.2996,9.6501,0.0843,2.1343,4.8652
ffc60_Rep2_s6.png,0.0826,0.0513,-1.29,0.4839,0.3525,1.3973,7.3241,0.078,1.385,1.8261
ffc60_Rep2_s7.png,0.0158,0.2905,-0.5368,0.7756,0.9755,1.0543,36.714,0.1024,0.9859,0.4679
ffc61_Rep1_s0.png,0.0079,0.1283,-0.8917,0.4837,0.993,1.0574,37.1329,0.068,1.0009,0.7263
ffc61_Rep1_s1.png,0.3049,0.0141,-1.8495,0.4722,0.2431,1.5306,2.0037,0.0658,1.5966,2.6375
ffc61_Rep1_s2.png,0.0261,0.1099,-0.9592,0.4687,0.8623,1.2363,20.5186,0.0376,1.4398,2.4621
ffc61_Rep1_s3.png,0.0111,0.3244,-0.489,0.6305,0.7678,0.8066,51.504,0.0298,1.7988,3.6432
ffc61_Rep1_s4.png,0.2646,0.0168,-1.7745,0.4142,0.2781,1.4824,2.3063,0.0762,1.7763,5.1406
ffc61_Rep1_s5.png,0.0052,0.1869,-0.7284,0.6766,0.9926,0.9563,56.4594,0.105,0.7543,-0.063
ffc61_Rep1_s6.png,0.2868,0.0145,-1.838,0.457,0.6123,1.5299,2.0119,0.071,1.8928,3.7478
ffc61_Rep1_s7.png,0.012,0.1908,-0.7193,0.6922,0.986,1.0632,38.8342,0.1212,0.7167,-0.3011
ffc61_Rep2_s0.png,0.007,0.1019,-0.9917,0.4555,0.9931,1.0526,37.1211,0.0708,0.9501,0.5679
ffc61_Rep2_s1.png,0.1584,0.0287,-1.5421,0.2461,0.4131,1.3554,3.7656,0.0727,1.1454,1.2427
ffc61_Rep2_s2.png,0.0415,0.0405,-1.3929,0.3327,0.7136,1.2106,11.0887,0.0343,1.4904,3.1883
ffc61_Rep2_s3.png,0.0063,0.3471,-0.4596,0.5948,0.7659,0.7925,76.5418,0.0135,1.0239,1.7039
ffc61_Rep2_s4.png,0.1751,0.0271,-1.5671,0.2772,0.53,1.3679,3.537,0.0763,1.3533,2.8219
ffc61_Rep2_s5.png,0.0381,0.1037,-0.9841,0.4885,0.8215,1.2415,14.9865,0.0941,1.3194,1.3438
ffc61_Rep2_s6.png,0.2694,0.0128,-1.8918,0.4304,0.6176,1.5312,2.048,0.0727,1.7004,3.0586
ffc61_Rep2_s7.png,0.0155,0.2726,-0.5644,0.7922,0.9843,1.0612,35.0966,0.113,0.823,-0.1605
ffc62_Rep1_s0.png,0.0103,0.1039,-0.9832,0.4217,0.8654,1.0951,35.3595,0.0192,1.0698,1.5959
ffc62_Rep1_s1.png,0.319,0.0122,-1.9154,0.4984,0.1219,1.5601,1.8189,0.0658,1.2435,1.3869
ffc62_Rep1_s2.png,0.095,0.0244,-1.6125,0.3707,0.4994,1.3206,5.9259,0.0388,1.9599,4.9396
ffc62_Rep1_s3.png,0.0195,0.2069,-0.6842,0.6035,0.6439,0.9403,32.0849,0.0522,1.494,1.8262
ffc62_Rep1_s4.png,0.2637,0.015,-1.8252,0.4213,0.5537,1.4997,2.2883,0.0731,2.3759,9.1394
ffc62_Rep1_s5.png,0.0426,0.0632,-1.1991,0.4615,0.676,1.3151,12.3255,0.0938,1.385,1.4422
ffc62_Rep1_s6.png,0.0562,0.049,-1.3097,0.3911,0.8748,1.2585,9.1802,0.0417,2.5355,7.175
ffc62_Rep1_s7.png,0.0127,0.1933,-0.7138,0.6836,0.9831,1.08,38.5353,0.1066,0.9629,0.1787
ffc62_Rep2_s0.png,0.0083,0.1277,-0.8938,0.5275,0.9929,1.0448,38.0808,0.0745,1.0329,0.7368
ffc62_Rep2_s1.png,0.3882,0.0143,-1.8437,0.6049,0.3066,1.566,1.6695,0.0622,1.5379,2.3939
ffc62_Rep2_s2.png,0.0553,0.0358,-1.446,0.3802,0.8102,1.2358,9.0223,0.0379,1.7554,3.9559
ffc62_Rep2_s3.png,0.0173,0.2377,-0.6239,0.6647,0.6089,0.9191,37.557,0.0409,1.5039,2.063
ffc62_Rep2_s4.png,0.2026,0.0215,-1.6676,0.3225,0.5873,1.4071,3.0188,0.0743,2.5324,10.5433
ffc62_Rep2_s5.png,0.0615,0.0672,-1.1725,0.5709,0.8829,1.3274,9.8196,0.0925,2.1757,5.4311
ffc62_Rep2_s6.png,0.2016,0.0163,-1.7886,0.3464,0.7508,1.4709,2.7488,0.0785,1.6297,2.4946
ffc62_Rep2_s7.png,0.0971,0.0539,-1.2687,0.4058,0.9019,1.3196,6.4807,0.0847,1.9537,3.6967
ffc64_Rep1_s0.png,0.0062,0.1329,-0.8766,0.5556,0.9873,1.0118,47.5632,0.0899,1.0582,0.698
ffc64_Rep1_s1.png,0.3828,0.0177,-1.752,0.5945,0.4815,1.5322,1.7772,0.0562,1.7919,3.6412
ffc64_Rep1_s2.png,0.0364,0.0399,-1.3986,0.2613,0.7557,1.1761,12.6511,0.0331,2.5063,8.4792
ffc64_Rep1_s3.png,0.0118,0.2075,-0.6829,0.5215,0.7747,0.8735,44.7004,0.0348,2.2047,4.7327
ffc64_Rep1_s4.png,0.3981,0.0207,-1.6843,0.6223,0.4696,1.5165,1.7797,0.0613,1.3876,1.6761
ffc64_Rep1_s5.png,0.0282,0.1078,-0.9675,0.5328,0.8784,1.2105,20.6919,0.1006,1.1094,0.6686
ffc64_Rep1_s6.png,0.3647,0.0157,-1.8049,0.546,0.3304,1.5433,1.7516,0.0724,2.007,4.4259
ffc64_Rep1_s7.png,0.353,0.0162,-1.7912,0.5174,0.3146,1.5279,1.8221,0.0722,1.8661,3.8692
ffc64_Rep2_s0.png,0.0104,0.1713,-0.7663,0.6644,0.9884,1.07,40.2233,0.0853,0.7847,0.1224
ffc64_Rep2_s1.png,0.3508,0.0133,-1.8766,0.5444,0.3627,1.5591,1.7981,0.0647,1.3197,1.6528
ffc64_Rep2_s2.png,0.0531,0.0693,-1.1594,0.5586,0.7743,1.1913,12.1116,0.0353,1.8288,3.9052
ffc64_Rep2_s3.png,0.0128,0.2121,-0.6735,0.5334,0.7335,0.8997,43.1859,0.0329,2.2925,5.3359
ffc64_Rep2_s4.png,0.3566,0.0128,-1.8933,0.5596,0.3711,1.5693,1.7427,0.0591,1.3364,1.4482
ffc64_Rep2_s5.png,0.2719,0.0159,-1.7972,0.4325,0.4513,1.5076,2.2988,0.0844,1.8517,3.5362
ffc64_Rep2_s6.png,0.2991,0.0143,-1.8461,0.4545,0.2334,1.5365,1.9449,0.0693,1.679,2.9646
ffc64_Rep2_s7.png,0.3313,0.0211,-1.6764,0.4884,0.3292,1.4796,2.0018,0.0788,1.8445,3.7381
ffc65_Rep1_s0.png,0.0101,0.1303,-0.8852,0.5668,0.9854,1.0972,40.6758,0.0897,1.0382,0.549
ffc65_Rep1_s1.png,0.3806,0.0129,-1.8877,0.6,0.334,1.5793,1.652,0.0536,1.4366,2.0989
ffc65_Rep1_s2.png,0.0933,0.0229,-1.6411,0.3626,0.7841,1.3382,5.6419,0.036,1.825,4.3783
ffc65_Rep1_s3.png,0.0702,0.0189,-1.7241,0.1611,0.6808,1.3195,6.0642,0.0784,0.9348,0.2119
ffc65_Rep1_s4.png,0.259,0.0119,-1.9227,0.4276,0.5118,1.5329,2.1685,0.0647,2.4451,11.3332
ffc65_Rep1_s5.png,0.051,0.0719,-1.1431,0.561,0.3654,1.3243,11.5946,0.0972,1.9811,4.1395
ffc65_Rep1_s6.png,0.3786,0.0151,-1.8211,0.5725,0.2836,1.558,1.7091,0.066,1.9935,4.2282
ffc65_Rep1_s7.png,0.3679,0.0267,-1.5733,0.5643,0.4536,1.4679,1.9658,0.0633,2.1219,5.0449
ffc65_Rep2_s0.png,0.0101,0.1004,-0.9983,0.5269,0.9869,1.1231,36.7589,0.0856,0.9046,0.2724
ffc65_Rep2_s1.png,0.4363,0.0183,-1.7365,0.6878,0.366,1.5462,1.6324,0.055,1.6307,2.6653
ffc65_Rep2_s2.png,0.3049,0.0231,-1.637,0.5787,0.594,1.4684,2.2782,0.0515,1.9616,4.4927
ffc65_Rep2_s3.png,0.0648,0.0274,-1.5629,0.2241,0.9051,1.2718,7.4109,0.0776,0.9663,0.3708
ffc65_Rep2_s4.png,0.2444,0.0133,-1.8776,0.3976,0.5593,1.5039,2.343,0.0647,2.4821,11.6969
ffc65_Rep2_s5.png,0.0631,0.0403,-1.3945,0.5181,0.7862,1.3884,8.6808,0.0884,1.7672,3.2452
ffc65_Rep2_s6.png,0.3837,0.0142,-1.8462,0.5789,0.2606,1.5677,1.6884,0.0674,1.9812,4.2231
ffc65_Rep2_s7.png,0.3857,0.0301,-1.5217,0.5946,0.4737,1.4533,1.9267,0.0665,2.1614,5.2277
ffc66_Rep1_s0.png,0.0112,0.1138,-0.9438,0.5609,0.9869,1.1227,35.9472,0.086,1.0371,0.5916
ffc66_Rep1_s1.png,0.4293,0.0213,-1.671,0.6706,0.3139,1.5222,1.691,0.0563,1.5956,2.5701
ffc66_Rep1_s2.png,0.0877,0.021,-1.678,0.3698,0.7779,1.3597,5.6961,0.0353,2.5145,10.2339
ffc66_Rep1_s3.png,0.1374,0.0278,-1.5554,0.4233,0.6785,1.3881,4.5424,0.066,2.321,7.1254
ffc66_Rep1_s4.png,0.3597,0.0149,-1.8259,0.5622,0.2305,1.547,1.7692,0.0635,2.299,8.9915
ffc66_Rep1_s5.png,0.3055,0.0126,-1.8986,0.4841,0.4182,1.5504,2.0502,0.0868,1.9448,3.9841
ffc66_Rep1_s6.png,0.2661,0.0236,-1.6276,0.4433,0.6047,1.4488,2.4305,0.0742,1.9426,4.1261
ffc66_Rep1_s7.png,0.0229,0.3167,-0.4993,0.7349,0.9632,1.0912,28.795,0.0947,0.9685,0.3721
ffc66_Rep2_s0.png,0.0108,0.1147,-0.9403,0.557,0.9876,1.1219,35.7117,0.0845,1.0354,0.6348
ffc66_Rep2_s1.png,0.429,0.019,-1.7217,0.674,0.3814,1.5423,1.6462,0.0558,1.5804,2.5159
ffc66_Rep2_s2.png,0.1196,0.0158,-1.8002,0.3386,0.5224,1.3841,4.2691,0.0346,2.5815,10.3885
ffc66_Rep2_s3.png,0.0687,0.0367,-1.4352,0.275,0.8938,1.2617,8.016,0.0539,1.6847,4.5207
ffc66_Rep2_s4.png,0.3058,0.0146,-1.8364,0.4833,0.3472,1.5265,2.0046,0.0649,2.4876,10.9986
ffc66_Rep2_s5.png,0.1504,0.0258,-1.5881,0.4651,0.887,1.4531,4.1176,0.0856,2.1034,4.8667
ffc66_Rep2_s6.png,0.2794,0.0192,-1.7165,0.4645,0.6359,1.4856,2.2112,0.0751,1.8444,3.6564
ffc66_Rep2_s7.png,0.0596,0.053,-1.2756,0.3868,0.8507,1.2802,10.1012,0.0193,1.7192,5.1812
ffc67_Rep1_s0.png,0.0106,0.1899,-0.7215,0.6686,0.9866,1.058,40.9152,0.0935,0.9585,0.6417
ffc67_Rep1_s1.png,0.377,0.0147,-1.8338,0.5965,0.3117,1.5591,1.7029,0.0581,1.4139,1.667
ffc67_Rep1_s2.png,0.0716,0.0367,-1.4351,0.4188,0.8661,1.2615,8.1357,0.0307,2.2588,8.815
ffc67_Rep1_s3.png,0.0254,0.0405,-1.3924,0.2514,0.9789,1.1371,14.7981,0.0863,1.0409,-0.1873
ffc67_Rep1_s4.png,0.3409,0.0126,-1.9011,0.5567,0.392,1.5694,1.813,0.0601,2.0334,8.4051
ffc67_Rep1_s5.png,0.0502,0.0547,-1.2618,0.4871,0.6122,1.3293,10.7426,0.0916,1.6215,2.2872
ffc67_Rep1_s6.png,0.0147,0.1911,-0.7188,0.4455,0.6713,1.049,36.1789,0.0103,1.3621,3.7923
ffc67_Rep1_s7.png,0.4041,0.0228,-1.6422,0.602,0.3331,1.5054,1.7676,0.0645,1.7466,3.3159
ffc67_Rep2_s0.png,0.0115,0.2223,-0.6532,0.6708,0.9831,1.0544,41.1052,0.0986,0.8617,0.2059
ffc67_Rep2_s1.png,0.4127,0.0161,-1.794,0.6473,0.3343,1.558,1.6488,0.0561,1.4778,2.0328
ffc67_Rep2_s2.png,0.058,0.042,-1.3768,0.3498,0.8576,1.221,10.0413,0.0296,2.1259,7.4933
ffc67_Rep2_s3.png,0.0698,0.0359,-1.4446,0.2535,0.8595,1.257,7.6919,0.0791,1.011,0.5305
ffc67_Rep2_s4.png,0.3395,0.014,-1.854,0.5547,0.3155,1.5528,1.8315,0.0706,1.3138,1.3494
ffc67_Rep2_s5.png,0.0381,0.0854,-1.0687,0.3888,0.7978,1.28,14.4717,0.1005,1.3979,1.4284
ffc67_Rep2_s6.png,0.2645,0.0137,-1.8642,0.4397,0.5743,1.5239,2.118,0.0756,1.3188,1.0763
ffc67_Rep2_s7.png,0.4008,0.0268,-1.5715,0.596,0.3242,1.483,1.8247,0.066,1.8524,3.8086
ffc68_Rep1_s0.png,0.0086,0.1933,-0.7137,0.7294,0.9829,1.0306,47.1242,0.0947,1.0531,0.4598
ffc68_Rep1_s1.png,0.3503,0.011,-1.9588,0.5601,0.3786,1.5891,1.6702,0.0608,1.3638,1.978
ffc68_Rep1_s2.png,0.1285,0.016,-1.7952,0.3818,0.2893,1.4131,4.1342,0.0294,1.8921,4.8367
ffc68_Rep1_s3.png,0.0493,0.0378,-1.4225,0.3389,0.9763,1.2236,9.8306,0.0713,1.0235,0.136
ffc68_Rep1_s4.png,0.321,0.0122,-1.9154,0.5278,0.4599,1.5619,1.893,0.0616,2.5155,11.0191
ffc68_Rep1_s5.png,0.0417,0.0872,-1.0593,0.4778,0.6777,1.2622,13.5969,0.1046,1.7758,2.9526
ffc68_Rep1_s6.png,0.2971,0.0169,-1.7734,0.4892,0.5648,1.5111,2.0733,0.0734,1.6604,2.4052
ffc68_Rep1_s7.png,0.3915,0.0364,-1.4384,0.5965,0.4222,1.43,1.951,0.0685,2.0829,4.5227
ffc68_Rep2_s0.png,0.0086,0.0964,-1.0161,0.4787,0.9875,1.0898,38.8397,0.0862,0.8623,0.0111
ffc68_Rep2_s1.png,0.3477,0.0128,-1.8937,0.5508,0.3585,1.5688,1.7314,0.0557,1.4113,2.0163
ffc68_Rep2_s2.png,0.0445,0.0521,-1.2835,0.3589,0.5222,1.1458,12.2466,0.0332,1.8527,5.9889
ffc68_Rep2_s3.png,0.0627,0.0267,-1.5742,0.1616,0.7718,1.2622,7.1766,0.0845,0.8776,-0.2906
ffc68_Rep2_s4.png,0.2549,0.0132,-1.8804,0.4293,0.5322,1.5156,2.2432,0.0631,2.5889,12.5422
ffc68_Rep2_s5.png,0.0145,0.0946,-1.0243,0.318,0.7756,1.1222,28.1329,0.1135,0.6891,-0.3424
ffc68_Rep2_s6.png,0.1754,0.0232,-1.6354,0.4415,0.8117,1.4221,3.4303,0.072,1.8807,3.6491
ffc68_Rep2_s7.png,0.3825,0.0306,-1.5147,0.5772,0.4708,1.4526,1.9223,0.0664,2.0874,4.728
ffc69_Rep1_s0.png,0.011,0.2086,-0.6807,0.66,0.9851,1.049,40.8967,0.0991,0.8198,0.0257
ffc69_Rep1_s1.png,0.4026,0.0151,-1.8201,0.6324,0.3132,1.5629,1.6546,0.0545,1.3925,1.5399
ffc69_Rep1_s2.png,0.1344,0.0161,-1.7926,0.3676,0.5338,1.4096,4.0076,0.0313,2.2373,7.0611
ffc69_Rep1_s3.png,0.036,0.0358,-1.4464,0.2275,0.8039,1.1806,11.4917,0.0802,0.9349,-0.0256
ffc69_Rep1_s4.png,0.3136,0.011,-1.9597,0.5161,0.4097,1.5738,1.8246,0.0691,1.5025,3.2979
ffc69_Rep1_s5.png,0.0596,0.0614,-1.2117,0.5856,0.8516,1.3319,10.0234,0.0963,2.1489,4.9149
ffc69_Rep1_s6.png,0.3214,0.0135,-1.8701,0.4882,0.3423,1.5547,1.8849,0.0722,1.6041,2.5289
ffc69_Rep1_s7.png,0.3521,0.0193,-1.715,0.5268,0.4132,1.5061,1.9381,0.064,1.9783,4.6063
ffc69_Rep2_s0.png,0.008,0.1083,-0.9654,0.4456,0.9886,1.0718,38.4329,0.0902,0.9503,0.3695
ffc69_Rep2_s1.png,0.405,0.0179,-1.7481,0.6483,0.3645,1.5442,1.6946,0.0549,1.7086,2.9613
ffc69_Rep2_s2.png,0.3088,0.021,-1.678,0.5466,0.3788,1.4937,2.2049,0.0563,1.9556,4.4924
ffc69_Rep2_s3.png,0.11,0.021,-1.6784,0.2067,0.803,1.3644,4.6978,0.084,1.2592,1.3874
ffc69_Rep2_s4.png,0.2493,0.0139,-1.8573,0.417,0.5777,1.507,2.2859,0.0634,1.9604,7.436
ffc69_Rep2_s5.png,0.0057,0.1832,-0.7371,0.6812,0.9928,0.9576,52.7711,0.0992,0.6371,-0.1776
ffc69_Rep2_s6.png,0.345,0.0145,-1.8384,0.517,0.3865,1.5446,1.7846,0.0781,1.7314,3.0244
ffc69_Rep2_s7.png,0.3598,0.0212,-1.6739,0.5501,0.3338,1.5009,1.9559,0.0654,2.0767,4.7887
ffc6_Rep1_s0.png,0.0107,0.1529,-0.8155,0.5914,0.9871,1.0959,39.2287,0.086,0.9644,0.3655
ffc6_Rep1_s1.png,0.3547,0.0149,-1.826,0.5543,0.2794,1.5436,1.8026,0.0598,1.3847,1.8765
ffc6_Rep1_s2.png,0.0151,0.2211,-0.6554,0.6291,0.43,1.2071,40.3912,0.0501,2.2699,6.2155
ffc6_Rep1_s3.png,0.0367,0.0408,-1.3897,0.2259,0.8136,1.1692,12.5115,0.0735,1.9137,5.6851
ffc6_Rep1_s4.png,0.273,0.0139,-1.8572,0.4407,0.4249,1.5151,2.1123,0.074,1.3099,2.4845
ffc6_Rep1_s5.png,0.3755,0.0182,-1.7399,0.6029,0.2338,1.5385,1.8581,0.0786,2.0863,4.9285
ffc6_Rep1_s6.png,0.3618,0.0149,-1.8262,0.546,0.2549,1.5487,1.7684,0.0686,2.0577,4.7157
ffc6_Rep1_s7.png,0.0203,0.2274,-0.6433,0.5627,0.9739,1.1079,28.9318,0.0969,0.9037,0.2286
ffc6_Rep2_s0.png,0.0125,0.1518,-0.8188,0.4967,0.7499,1.0583,37.2903,0.0302,2.4145,7.2129
ffc6_Rep2_s1.png,0.4379,0.0218,-1.6618,0.6833,0.3957,1.5235,1.6722,0.0593,1.6158,2.6076
ffc6_Rep2_s2.png,0.0181,0.1554,-0.8086,0.4442,0.4382,1.048,33.0667,0.0307,1.4049,3.3882
ffc6_Rep2_s3.png,0.0367,0.0456,-1.341,0.2621,0.9433,1.1766,12.4073,0.0766,1.7053,3.7939
ffc6_Rep2_s4.png,0.261,0.011,-1.9573,0.4317,0.4035,1.543,2.0105,0.0759,0.9238,0.1087
ffc6_Rep2_s5.png,0.3964,0.0198,-1.7038,0.6422,0.2506,1.5311,1.8262,0.0791,2.2543,5.7958
ffc6_Rep2_s6.png,0.3798,0.0137,-1.8619,0.5699,0.1508,1.5761,1.6955,0.07,2.1173,5.1055
ffc6_Rep2_s7.png,0.2388,0.027,-1.5679,0.4116,0.7621,1.4224,2.748,0.0693,1.8689,4.1011
ffc71_Rep1_s0.png,0.0103,0.1787,-0.7479,0.6206,0.9879,1.0774,40.3827,0.0933,0.9593,0.462
ffc71_Rep1_s1.png,0.4439,0.0227,-1.6438,0.7057,0.3668,1.5215,1.653,0.0564,2.0976,5.5787
ffc71_Rep1_s2.png,0.0583,0.0299,-1.5238,0.2981,0.5243,1.262,8.4023,0.0359,1.9345,4.753
ffc71_Rep1_s3.png,0.0223,0.0958,-1.0186,0.3997,0.6708,1.053,24.5253,0.0412,1.3324,1.4776
ffc71_Rep1_s4.png,0.329,0.0198,-1.7042,0.531,0.5433,1.4911,2.0837,0.0793,2.3557,7.9103
ffc71_Rep1_s5.png,0.0601,0.0361,-1.4426,0.4914,0.7757,1.3877,8.7358,0.0855,1.7935,3.2429
ffc71_Rep1_s6.png,0.186,0.0151,-1.8219,0.3197,0.7144,1.4714,2.7596,0.0828,1.6318,2.7685
ffc71_Rep1_s7.png,0.2941,0.0254,-1.5959,0.5245,0.6241,1.454,2.43,0.0642,2.3101,5.7846
ffc71_Rep2_s0.png,0.0969,0.0546,-1.2624,0.5642,0.8145,1.2987,6.7303,0.0742,1.3869,1.3302
ffc71_Rep2_s1.png,0.4469,0.0199,-1.7017,0.6946,0.3782,1.5409,1.6217,0.0577,1.6162,2.5003
ffc71_Rep2_s2.png,0.0102,0.1678,-0.7753,0.5135,0.9513,1.2026,40.8768,0.0662,1.7132,1.9712
ffc71_Rep2_s3.png,0.012,0.1586,-0.7996,0.5067,0.6568,0.9135,42.0962,0.0339,1.838,4.2348
ffc71_Rep2_s4.png,0.2755,0.0142,-1.8462,0.4457,0.5187,1.514,2.1585,0.0691,1.9487,6.8295
ffc71_Rep2_s5.png,0.0304,0.1391,-0.8565,0.5053,0.5085,1.1757,18.716,0.1016,0.9545,0.1123
ffc71_Rep2_s6.png,0.2744,0.0119,-1.9242,0.4207,0.3099,1.5445,1.9715,0.0729,1.3498,1.5194
ffc71_Rep2_s7.png,0.4318,0.0253,-1.5967,0.6364,0.2913,1.4963,1.7347,0.0658,2.1761,5.294
ffc72_Rep1_s0.png,0.0077,0.1485,-0.8282,0.5153,0.9888,1.0396,42.9761,0.1022,0.8793,0.2013
ffc72_Rep1_s1.png,0.3258,0.0119,-1.9245,0.5232,0.2386,1.5693,1.7843,0.0526,1.6884,3.8466
ffc72_Rep1_s2.png,0.0331,0.0722,-1.1416,0.4468,0.7271,1.0805,17.2637,0.0386,1.76,4.0865
ffc72_Rep1_s3.png,0.0149,0.2409,-0.6181,0.6158,0.694,0.8842,39.8876,0.0503,2.0294,3.7178
ffc72_Rep1_s4.png,0.3658,0.0122,-1.9122,0.581,0.3558,1.5784,1.7496,0.0686,2.3002,8.2414
ffc72_Rep1_s5.png,0.0989,0.0296,-1.5291,0.4346,0.93,1.4211,5.7894,0.0945,1.6697,2.4711
ffc72_Rep1_s6.png,0.1895,0.0183,-1.7382,0.3202,0.7531,1.4443,2.9807,0.0855,1.6758,2.8084
ffc72_Rep1_s7.png,0.3,0.0268,-1.5711,0.5155,0.7223,1.4579,2.3297,0.0712,2.0458,4.6664
ffc72_Rep2_s0.png,0.0071,0.105,-0.9787,0.4405,0.993,1.0584,36.9898,0.0692,1.0068,0.7508
ffc72_Rep2_s1.png,0.3265,0.0131,-1.8825,0.5141,0.1029,1.5515,1.8356,0.0631,1.6039,3.2927
ffc72_Rep2_s2.png,0.0063,0.195,-0.71,0.522,0.9054,1.091,61.2369,0.0605,1.4447,1.2539
ffc72_Rep2_s3.png,0.0148,0.23,-0.6382,0.5399,0.5196,0.8957,41.6856,0.0367,1.8532,3.4156
ffc72_Rep2_s4.png,0.3385,0.014,-1.8542,0.5293,0.3405,1.5446,1.8605,0.0754,2.8011,11.161
ffc72_Rep2_s5.png,0.0319,0.0853,-1.069,0.4453,0.7864,1.2248,16.9058,0.1071,1.1455,0.663
ffc72_Rep2_s6.png,0.1909,0.0292,-1.5342,0.4049,0.7109,1.3757,3.2939,0.0621,2.4979,7.7552
ffc72_Rep2_s7.png,0.325,0.0159,-1.7983,0.4984,0.3286,1.5249,1.9826,0.0761,1.9328,4.0121
ffc73_Rep1_s0.png,0.0108,0.1651,-0.7821,0.6048,0.9856,1.0812,40.148,0.0926,1.0164,0.6976
ffc73_Rep1_s1.png,0.3526,0.0127,-1.8956,0.5599,0.3256,1.5742,1.7073,0.0542,1.5129,2.6514
ffc73_Rep1_s2.png,0.1245,0.022,-1.6575,0.4123,0.5531,1.3735,4.7755,0.0306,2.0121,5.9687
ffc73_Rep1_s3.png,0.0208,0.0491,-1.3089,0.2496,0.9779,1.0728,18.7856,0.0895,1.0519,-0.168
ffc73_Rep1_s4.png,0.2782,0.0125,-1.9046,0.4633,0.5088,1.5367,2.0575,0.0618,1.7093,5.2193
ffc73_Rep1_s5.png,0.0402,0.0935,-1.0293,0.464,0.6778,1.2471,14.0062,0.1032,1.6819,2.8359
ffc73_Rep1_s6.png,0.2871,0.0173,-1.7617,0.4429,0.3154,1.5056,2.105,0.0808,1.5666,1.9807
ffc73_Rep1_s7.png,0.2692,0.0284,-1.5474,0.4609,0.7544,1.4238,2.5482,0.0622,1.9966,4.627
ffc73_Rep2_s0.png,0.0478,0.0746,-1.1275,0.5408,0.8161,1.3234,12.352,0.057,1.1917,0.8035
ffc73_Rep2_s1.png,0.3264,0.0108,-1.9682,0.5191,0.3388,1.5805,1.709,0.06,1.2419,1.5386
ffc73_Rep2_s2.png,0.1294,0.0221,-1.6554,0.4192,0.5052,1.3813,4.6912,0.0339,1.7689,4.3851
ffc73_Rep2_s3.png,0.0314,0.0317,-1.4985,0.1682,0.6715,1.1595,11.6609,0.089,0.7842,-0.7307
ffc73_Rep2_s4.png,0.2832,0.0114,-1.9439,0.4703,0.4862,1.5479,2.0196,0.0635,2.5793,12.2786
ffc73_Rep2_s5.png,0.0063,0.1788,-0.7476,0.6003,0.9926,0.979,49.2277,0.1042,0.6463,-0.2374
ffc73_Rep2_s6.png,0.3245,0.0163,-1.7881,0.4968,0.3,1.5391,1.9086,0.0766,1.7361,2.9514
ffc73_Rep2_s7.png,0.4077,0.0267,-1.574,0.6046,0.3501,1.4826,1.8018,0.064,1.872,3.9199
ffc74_Rep1_s0.png,0.0093,0.125,-0.903,0.5459,0.9908,1.0821,37.0028,0.0821,1.0125,0.662
ffc74_Rep1_s1.png,0.4008,0.0153,-1.8146,0.6313,0.4157,1.5622,1.6716,0.0548,1.9392,5.1898
ffc74_Rep1_s2.png,0.1029,0.0235,-1.6284,0.4268,0.6806,1.3672,5.402,0.0364,2.2897,7.7395
ffc74_Rep1_s3.png,0.0726,0.055,-1.2596,0.3491,0.8773,1.2386,8.3931,0.0783,2.1049,4.9932
ffc74_Rep1_s4.png,0.2906,0.0125,-1.9038,0.4635,0.4098,1.5388,1.9936,0.0691,2.527,10.0119
ffc74_Rep1_s5.png,0.063,0.0629,-1.2012,0.2208,0.9365,1.2515,9.4369,0.1013,0.9668,0.3695
ffc74_Rep1_s6.png,0.3292,0.0252,-1.5989,0.4884,0.3118,1.4679,2.1085,0.0738,1.9472,4.2689
ffc74_Rep1_s7.png,0.0175,0.2324,-0.6337,0.6991,0.9703,1.093,33.5852,0.0999,0.9246,0.2573
ffc74_Rep2_s0.png,0.0203,0.1482,-0.8293,0.5619,0.9681,1.1684,26.8843,0.0993,1.2273,0.9712
ffc74_Rep2_s1.png,0.3839,0.0159,-1.7997,0.6023,0.3705,1.5509,1.7384,0.0559,1.3738,2.0706
ffc74_Rep2_s2.png,0.0647,0.0353,-1.4521,0.4206,0.8209,1.2664,8.5573,0.0388,2.285,7.8957
ffc74_Rep2_s3.png,0.0506,0.0808,-1.0928,0.4661,0.9193,1.1659,12.0631,0.0322,1.8747,4.1914
ffc74_Rep2_s4.png,0.3003,0.0126,-1.8988,0.4754,0.2972,1.5444,1.9229,0.0658,1.2734,1.8442
ffc74_Rep2_s5.png,0.1469,0.0443,-1.3533,0.4487,0.9047,1.3687,4.7709,0.0884,2.2207,5.3416
ffc74_Rep2_s6.png,0.2959,0.0311,-1.5075,0.565,0.7058,1.4498,2.3895,0.0683,1.7628,3.5108
ffc74_Rep2_s7.png,0.0188,0.2421,-0.616,0.7135,0.9692,1.0713,32.0279,0.092,1.0627,0.474
ffc75_Rep1_s0.png,0.0103,0.1064,-0.9732,0.5189,0.9867,1.1262,36.4437,0.0849,0.6402,-0.262
ffc75_Rep1_s1.png,0.4106,0.0124,-1.9064,0.6424,0.3598,1.5961,1.6026,0.0534,1.5303,2.5805
ffc75_Rep1_s2.png,0.0837,0.035,-1.4557,0.4207,0.7751,1.2807,6.9611,0.0437,2.5675,8.4341
ffc75_Rep1_s3.png,0.0815,0.0182,-1.7402,0.1754,0.5837,1.3234,5.2322,0.0833,1.2162,1.161
ffc75_Rep1_s4.png,0.3036,0.0145,-1.8393,0.5033,0.3345,1.5286,2.0129,0.0706,1.192,0.8323
ffc75_Rep1_s5.png,0.3208,0.0147,-1.8329,0.5149,0.2636,1.5406,2.0117,0.0805,2.0151,4.3983
ffc75_Rep1_s6.png,0.3695,0.0125,-1.9015,0.5559,0.3497,1.5844,1.696,0.0686,1.8391,3.6733
ffc75_Rep1_s7.png,0.4087,0.0219,-1.6599,0.6053,0.2904,1.5118,1.7393,0.0629,1.9135,4.3904
ffc75_Rep2_s0.png,0.0065,0.1137,-0.9442,0.4309,0.993,1.029,39.1923,0.0739,0.8243,0.2417
ffc75_Rep2_s1.png,0.4448,0.0217,-1.6632,0.7026,0.3972,1.5265,1.6505,0.0536,1.6623,2.9124
ffc75_Rep2_s2.png,0.0592,0.0397,-1.401,0.3787,0.8088,1.2357,9.3513,0.0325,2.5405,11.5423
ffc75_Rep2_s3.png,0.0698,0.024,-1.6193,0.2106,0.8796,1.291,6.5074,0.0839,1.0121,0.046
ffc75_Rep2_s4.png,0.2912,0.0117,-1.9336,0.4884,0.3162,1.5536,1.9195,0.0773,0.9623,0.1879
ffc75_Rep2_s5.png,0.286,0.0158,-1.8012,0.501,0.664,1.5161,2.2384,0.0812,2.1169,5.2951
ffc75_Rep2_s6.png,0.1004,0.0399,-1.399,0.483,0.8236,1.3067,5.757,0.0666,2.2369,5.2903
ffc75_Rep2_s7.png,0.3019,0.024,-1.6196,0.5008,0.6963,1.4554,2.3072,0.0622,2.1107,5.2364
ffc76_Rep1_s0.png,0.0106,0.1028,-0.9882,0.5137,0.9875,1.1312,34.8597,0.0877,0.9031,0.2531
ffc76_Rep1_s1.png,0.3739,0.0175,-1.7566,0.5861,0.5184,1.5276,1.8249,0.0535,1.8892,4.0477
ffc76_Rep1_s2.png,0.1128,0.0256,-1.5913,0.4104,0.4547,1.3469,5.2807,0.0403,1.9052,4.3661
ffc76_Rep1_s3.png,0.0594,0.0496,-1.3048,0.2711,0.819,1.2257,9.3851,0.0722,2.9446,12.1794
ffc76_Rep1_s4.png,0.3436,0.0235,-1.6292,0.5393,0.5602,1.4774,2.0244,0.0686,2.2358,7.4991
ffc76_Rep1_s5.png,0.0348,0.0825,-1.0834,0.3448,0.7217,1.214,16.317,0.101,1.2532,1.0451
ffc76_Rep1_s6.png,0.1962,0.0176,-1.7543,0.3655,0.7534,1.4688,2.7812,0.0861,1.2395,1.1039
ffc76_Rep1_s7.png,0.0188,0.2571,-0.5899,0.7508,0.9839,1.1067,30.3905,0.105,0.8329,-0.2203
ffc76_Rep2_s0.png,0.0105,0.1408,-0.8514,0.5181,0.9895,1.0894,36.5113,0.0834,0.8466,0.1536
ffc76_Rep2_s1.png,0.4404,0.0198,-1.7034,0.685,0.4629,1.538,1.6487,0.0548,1.9151,4.2236
ffc76_Rep2_s2.png,0.0205,0.0508,-1.2944,0.3227,0.8159,1.1101,19.8557,0.0452,1.7056,3.3229
ffc76_Rep2_s3.png,0.207,0.0172,-1.7635,0.3789,0.6903,1.4656,2.9064,0.0722,2.7207,9.9816
ffc76_Rep2_s4.png,0.3837,0.0202,-1.6937,0.5988,0.5003,1.5131,1.8274,0.0694,1.8693,4.9786
ffc76_Rep2_s5.png,0.0052,0.1996,-0.6997,0.7122,0.9919,0.9495,58.2104,0.1119,0.6318,-0.4077
ffc76_Rep2_s6.png,0.2382,0.0176,-1.7538,0.3883,0.6866,1.4867,2.4195,0.0819,1.7388,3.0321
ffc76_Rep2_s7.png,0.0253,0.2557,-0.5922,0.6014,0.9696,1.136,25.7813,0.0997,0.9428,0.3309
ffc78_Rep1_s0.png,0.008,0.1339,-0.8733,0.5053,0.9928,1.04,38.4869,0.0706,0.91,0.4848
ffc78_Rep1_s1.png,0.3777,0.016,-1.795,0.598,0.4139,1.5484,1.7278,0.0573,1.6428,3.0667
ffc78_Rep1_s2.png,0.0177,0.1149,-0.9398,0.4432,0.546,1.1056,31.0711,0.0232,0.9639,1.1151
ffc78_Rep1_s3.png,0.0118,0.2481,-0.6053,0.5771,0.5826,0.8419,47.8124,0.0417,2.8057,9.7708
ffc78_Rep1_s4.png,0.3693,0.0144,-1.8407,0.5947,0.4309,1.5593,1.75,0.0684,2.4901,10.4489
ffc78_Rep1_s5.png,0.005,0.1807,-0.743,0.6722,0.9917,0.9301,59.6859,0.1062,0.4953,-0.5709
ffc78_Rep1_s6.png,0.1441,0.0215,-1.6684,0.377,0.8083,1.477,3.7891,0.0779,1.4073,1.8433
ffc78_Rep1_s7.png,0.3238,0.0156,-1.8073,0.5016,0.4169,1.5293,1.9757,0.0704,1.6905,3.0193
ffc78_Rep2_s0.png,0.0133,0.1554,-0.8085,0.5952,0.9887,1.1273,33.1873,0.0975,0.8865,0.3197
ffc78_Rep2_s1.png,0.4391,0.0191,-1.7192,0.6867,0.4184,1.5454,1.6421,0.0548,1.5881,2.3644
ffc78_Rep2_s2.png,0.1016,0.0294,-1.5314,0.3588,0.5687,1.3275,5.7827,0.0415,2.5109,8.3994
ffc78_Rep2_s3.png,0.0518,0.0324,-1.4892,0.2204,0.8968,1.2256,8.7425,0.0783,1.3346,1.8459
ffc78_Rep2_s4.png,0.2995,0.0146,-1.835,0.4934,0.3589,1.5304,2.0144,0.0666,1.1864,0.8854
ffc78_Rep2_s5.png,0.242,0.0156,-1.8071,0.4253,0.7083,1.4974,2.5717,0.0815,2.1358,5.0141
ffc78_Rep2_s6.png,0.3852,0.0164,-1.7846,0.5819,0.1614,1.5453,1.7079,0.0663,1.9729,4.4343
ffc78_Rep2_s7.png,0.2509,0.0202,-1.6944,0.4446,0.7898,1.4797,2.5169,0.0694,1.6822,3.3747
ffc79_Rep1_s0.png,0.0102,0.1173,-0.9307,0.5578,0.9905,1.108,35.4235,0.0847,1.0281,0.6464
ffc79_Rep1_s1.png,0.4199,0.0168,-1.7737,0.6609,0.4078,1.5564,1.6449,0.0596,1.85,4.2103
ffc79_Rep1_s2.png,0.0575,0.0312,-1.5054,0.3704,0.8354,1.2427,8.8609,0.0407,1.9177,4.8865
ffc79_Rep1_s3.png,0.022,0.1206,-0.9188,0.585,0.659,1.0125,28.2181,0.037,1.151,0.7517
ffc79_Rep1_s4.png,0.2779,0.0181,-1.7423,0.4367,0.4431,1.4845,2.254,0.0772,2.6809,10.1173
ffc79_Rep1_s5.png,0.04,0.064,-1.1935,0.3858,0.4479,1.2955,13.1874,0.0977,1.3764,1.3287
ffc79_Rep1_s6.png,0.0434,0.0607,-1.2171,0.3898,0.8624,1.2797,11.7898,0.0962,1.2701,1.0402
ffc79_Rep1_s7.png,0.1184,0.0579,-1.2374,0.4047,0.8177,1.322,5.8661,0.0633,3.0198,10.1957
ffc79_Rep2_s0.png,0.0064,0.1399,-0.8543,0.3809,0.7736,0.9435,46.7607,0.0457,1.5823,2.6092
ffc79_Rep2_s1.png,0.4203,0.0184,-1.7349,0.6655,0.4324,1.5452,1.6705,0.0594,2.3686,7.7107
ffc79_Rep2_s2.png,0.0917,0.0239,-1.6218,0.3503,0.4183,1.3313,5.6301,0.0391,2.3879,7.0286
ffc79_Rep2_s3.png,0.0209,0.1551,-0.8094,0.5944,0.7145,0.9949,29.148,0.0358,1.2953,1.2657
ffc79_Rep2_s4.png,0.2237,0.0231,-1.6364,0.3548,0.493,1.4213,2.8555,0.0864,2.4877,8.278
ffc79_Rep2_s5.png,0.0613,0.0638,-1.195,0.5325,0.8832,1.3229,9.7797,0.0932,1.992,4.1841
ffc79_Rep2_s6.png,0.0461,0.06,-1.2221,0.4056,0.8645,1.2847,11.3143,0.0927,1.32,1.2264
ffc79_Rep2_s7.png,0.2969,0.0276,-1.5594,0.5195,0.5244,1.4424,2.4412,0.0708,2.2334,5.3865
ffc80_Rep1_s0.png,0.0083,0.1372,-0.8627,0.5094,0.9927,1.0535,38.2054,0.0703,0.7958,0.1751
ffc80_Rep1_s1.png,0.331,0.0129,-1.8889,0.5268,0.3196,1.5539,1.8345,0.0577,1.5184,3.0661
ffc80_Rep1_s2.png,0.0694,0.0374,-1.4276,0.4029,0.7164,1.2766,8.7433,0.0363,1.9649,4.9806
ffc80_Rep1_s3.png,0.0011,0.1865,-0.7294,0.5248,0.9983,0.8193,77.7151,0.0068,-0.0565,-0.8833
ffc80_Rep1_s4.png,0.3104,0.0098,-2.011,0.5009,0.4395,1.5882,1.8194,0.0673,1.8922,7.0898
ffc80_Rep1_s5.png,0.1721,0.0189,-1.7231,0.3116,0.7323,1.4475,3.4343,0.086,1.7493,3.0541
ffc80_Rep1_s6.png,0.3123,0.0167,-1.7771,0.5036,0.5651,1.5235,2.002,0.0773,1.8702,3.6697
ffc80_Rep1_s7.png,0.1813,0.0328,-1.4846,0.3075,0.7824,1.3561,3.5267,0.0709,1.7759,3.2636
ffc80_Rep2_s0.png,0.0111,0.1128,-0.9479,0.5827,0.9867,1.1254,35.8926,0.084,0.9811,0.9006
ffc80_Rep2_s1.png,0.3616,0.0125,-1.9016,0.5648,0.2862,1.574,1.7371,0.0595,1.3962,1.8969
ffc80_Rep2_s2.png,0.0588,0.0474,-1.324,0.3973,0.7819,1.2188,10.2371,0.0346,1.8674,4.7085
ffc80_Rep2_s3.png,0.0262,0.0763,-1.1176,0.3274,0.9571,1.055,19.4298,0.0734,1.0176,-0.1777
ffc80_Rep2_s4.png,0.3074,0.0087,-2.0628,0.4962,0.4248,1.6029,1.7591,0.0623,1.7857,6.1652
ffc80_Rep2_s5.png,0.1256,0.0261,-1.5842,0.4582,0.9104,1.451,4.7751,0.0813,1.8357,3.5808
ffc80_Rep2_s6.png,0.2705,0.0191,-1.7182,0.5008,0.2871,1.4889,2.2731,0.0647,1.8727,3.6286
ffc80_Rep2_s7.png,0.3304,0.0248,-1.6061,0.5067,0.3774,1.466,2.0666,0.0694,1.8902,3.8507
ffc81_Rep1_s0.png,0.0096,0.2484,-0.6049,0.7917,0.98,1.0169,47.6009,0.0902,0.89,0.2739
ffc81_Rep1_s1.png,0.3942,0.0144,-1.8426,0.6188,0.4034,1.5705,1.6824,0.059,1.4581,1.8672
ffc81_Rep1_s2.png,0.0984,0.0207,-1.6844,0.3334,0.5728,1.3557,5.2339,0.0362,1.7523,3.4426
ffc81_Rep1_s3.png,0.0914,0.0233,-1.6318,0.2096,0.746,1.315,5.7444,0.068,1.3319,2.2239
ffc81_Rep1_s4.png,0.2936,0.0133,-1.8774,0.4887,0.318,1.5374,1.9808,0.0707,1.1227,0.6189
ffc81_Rep1_s5.png,0.1689,0.025,-1.6019,0.5273,0.8721,1.4155,3.8234,0.0782,2.1678,5.5825
ffc81_Rep1_s6.png,0.3622,0.0137,-1.8621,0.547,0.2848,1.5631,1.7488,0.0721,1.7744,3.399
ffc81_Rep1_s7.png,0.3992,0.0196,-1.7067,0.5919,0.334,1.5246,1.7453,0.0674,1.9898,4.6901
ffc81_Rep2_s0.png,0.008,0.1721,-0.7642,0.563,0.9774,1.0183,48.8095,0.0928,1.1035,0.979
ffc81_Rep2_s1.png,0.3665,0.0147,-1.8338,0.5764,0.3531,1.5565,1.74,0.0581,1.4086,1.7333
ffc81_Rep2_s2.png,0.0775,0.0256,-1.5913,0.3399,0.8158,1.3032,6.6103,0.0368,1.6112,2.8134
ffc81_Rep2_s3.png,0.0558,0.033,-1.4817,0.2127,0.884,1.2383,8.9072,0.0726,1.5154,2.9695
ffc81_Rep2_s4.png,0.3065,0.015,-1.8243,0.5035,0.3486,1.5252,1.9925,0.0695,1.1815,0.7523
ffc81_Rep2_s5.png,0.1879,0.0276,-1.559,0.5791,0.8608,1.4172,3.6003,0.0757,2.2517,6.3043
ffc81_Rep2_s6.png,0.3402,0.0129,-1.8901,0.5179,0.282,1.5585,1.816,0.0701,1.7765,3.3556
ffc81_Rep2_s7.png,0.3885,0.0219,-1.6593,0.5782,0.3589,1.5048,1.7921,0.0726,1.8775,4.0546
ffc82_Rep1_s0.png,0.0115,0.1712,-0.7664,0.6086,0.9844,1.0906,39.9589,0.085,0.7341,-0.0973
ffc82_Rep1_s1.png,0.3682,0.0138,-1.8599,0.5782,0.3572,1.5637,1.7209,0.057,1.4093,1.7003
ffc82_Rep1_s2.png,0.034,0.0402,-1.3958,0.2742,0.4023,1.1475,13.1732,0.0298,1.7297,4.4984
ffc82_Rep1_s3.png,0.0615,0.0313,-1.504,0.2824,0.9134,1.2633,7.9496,0.0702,1.1125,1.1982
ffc82_Rep1_s4.png,0.3012,0.0133,-1.8763,0.4981,0.347,1.5416,1.9978,0.072,1.2881,1.4823
ffc82_Rep1_s5.png,0.0187,0.1358,-0.8672,0.3727,0.5946,1.1262,26.6809,0.1103,1.4118,1.8428
ffc82_Rep1_s6.png,0.3251,0.0126,-1.8995,0.4986,0.2966,1.5545,1.8416,0.0762,1.5521,2.4001
ffc82_Rep1_s7.png,0.2433,0.0244,-1.6126,0.4315,0.7483,1.4333,2.6509,0.0674,1.8298,4.0715
ffc82_Rep2_s0.png,0.0147,0.22,-0.6576,0.6612,0.6349,1.2685,39.4897,0.0446,1.3042,1.8206
ffc82_Rep2_s1.png,0.3737,0.0127,-1.8962,0.5869,0.3351,1.5778,1.6835,0.0602,1.4474,1.8348
ffc82_Rep2_s2.png,0.0562,0.0294,-1.5316,0.3328,0.8582,1.2421,8.5856,0.0392,1.897,4.4208
ffc82_Rep2_s3.png,0.1243,0.0167,-1.7763,0.2376,0.5241,1.3932,4.1637,0.0757,1.2909,1.4609
ffc82_Rep2_s4.png,0.3182,0.0177,-1.7522,0.5285,0.3382,1.5086,2.0169,0.0727,1.2374,0.8648
ffc82_Rep2_s5.png,0.2038,0.0193,-1.7137,0.4274,0.7866,1.4658,3.0962,0.0841,2.0091,4.3194
ffc82_Rep2_s6.png,0.3744,0.0131,-1.8828,0.5653,0.2899,1.5731,1.6883,0.0683,1.5905,2.3509
ffc82_Rep2_s7.png,0.4124,0.0221,-1.6562,0.61,0.2883,1.5122,1.7279,0.065,1.8805,4.1756
ffc83_Rep1_s0.png,0.0305,0.1017,-0.9925,0.4512,0.7212,1.2181,18.631,0.0426,2.1084,5.3098
ffc83_Rep1_s1.png,0.4199,0.0174,-1.7607,0.659,0.429,1.556,1.6611,0.0588,1.6117,2.3435
ffc83_Rep1_s2.png,0.1359,0.0217,-1.6642,0.4055,0.5167,1.3746,4.4064,0.036,1.9503,4.6446
ffc83_Rep1_s3.png,0.059,0.0312,-1.5058,0.2275,0.8837,1.2504,8.0578,0.0843,1.2319,1.1695
ffc83_Rep1_s4.png,0.2892,0.0144,-1.8427,0.4877,0.3421,1.5277,2.064,0.07,1.2097,0.8915
ffc83_Rep1_s5.png,0.1488,0.0265,-1.577,0.5465,0.91,1.4476,4.2018,0.0826,2.149,5.066
ffc83_Rep1_s6.png,0.3547,0.0129,-1.8886,0.5349,0.2219,1.5663,1.7341,0.0738,1.7172,2.9585
ffc83_Rep1_s7.png,0.3949,0.0156,-1.8063,0.5871,0.2906,1.5516,1.7091,0.0675,1.7234,3.5622
ffc83_Rep2_s0.png,0.0075,0.0926,-1.0333,0.3892,0.9877,1.0823,36.5735,0.0782,0.9399,0.6351
ffc83_Rep2_s1.png,0.3683,0.0125,-1.9016,0.5807,0.3406,1.5778,1.6788,0.0543,1.3785,1.7319
ffc83_Rep2_s2.png,0.114,0.0209,-1.6805,0.3659,0.4793,1.3575,4.9699,0.0354,1.7642,4.679
ffc83_Rep2_s3.png,0.0435,0.0366,-1.4367,0.2127,0.8944,1.1853,10.2711,0.083,0.9674,-0.0811
ffc83_Rep2_s4.png,0.296,0.0129,-1.8903,0.4881,0.3707,1.5433,2.0449,0.0617,2.038,8.166
ffc83_Rep2_s5.png,0.0184,0.138,-0.86,0.3716,0.6348,1.1099,26.8092,0.1105,1.2997,1.4549
ffc83_Rep2_s6.png,0.1824,0.0241,-1.6173,0.383,0.8857,1.4208,3.3065,0.0668,1.7665,2.9378
ffc83_Rep2_s7.png,0.3355,0.0279,-1.5536,0.5248,0.4359,1.4456,2.1114,0.0649,1.7952,3.3364
ffc85_Rep1_s0.png,0.1033,0.0434,-1.3625,0.435,0.8393,1.3583,6.1053,0.0522,1.4872,2.0155
ffc85_Rep1_s1.png,0.4043,0.0158,-1.8024,0.6326,0.4214,1.5617,1.6697,0.0604,1.503,1.8332
ffc85_Rep1_s2.png,0.061,0.0335,-1.4746,0.3597,0.8842,1.2431,8.677,0.0328,2.3303,9.1822
ffc85_Rep1_s3.png,0.0533,0.0421,-1.3752,0.2505,0.9094,1.201,9.4305,0.0715,1.111,0.7756
ffc85_Rep1_s4.png,0.3308,0.0116,-1.9364,0.5375,0.3476,1.5762,1.7957,0.0658,1.2843,1.2828
ffc85_Rep1_s5.png,0.0689,0.0426,-1.3704,0.4937,0.8348,1.3923,8.0925,0.0789,2.0186,4.357
ffc85_Rep1_s6.png,0.3059,0.0151,-1.8206,0.5045,0.4417,1.5342,1.9776,0.0731,1.936,3.9307
ffc85_Rep1_s7.png,0.4429,0.0354,-1.451,0.6527,0.3751,1.4499,1.743,0.0673,2.0553,4.6419
ffc85_Rep2_s0.png,0.2575,0.0166,-1.7809,0.5132,0.2851,1.5055,2.4378,0.0668,1.6484,3.1559
ffc85_Rep2_s1.png,0.406,0.0142,-1.8489,0.6353,0.3709,1.5752,1.647,0.0565,1.6025,2.6113
ffc85_Rep2_s2.png,0.1181,0.0221,-1.655,0.3422,0.567,1.3479,4.6731,0.0342,2.179,7.2209
ffc85_Rep2_s3.png,0.0549,0.0279,-1.5538,0.1906,0.8469,1.2247,7.9154,0.0757,1.0578,0.208
ffc85_Rep2_s4.png,0.2772,0.0115,-1.9381,0.466,0.4072,1.5488,2.0059,0.0699,1.2604,1.4025
ffc85_Rep2_s5.png,0.0227,0.0996,-1.0016,0.4273,0.7296,1.2076,21.4159,0.1019,1.1598,0.9579
ffc85_Rep2_s6.png,0.3405,0.0148,-1.8283,0.5535,0.429,1.544,1.8606,0.064,2.0354,4.8697
ffc85_Rep2_s7.png,0.2121,0.0336,-1.4739,0.5187,0.8317,1.3873,3.2095,0.0644,1.7125,3.1008
ffc86_Rep1_s0.png,0.034,0.0941,-1.0263,0.3968,0.8684,1.1363,16.6796,0.0468,1.7371,3.7267
ffc86_Rep1_s1.png,0.4432,0.019,-1.7218,0.6942,0.3806,1.5489,1.6178,0.0576,1.5097,1.9051
ffc86_Rep1_s2.png,0.1747,0.0193,-1.7155,0.456,0.4318,1.4225,3.4734,0.0356,2.0824,5.5514
ffc86_Rep1_s3.png,0.2347,0.0159,-1.7981,0.4024,0.5032,1.4837,2.6233,0.0691,1.4058,2.7735
ffc86_Rep1_s4.png,0.2887,0.0109,-1.9642,0.474,0.3869,1.563,1.8794,0.0717,1.1265,1.5123
ffc86_Rep1_s5.png,0.0523,0.05,-1.3008,0.4439,0.9137,1.3294,10.3597,0.0943,2.0284,4.3363
ffc86_Rep1_s6.png,0.1478,0.0223,-1.6522,0.3424,0.5278,1.4153,3.716,0.0764,1.7536,2.8229
ffc86_Rep1_s7.png,0.4742,0.0467,-1.3307,0.6987,0.3264,1.417,1.7018,0.0615,2.2076,5.4927
ffc86_Rep2_s0.png,0.0119,0.244,-0.6126,0.7302,0.9842,1.0695,41.1991,0.095,0.8263,0.301
ffc86_Rep2_s1.png,0.4541,0.0219,-1.6598,0.7038,0.4003,1.5307,1.6251,0.0574,1.7909,3.5679
ffc86_Rep2_s2.png,0.0154,0.0747,-1.1265,0.3266,0.7691,1.2927,27.7683,0.0331,1.3678,2.1328
ffc86_Rep2_s3.png,0.0126,0.1544,-0.8113,0.5625,0.8639,1.0119,37.571,0.0236,3.3843,13.8478
ffc86_Rep2_s4.png,0.3235,0.0142,-1.8463,0.5187,0.5076,1.5334,1.8944,0.0674,1.1477,0.7995
ffc86_Rep2_s5.png,0.124,0.0212,-1.6735,0.3698,0.884,1.3879,4.4046,0.0675,2.2121,5.9809
ffc86_Rep2_s6.png,0.1973,0.0188,-1.7255,0.4013,0.876,1.4547,2.9638,0.0741,1.4416,2.2183
ffc86_Rep2_s7.png,0.3841,0.0175,-1.7575,0.5645,0.3281,1.5272,1.8033,0.0667,2.0768,5.0996
ffc87_Rep1_s0.png,0.1901,0.0251,-1.6004,0.4396,0.7388,1.4005,3.3926,0.0659,1.5503,2.7677
ffc87_Rep1_s1.png,0.3697,0.0127,-1.8969,0.5829,0.342,1.5755,1.6804,0.0544,1.4116,1.8295
ffc87_Rep1_s2.png,0.1075,0.0195,-1.711,0.3542,0.65,1.3722,4.874,0.0361,1.9051,4.2703
ffc87_Rep1_s3.png,0.0497,0.0383,-1.4163,0.209,0.8957,1.2037,9.6017,0.0844,1.0325,0.2203
ffc87_Rep1_s4.png,0.3229,0.0148,-1.8291,0.5311,0.3384,1.5358,1.9302,0.0707,1.1951,0.8675
ffc87_Rep1_s5.png,0.0243,0.0921,-1.0357,0.3862,0.7619,1.2107,20.0576,0.1031,1.0746,0.7611
ffc87_Rep1_s6.png,0.3124,0.0153,-1.8153,0.5141,0.4525,1.5252,1.9689,0.0706,2.033,4.9528
ffc87_Rep1_s7.png,0.4333,0.0344,-1.4631,0.6421,0.3673,1.4531,1.7671,0.0654,1.9716,4.3403
ffc87_Rep2_s0.png,0.0108,0.1078,-0.9674,0.5364,0.9861,1.1279,35.9291,0.0825,0.8191,0.1813
ffc87_Rep2_s1.png,0.3396,0.0111,-1.9533,0.5337,0.2878,1.5853,1.6879,0.061,1.1181,0.7568
ffc87_Rep2_s2.png,0.0965,0.0199,-1.7008,0.3481,0.5772,1.3815,5.4622,0.0395,1.7361,3.5466
ffc87_Rep2_s3.png,0.0618,0.0243,-1.6147,0.1742,0.6127,1.2627,7.0252,0.0841,1.1398,1.0234
ffc87_Rep2_s4.png,0.3036,0.0124,-1.9078,0.4995,0.3478,1.5507,1.9393,0.0682,1.1563,1.0828
ffc87_Rep2_s5.png,0.1109,0.0271,-1.5678,0.511,0.9194,1.4277,5.0122,0.0868,1.9369,4.0611
ffc87_Rep2_s6.png,0.3154,0.0128,-1.8937,0.4799,0.2781,1.5598,1.8347,0.0709,1.642,2.5857
ffc87_Rep2_s7.png,0.4149,0.0256,-1.591,0.6172,0.3335,1.4934,1.7691,0.0625,2.0882,5.2807
ffc88_Rep1_s0.png,0.0054,0.1535,-0.8138,0.5712,0.9931,0.9767,48.8609,0.0666,0.8514,0.6132
ffc88_Rep1_s1.png,0.4221,0.0153,-1.8146,0.6622,0.3674,1.5677,1.6215,0.0521,1.5853,2.5074
ffc88_Rep1_s2.png,0.0247,0.0487,-1.3125,0.3275,0.9349,1.147,15.5464,0.0283,2.0457,7.24
ffc88_Rep1_s3.png,0.154,0.0158,-1.8008,0.2786,0.5293,1.4282,3.4993,0.078,1.0465,0.9621
ffc88_Rep1_s4.png,0.2727,0.0119,-1.9231,0.4509,0.3911,1.5444,2.0432,0.0739,1.3903,2.747
ffc88_Rep1_s5.png,0.0089,0.176,-0.7546,0.5319,0.9915,1.05,39.2782,0.0978,0.8305,0.0974
ffc88_Rep1_s6.png,0.35,0.0155,-1.8089,0.5289,0.2742,1.5471,1.8024,0.0684,1.8409,3.5638
ffc88_Rep1_s7.png,0.434,0.0283,-1.5488,0.6387,0.2717,1.4793,1.7344,0.0667,2.0189,4.7119
ffc88_Rep2_s0.png,0.011,0.1803,-0.7441,0.6636,0.9878,1.0763,39.4107,0.0955,0.9243,0.5095
ffc88_Rep2_s1.png,0.3867,0.0146,-1.8362,0.6053,0.3568,1.5645,1.6901,0.059,1.4209,1.8316
ffc88_Rep2_s2.png,0.0431,0.0265,-1.5771,0.2353,0.7607,1.2276,8.966,0.0356,1.678,3.3365
ffc88_Rep2_s3.png,0.0564,0.0328,-1.4846,0.26,0.9105,1.2445,8.5681,0.0715,1.5352,3.2982
ffc88_Rep2_s4.png,0.3085,0.0154,-1.8125,0.5071,0.3539,1.5232,1.9928,0.0713,1.211,0.7049
ffc88_Rep2_s5.png,0.0056,0.1986,-0.702,0.64,0.9912,0.9535,54.7995,0.1025,0.6236,-0.3593
ffc88_Rep2_s6.png,0.3829,0.0167,-1.7779,0.5798,0.21,1.547,1.7312,0.0712,1.792,3.497
ffc88_Rep2_s7.png,0.4493,0.0334,-1.4762,0.6589,0.2212,1.4582,1.716,0.0684,1.9754,4.3831
ffc89_Rep1_s0.png,0.0093,0.1173,-0.9305,0.5165,0.9867,1.0971,38.6774,0.0922,0.9768,0.4641
ffc89_Rep1_s1.png,0.3518,0.0122,-1.9136,0.5542,0.3457,1.5773,1.6972,0.055,1.3255,1.5339
ffc89_Rep1_s2.png,0.034,0.0421,-1.3755,0.307,0.6497,1.1302,13.7216,0.0334,1.4201,3.8431
ffc89_Rep1_s3.png,0.0271,0.0419,-1.3774,0.2007,0.9053,1.1162,15.2593,0.0828,1.0783,-0.1526
ffc89_Rep1_s4.png,0.3313,0.0123,-1.9089,0.5409,0.4805,1.5652,1.8112,0.0663,1.8784,6.5165
ffc89_Rep1_s5.png,0.0179,0.137,-0.8632,0.377,0.6519,1.1255,26.4794,0.1049,1.4606,2.3184
ffc89_Rep1_s6.png,0.0566,0.0377,-1.4237,0.3037,0.5696,1.3734,8.4271,0.0722,2.1785,4.8592
ffc89_Rep1_s7.png,0.0668,0.1108,-0.9556,0.58,0.6688,1.2869,10.1739,0.0724,1.963,4.1317
ffc89_Rep2_s0.png,0.0095,0.1029,-0.9878,0.502,0.9859,1.1218,36.8625,0.096,0.8698,0.1617
ffc89_Rep2_s1.png,0.3501,0.0115,-1.9387,0.5628,0.3636,1.5861,1.6787,0.0576,1.4617,2.1832
ffc89_Rep2_s2.png,0.061,0.031,-1.5087,0.3183,0.7479,1.2565,8.5369,0.0283,1.7589,5.2741
ffc89_Rep2_s3.png,0.0402,0.04,-1.3979,0.2091,0.6311,1.1621,12.0828,0.0913,0.8032,-0.6556
ffc89_Rep2_s4.png,0.3353,0.0126,-1.9,0.5502,0.4901,1.5644,1.7994,0.0609,2.2076,9.5178
ffc89_Rep2_s5.png,0.0902,0.0487,-1.3122,0.5363,0.7506,1.3303,6.9587,0.0813,2.4996,7.0736
ffc89_Rep2_s6.png,0.2466,0.0157,-1.8035,0.4186,0.6877,1.5032,2.3371,0.079,1.8213,3.2454
ffc89_Rep2_s7.png,0.3463,0.0149,-1.8273,0.5309,0.3147,1.5527,1.8528,0.0723,1.6335,2.7822
ffc8_Rep1_s0.png,0.0199,0.1459,-0.8359,0.5631,0.9778,1.1809,27.4838,0.0964,1.107,0.4248
ffc8_Rep1_s1.png,0.4245,0.0176,-1.7539,0.6648,0.3973,1.5501,1.6517,0.057,1.644,2.5947
ffc8_Rep1_s2.png,0.0704,0.0348,-1.459,0.3814,0.8693,1.2533,7.9173,0.0287,1.9719,7.0687
ffc8_Rep1_s3.png,0.0503,0.041,-1.3872,0.2354,0.9265,1.218,9.5511,0.0738,1.1209,0.7036
ffc8_Rep1_s4.png,0.3039,0.0145,-1.8372,0.5021,0.3493,1.5324,2.0076,0.0737,1.243,1.025
ffc8_Rep1_s5.png,0.3402,0.0157,-1.8038,0.5506,0.3779,1.5424,1.9748,0.0817,2.1262,4.8491
ffc8_Rep1_s6.png,0.3079,0.0139,-1.8585,0.5076,0.4386,1.5389,1.9585,0.0735,1.7665,3.2843
ffc8_Rep1_s7.png,0.2878,0.021,-1.6783,0.5014,0.7226,1.4757,2.3074,0.0632,1.7632,4.2151
ffc8_Rep2_s0.png,0.0144,0.1855,-0.7316,0.6629,0.9864,1.1128,34.0899,0.1025,0.917,0.4372
ffc8_Rep2_s1.png,0.3895,0.0152,-1.8191,0.612,0.4134,1.5621,1.7003,0.0565,1.5025,2.0484
ffc8_Rep2_s2.png,0.019,0.1143,-0.9418,0.4083,0.3458,1.1287,28.0587,0.0283,1.4577,3.3995
ffc8_Rep2_s3.png,0.1544,0.017,-1.7692,0.2785,0.6386,1.4223,3.513,0.0765,1.2282,1.8725
ffc8_Rep2_s4.png,0.3588,0.014,-1.8544,0.5886,0.3469,1.5599,1.7546,0.0721,1.2131,0.8923
ffc8_Rep2_s5.png,0.1761,0.0236,-1.6265,0.5459,0.8646,1.483,3.6955,0.0771,2.3029,6.1582
ffc8_Rep2_s6.png,0.34,0.012,-1.9223,0.519,0.2573,1.5711,1.7929,0.0709,1.5293,2.175
ffc8_Rep2_s7.png,0.3978,0.0182,-1.7399,0.5929,0.2143,1.5375,1.7243,0.0651,1.6968,3.1864
ffc90_Rep1_s0.png,0.0116,0.1957,-0.7084,0.6801,0.9859,1.0837,39.2272,0.0912,0.8742,0.469
ffc90_Rep1_s1.png,0.3744,0.012,-1.9192,0.5855,0.3452,1.5864,1.6609,0.0568,1.3952,1.9678
ffc90_Rep1_s2.png,0.0909,0.0271,-1.5669,0.3702,0.5623,1.3265,6.3209,0.0359,1.7745,4.3977
ffc90_Rep1_s3.png,0.0359,0.0653,-1.1849,0.3307,0.9618,1.1258,15.1668,0.0828,1.4631,2.3831
ffc90_Rep1_s4.png,0.2889,0.0093,-2.033,0.4737,0.3798,1.5814,1.8393,0.0668,2.5862,12.0797
ffc90_Rep1_s5.png,0.0171,0.1315,-0.8811,0.3446,0.7873,1.1108,27.0934,0.1037,0.7202,-0.291
ffc90_Rep1_s6.png,0.2917,0.0192,-1.7161,0.4888,0.5315,1.5033,2.1463,0.0684,1.8567,3.4415
ffc90_Rep1_s7.png,0.0868,0.0902,-1.0448,0.4828,0.5001,1.2862,7.7148,0.0583,2.596,8.1797
ffc90_Rep2_s0.png,0.2597,0.0173,-1.7619,0.5215,0.242,1.5004,2.4171,0.0645,1.5557,2.4985
ffc90_Rep2_s1.png,0.3493,0.0115,-1.9383,0.5478,0.3402,1.58,1.6918,0.0594,1.2951,1.4582
ffc90_Rep2_s2.png,0.1251,0.0188,-1.7247,0.367,0.4534,1.3809,4.443,0.0376,1.9888,5.7644
ffc90_Rep2_s3.png,0.0696,0.0313,-1.5045,0.2039,0.7195,1.2666,7.002,0.079,1.2087,1.1328
ffc90_Rep2_s4.png,0.3464,0.0142,-1.8462,0.5732,0.3063,1.551,1.8187,0.0797,1.2782,0.9835
ffc90_Rep2_s5.png,0.022,0.0909,-1.0414,0.4112,0.6987,1.2056,21.3304,0.1012,1.0104,0.3159
ffc90_Rep2_s6.png,0.3179,0.015,-1.8251,0.5225,0.4544,1.5315,1.9364,0.0679,1.9521,4.3617
ffc90_Rep2_s7.png,0.4211,0.0287,-1.5422,0.6226,0.3412,1.4779,1.7672,0.0701,2.0518,4.9243
ffc93_Rep1_s0.png,0.0186,0.1941,-0.712,0.6005,0.9879,1.1402,27.62,0.0909,1.0276,0.7562
ffc93_Rep1_s1.png,0.4285,0.0174,-1.7599,0.6725,0.3721,1.558,1.6406,0.0559,1.6175,2.4006
ffc93_Rep1_s2.png,0.1403,0.016,-1.7961,0.3707,0.397,1.4075,3.8036,0.0371,2.4976,9.0267
ffc93_Rep1_s3.png,0.0935,0.0225,-1.6488,0.2445,0.5892,1.3432,5.5744,0.0778,1.3493,2.4217
ffc93_Rep1_s4.png,0.27,0.0106,-1.9741,0.455,0.3676,1.5578,1.9795,0.0745,1.079,0.7017
ffc93_Rep1_s5.png,0.0172,0.1526,-0.8164,0.4181,0.7235,1.096,29.2716,0.1118,1.2774,1.4409
ffc93_Rep1_s6.png,0.3649,0.0156,-1.808,0.5527,0.3014,1.5476,1.7364,0.0685,1.9749,4.1435
ffc93_Rep1_s7.png,0.4265,0.028,-1.5531,0.642,0.3465,1.48,1.7713,0.0621,2.2729,6.2287
ffc93_Rep2_s0.png,0.2955,0.0131,-1.8827,0.4365,0.323,1.535,2.0553,0.0747,1.4746,2.3284
ffc93_Rep2_s1.png,0.4739,0.0249,-1.6037,0.7414,0.3539,1.5145,1.6191,0.0501,1.9084,3.8258
ffc93_Rep2_s2.png,0.0908,0.0299,-1.524,0.3443,0.8252,1.2851,6.2375,0.0295,1.9893,6.4819
ffc93_Rep2_s3.png,0.0988,0.0203,-1.6923,0.2151,0.7113,1.3481,5.0983,0.0764,1.2423,1.7012
ffc93_Rep2_s4.png,0.2905,0.0118,-1.9294,0.4805,0.3368,1.5535,1.9252,0.0719,1.0214,0.3324
ffc93_Rep2_s5.png,0.2874,0.0191,-1.7195,0.5241,0.6797,1.5091,2.3939,0.0771,2.3561,6.3656
ffc93_Rep2_s6.png,0.3792,0.0138,-1.8601,0.5677,0.2444,1.5811,1.6767,0.0693,1.9784,4.3633
ffc93_Rep2_s7.png,0.4131,0.0207,-1.6849,0.6091,0.3086,1.5168,1.7405,0.0635,2.0064,5.0482
ffc94_Rep1_s0.png,0.0213,0.0572,-1.2423,0.3084,0.8089,1.1432,19.5571,0.0424,1.8281,4.3017
ffc94_Rep1_s1.png,0.4152,0.0159,-1.7994,0.6539,0.3761,1.5633,1.655,0.06,1.5833,2.393
ffc94_Rep1_s2.png,0.0649,0.0281,-1.552,0.3511,0.8194,1.2708,7.5473,0.0371,2.1756,7.2293
ffc94_Rep1_s3.png,0.0509,0.0357,-1.4469,0.217,0.8864,1.2113,9.5774,0.0765,0.8815,-0.133
ffc94_Rep1_s4.png,0.2463,0.0119,-1.9256,0.4084,0.5156,1.5202,2.2337,0.0662,2.5501,11.9766
ffc94_Rep1_s5.png,0.3224,0.0133,-1.8751,0.5164,0.219,1.5575,1.9786,0.0809,2.0082,4.3613
ffc94_Rep1_s6.png,0.2964,0.0151,-1.8216,0.4457,0.1589,1.5272,1.9783,0.0795,1.6027,2.198
ffc94_Rep1_s7.png,0.3765,0.0234,-1.6306,0.5834,0.3834,1.4858,1.9316,0.0669,2.1468,5.3812
ffc94_Rep2_s0.png,0.0105,0.1683,-0.7738,0.606,0.9861,1.0646,41.7059,0.0888,0.717,-0.1843
ffc94_Rep2_s1.png,0.3895,0.0118,-1.9269,0.6093,0.3461,1.5959,1.6303,0.0564,1.4447,2.1628
ffc94_Rep2_s2.png,0.1191,0.0208,-1.6828,0.3836,0.686,1.3735,4.5748,0.0386,2.0499,5.4057
ffc94_Rep2_s3.png,0.0812,0.021,-1.6785,0.2082,0.6486,1.3312,5.6933,0.0809,1.0872,0.8999
ffc94_Rep2_s4.png,0.2972,0.012,-1.922,0.4913,0.3319,1.5501,1.9247,0.0666,1.1793,1.0294
ffc94_Rep2_s5.png,0.0222,0.1143,-0.9419,0.4414,0.8764,1.1788,22.1294,0.1061,1.2149,1.0285
ffc94_Rep2_s6.png,0.3115,0.0148,-1.8302,0.5098,0.4383,1.5411,1.9501,0.0724,1.8879,4.0202
ffc94_Rep2_s7.png,0.3829,0.0198,-1.7033,0.5687,0.3743,1.5113,1.8199,0.066,1.9996,4.6766
ffc95_Rep1_s0.png,0.3015,0.016,-1.7958,0.5093,0.5668,1.5208,2.0969,0.0705,1.5246,2.3932
ffc95_Rep1_s1.png,0.3343,0.0107,-1.9722,0.5246,0.3562,1.5872,1.6968,0.059,1.1757,1.0991
ffc95_Rep1_s2.png,0.1325,0.0182,-1.7402,0.3861,0.445,1.4165,4.3006,0.0378,1.7163,4.0447
ffc95_Rep1_s3.png,0.0347,0.0713,-1.1472,0.2358,0.9539,1.0937,15.2156,0.0791,1.0435,0.0023
ffc95_Rep1_s4.png,0.3067,0.0113,-1.9485,0.5038,0.3507,1.566,1.8773,0.0655,1.1981,1.0877
ffc95_Rep1_s5.png,0.0434,0.0829,-1.0815,0.4082,0.8332,1.1927,12.6621,0.1012,1.8545,3.5496
ffc95_Rep1_s6.png,0.2806,0.0202,-1.6952,0.5179,0.2672,1.4903,2.2656,0.0713,2.0814,5.0219
ffc95_Rep1_s7.png,0.4092,0.0267,-1.574,0.6063,0.3559,1.4831,1.7892,0.0679,2.0276,4.5811
ffc95_Rep2_s0.png,0.0137,0.1497,-0.8247,0.594,0.9875,1.1393,33.841,0.0906,0.8925,0.501
ffc95_Rep2_s1.png,0.3743,0.0142,-1.8475,0.5875,0.3416,1.5642,1.7025,0.0564,1.3953,1.7199
ffc95_Rep2_s2.png,0.1395,0.0197,-1.7051,0.4087,0.3675,1.3941,4.2247,0.0367,2.0892,6.15
ffc95_Rep2_s3.png,0.0463,0.0461,-1.3359,0.2419,0.9261,1.1703,10.909,0.0878,0.8873,-0.337
ffc95_Rep2_s4.png,0.3024,0.0111,-1.9534,0.4972,0.3612,1.5633,1.9134,0.0732,1.2511,1.6333
ffc95_Rep2_s5.png,0.0482,0.0913,-1.0396,0.4515,0.539,1.2872,12.3108,0.0988,1.6389,2.7297
ffc95_Rep2_s6.png,0.0495,0.0329,-1.4823,0.2639,0.5394,1.3705,8.3957,0.0686,2.0373,4.2008
ffc95_Rep2_s7.png,0.3837,0.034,-1.4689,0.5738,0.492,1.4339,1.9387,0.0627,2.16,5.3398
ffc96_Rep1_s0.png,0.0072,0.1181,-0.9276,0.4223,0.9925,1.0458,37.3982,0.0738,0.8815,0.4504
ffc96_Rep1_s1.png,0.3689,0.0111,-1.9555,0.5822,0.3982,1.5954,1.6419,0.0569,1.2502,1.2079
ffc96_Rep1_s2.png,0.1026,0.0177,-1.7516,0.3253,0.5715,1.3771,4.9944,0.0352,1.7237,4.4883
ffc96_Rep1_s3.png,0.0532,0.0365,-1.4378,0.2252,0.8839,1.2227,9.3462,0.0844,1.0802,0.7466
ffc96_Rep1_s4.png,0.3092,0.0101,-1.9974,0.5029,0.4074,1.5839,1.8278,0.0619,2.3576,11.3012
ffc96_Rep1_s5.png,0.0634,0.0408,-1.3889,0.5287,0.7746,1.387,8.554,0.0815,1.7372,2.7998
ffc96_Rep1_s6.png,0.0604,0.0474,-1.3241,0.4135,0.6802,1.3616,8.4532,0.0748,1.6559,2.4548
ffc96_Rep1_s7.png,0.3722,0.0346,-1.4611,0.5711,0.4665,1.4288,2.0164,0.0656,2.1044,4.734
ffc96_Rep2_s0.png,0.0125,0.1559,-0.807,0.6338,0.9889,1.1109,35.146,0.0975,0.7982,0.1233
ffc96_Rep2_s1.png,0.3676,0.0119,-1.9234,0.5753,0.3659,1.5861,1.6712,0.0568,1.2844,1.5015
ffc96_Rep2_s2.png,0.1085,0.0162,-1.7896,0.3366,0.5146,1.3985,4.4981,0.0385,1.8488,4.1977
ffc96_Rep2_s3.png,0.0371,0.0402,-1.3958,0.2092,0.7868,1.1651,12.6385,0.0657,1.0655,-0.0746
ffc96_Rep2_s4.png,0.2793,0.0105,-1.9797,0.4617,0.3583,1.5618,1.9212,0.0699,1.3442,2.5039
ffc96_Rep2_s5.png,0.0594,0.0661,-1.1796,0.4786,0.6914,1.3184,9.9564,0.0895,2.2373,5.406
ffc96_Rep2_s6.png,0.3315,0.0148,-1.8309,0.5025,0.2428,1.5481,1.8508,0.0658,1.7283,3.1157
ffc96_Rep2_s7.png,0.4431,0.0403,-1.3942,0.6535,0.3598,1.4267,1.7657,0.0641,2.1029,4.9758
ffc97_Rep1_s0.png,0.0136,0.1506,-0.8221,0.6209,0.9882,1.1324,33.5914,0.0982,0.8816,0.3913
ffc97_Rep1_s1.png,0.3749,0.0133,-1.8754,0.5884,0.3377,1.5722,1.6869,0.0604,1.3889,1.5589
ffc97_Rep1_s2.png,0.0531,0.0238,-1.6238,0.2902,0.7691,1.2651,7.7862,0.0249,1.6195,3.7359
ffc97_Rep1_s3.png,0.0784,0.0254,-1.5949,0.2035,0.7395,1.2946,6.3304,0.0785,1.1185,1.2944
ffc97_Rep1_s4.png,0.299,0.0115,-1.9402,0.4956,0.3147,1.5597,1.8785,0.0704,1.0009,0.4452
ffc97_Rep1_s5.png,0.0076,0.1484,-0.8285,0.5556,0.9881,1.0234,45.3323,0.1038,0.6747,-0.2067
ffc97_Rep1_s6.png,0.3307,0.0135,-1.8704,0.5038,0.2833,1.5591,1.839,0.0752,1.7321,3.0396
ffc97_Rep1_s7.png,0.4258,0.0239,-1.6222,0.629,0.3209,1.5003,1.7224,0.0664,2.085,5.1874
ffc97_Rep2_s0.png,0.0119,0.1681,-0.7745,0.6546,0.9847,1.0846,39.5173,0.0939,0.8684,0.4464
ffc97_Rep2_s1.png,0.4165,0.0165,-1.7833,0.6571,0.3498,1.5573,1.6538,0.0526,1.5453,2.3267
ffc97_Rep2_s2.png,0.0744,0.034,-1.4687,0.3738,0.7659,1.2725,7.457,0.0445,1.959,4.6232
ffc97_Rep2_s3.png,0.0832,0.0169,-1.7709,0.2018,0.7439,1.3589,5.4996,0.0791,0.7785,-0.363
ffc97_Rep2_s4.png,0.3068,0.0111,-1.9557,0.5146,0.312,1.5669,1.856,0.0709,1.123,0.8769
ffc97_Rep2_s5.png,0.1192,0.0266,-1.5747,0.4994,0.9309,1.4349,4.8095,0.0913,1.825,3.4184
ffc97_Rep2_s6.png,0.3885,0.0139,-1.8577,0.5844,0.2283,1.5829,1.654,0.0693,1.9075,3.915
ffc97_Rep2_s7.png,0.4126,0.0229,-1.641,0.6143,0.3251,1.507,1.7435,0.0619,1.9146,4.3106
ffc9_Rep1_s0.png,0.0152,0.1976,-0.7043,0.6671,0.989,1.1198,32.1328,0.0895,0.7618,0.0297
ffc9_Rep1_s1.png,0.4334,0.0185,-1.7335,0.6761,0.4139,1.5491,1.6421,0.0609,1.5525,2.1951
ffc9_Rep1_s2.png,0.1248,0.0192,-1.717,0.3811,0.5641,1.3933,4.4359,0.0332,1.9165,6.8979
ffc9_Rep1_s3.png,0.0654,0.0305,-1.516,0.2587,0.8899,1.265,7.7032,0.0712,1.8204,4.7675
ffc9_Rep1_s4.png,0.2779,0.0129,-1.8909,0.454,0.3525,1.5309,2.0034,0.072,1.0422,0.3192
ffc9_Rep1_s5.png,0.0489,0.0842,-1.0746,0.5907,0.8076,1.2539,12.1352,0.089,2.1248,5.259
ffc9_Rep1_s6.png,0.3143,0.0155,-1.81,0.527,0.5452,1.5383,1.9714,0.0714,1.9996,4.4856
ffc9_Rep1_s7.png,0.3844,0.0184,-1.7346,0.5664,0.3262,1.5223,1.8012,0.0693,1.9403,4.2231
ffc9_Rep2_s0.png,0.0108,0.105,-0.979,0.5637,0.9873,1.1305,35.6231,0.0796,0.8804,0.2157
ffc9_Rep2_s1.png,0.4457,0.0198,-1.7025,0.6915,0.3966,1.5415,1.6247,0.0635,1.5622,2.4239
ffc9_Rep2_s2.png,0.0896,0.0198,-1.7037,0.3541,0.7237,1.3559,5.4245,0.0321,2.491,10.3787
ffc9_Rep2_s3.png,0.1113,0.0212,-1.6731,0.338,0.6045,1.4068,4.9249,0.0693,2.4274,9.384
ffc9_Rep2_s4.png,0.3106,0.0116,-1.9347,0.4979,0.354,1.559,1.8679,0.0704,1.4542,2.7142
ffc9_Rep2_s5.png,0.0805,0.0671,-1.1736,0.6032,0.872,1.3568,8.2327,0.0854,2.2771,5.8921
ffc9_Rep2_s6.png,0.187,0.025,-1.6015,0.4095,0.6159,1.4177,3.1966,0.0729,1.5491,1.8691
ffc9_Rep2_s7.png,0.3633,0.0261,-1.5833,0.5449,0.3657,1.461,2.0078,0.0678,2.2524,5.77
