name,area_frac,circularity,shape_factor,solidity,eccentricity,fractal_dim,lacunarity,edge_std,edge_skew,edge_kurt
ffc0_Rep1.TIF,0.1802,0.0232,-1.6341,0.3556,0.8125,1.4226,3.1239,0.0787,1.6116,2.7419
ffc0_Rep2.TIF,0.3141,0.0173,-1.761,0.5231,0.6349,1.5144,2.0099,0.0633,2.0548,6.0872
ffc100_Rep1.TIF,0.3977,0.0165,-1.7817,0.6016,0.1694,1.5494,1.6791,0.0626,2.3376,7.2021
ffc100_Rep2.TIF,0.4004,0.0167,-1.7779,0.6028,0.285,1.552,1.6683,0.0659,2.1514,5.9534
ffc101_Rep1.TIF,0.4469,0.017,-1.7693,0.671,0.1951,1.5619,1.555,0.0684,1.8099,3.63
ffc101_Rep2.TIF,0.4936,0.0243,-1.6137,0.7333,0.3182,1.5267,1.5301,0.0559,2.6475,9.5658
ffc102_Rep1.TIF,0.4308,0.0219,-1.6603,0.6464,0.2044,1.521,1.6549,0.064,2.2579,6.3844
ffc102_Rep2.TIF,0.4346,0.0177,-1.7512,0.6486,0.1558,1.5485,1.6172,0.06,2.13,5.5564
ffc102_Rep3.TIF,0.4365,0.0194,-1.7129,0.6519,0.2124,1.5375,1.6235,0.0615,2.2732,6.6459
ffc102_Rep4.TIF,0.4319,0.0177,-1.7513,0.6404,0.1298,1.5521,1.6181,0.0627,2.2338,6.3491
ffc103_Rep1.TIF,0.4369,0.0192,-1.716,0.6521,0.1082,1.5429,1.6079,0.0623,2.1637,5.9889
ffc103_Rep2.TIF,0.4422,0.0202,-1.6954,0.6541,0.2277,1.5335,1.5855,0.0633,2.3158,6.9349
ffc104_Rep1.TIF,0.2224,0.0219,-1.6594,0.4842,0.4236,1.4804,2.7289,0.0633,2.3411,6.5306
ffc104_Rep2.TIF,0.4159,0.0211,-1.6755,0.633,0.2946,1.516,1.7249,0.0676,2.2589,6.202
ffc105_Rep1.TIF,0.3949,0.0175,-1.7564,0.5994,0.2417,1.5419,1.6862,0.0648,2.283,6.082
ffc105_Rep2.TIF,0.3834,0.0144,-1.8416,0.5729,0.3098,1.5566,1.6805,0.078,1.8339,3.1869
ffc106_Rep1.TIF,0.0345,0.0993,-1.0032,0.3678,0.9707,1.2091,16.4348,0.0978,0.947,0.7112
ffc106_Rep2.TIF,0.1347,0.0398,-1.3997,0.1997,0.2288,1.2918,4.4538,0.079,1.4382,2.561
ffc107_Rep1.TIF,0.0933,0.051,-1.2928,0.163,0.7254,1.2449,6.3897,0.0961,1.1416,1.1261
ffc107_Rep2.TIF,0.1277,0.0283,-1.5483,0.1903,0.2524,1.3269,4.4739,0.0848,1.2613,1.8813
ffc108_Rep1.TIF,0.1236,0.0395,-1.4034,0.1845,0.2539,1.2856,4.7289,0.088,1.5626,2.2173
ffc108_Rep2.TIF,0.1172,0.0444,-1.3522,0.1781,0.2506,1.2649,5.0878,0.09,1.1754,0.7715
ffc109_Rep1.TIF,0.016,0.1818,-0.7405,0.6577,0.9875,1.123,31.1329,0.1098,1.5093,1.7362
ffc109_Rep2.TIF,0.12,0.0398,-1.4,0.1818,0.2415,1.2831,4.977,0.0852,1.3803,1.641
ffc10_Rep1.TIF,0.1294,0.0358,-1.4464,0.1943,0.2461,1.3045,4.4194,0.0866,1.611,2.8486
ffc10_Rep2.TIF,0.2473,0.0226,-1.6461,0.3719,0.1998,1.4312,2.506,0.077,1.9747,4.2845
ffc110_Rep1.TIF,0.1476,0.0307,-1.513,0.2199,0.1967,1.3276,3.9255,0.0721,1.6344,3.0392
ffc110_Rep2.TIF,0.1282,0.0359,-1.4448,0.1908,0.2175,1.2977,4.4874,0.0795,1.5758,3.4085
ffc111_Rep1.TIF,0.1353,0.0429,-1.3672,0.2004,0.1042,1.2864,4.4111,0.0843,1.7169,3.3249
ffc111_Rep2.TIF,0.1396,0.0353,-1.4518,0.2073,0.223,1.3083,4.1779,0.0814,1.7785,3.7425
ffc112_Rep1.TIF,0.1352,0.0328,-1.4839,0.2005,0.2737,1.3219,4.2943,0.0863,1.5623,2.77
ffc112_Rep2.TIF,0.0707,0.0786,-1.1045,0.2424,0.9324,1.2392,8.5222,0.084,1.1623,0.8608
ffc113_Rep1.TIF,0.3192,0.024,-1.6193,0.5613,0.63,1.4738,2.128,0.0605,2.3949,6.9204
ffc113_Rep2.TIF,0.2038,0.0297,-1.5269,0.3039,0.3504,1.3712,3.0847,0.0759,1.8672,4.2914
ffc114_Rep1.TIF,0.4282,0.0176,-1.7542,0.6371,0.2608,1.5529,1.6319,0.0663,2.0119,4.5768
ffc114_Rep2.TIF,0.122,0.0331,-1.4798,0.1836,0.2152,1.3033,4.7959,0.0832,1.1255,1.5472
ffc115_Rep1.TIF,0.5221,0.0305,-1.5155,0.7724,0.0883,1.4977,1.5083,0.0654,2.1995,5.6452
ffc115_Rep2.TIF,0.4967,0.0255,-1.5926,0.7344,0.2322,1.5196,1.5382,0.0545,2.7965,10.3785
ffc116_Rep1.TIF,0.4638,0.0227,-1.644,0.6849,0.2347,1.5219,1.5787,0.0594,2.4564,7.8278
ffc116_Rep2.TIF,0.4608,0.0218,-1.6617,0.6825,0.2498,1.5309,1.5681,0.0606,2.4304,7.1777
ffc117_Rep1.TIF,0.2934,0.0167,-1.7771,0.4347,0.2708,1.4936,2.09,0.073,2.0143,4.6782
ffc117_Rep2.TIF,0.1362,0.0346,-1.4607,0.2033,0.2918,1.3095,4.2779,0.0756,1.5111,2.5773
ffc118_Rep1.TIF,0.2657,0.0213,-1.6714,0.4008,0.2537,1.4492,2.3818,0.0731,2.0336,4.5732
ffc118_Rep2.TIF,0.1352,0.0408,-1.3888,0.2016,0.2038,1.2909,4.4418,0.0863,1.4823,2.3289
ffc119_Rep1.TIF,0.1269,0.0403,-1.395,0.1905,0.2468,1.2924,4.6418,0.086,1.6198,2.7077
ffc119_Rep2.TIF,0.0675,0.0854,-1.0688,0.1945,0.9287,1.2033,8.8358,0.0934,1.6474,2.8116
ffc11_Rep1.TIF,0.2182,0.0305,-1.5163,0.5563,0.8213,1.4196,3.0093,0.0587,2.3899,8.4894
ffc11_Rep2.TIF,0.437,0.0192,-1.7167,0.6519,0.1435,1.5393,1.5914,0.0665,2.0737,5.3707
ffc120_Rep1.TIF,0.1114,0.0323,-1.4912,0.1913,0.7246,1.3106,5.2079,0.0866,1.1931,1.7555
ffc120_Rep2.TIF,0.4161,0.0166,-1.7786,0.6179,0.2199,1.5506,1.6368,0.0655,2.1208,5.1153
ffc121_Rep1.TIF,0.4762,0.0216,-1.6661,0.702,0.0774,1.5312,1.5727,0.0624,2.2812,6.4563
ffc121_Rep2.TIF,0.2494,0.0145,-1.8388,0.372,0.214,1.4932,2.3658,0.0798,1.6189,2.687
ffc122_Rep1.TIF,0.1625,0.028,-1.5535,0.2466,0.3406,1.3467,3.6323,0.088,1.7499,3.3866
ffc122_Rep2.TIF,0.13,0.0372,-1.429,0.1954,0.3119,1.2963,4.4763,0.0865,1.5503,2.0743
ffc123_Rep1.TIF,0.4015,0.015,-1.8225,0.5945,0.3308,1.5618,1.6566,0.0686,2.1658,5.3262
ffc123_Rep2.TIF,0.1237,0.028,-1.5522,0.1875,0.2235,1.3169,4.6232,0.0823,0.9784,1.4073
ffc124_Rep1.TIF,0.4178,0.014,-1.8553,0.6175,0.1791,1.5785,1.5986,0.0661,2.3435,6.5811
ffc124_Rep2.TIF,0.3945,0.0149,-1.8268,0.5871,0.3068,1.5613,1.6961,0.0618,2.134,4.8779
ffc125_Rep1.TIF,0.2361,0.0172,-1.7655,0.3514,0.3287,1.4648,2.4714,0.0724,1.8455,4.1777
ffc125_Rep2.TIF,0.1445,0.0307,-1.5133,0.2148,0.308,1.3402,4.1096,0.0852,1.5406,2.6686
ffc126_Rep1.TIF,0.333,0.0132,-1.8779,0.4951,0.2019,1.5462,1.8077,0.0728,1.9838,4.5673
ffc126_Rep2.TIF,0.4321,0.0199,-1.7019,0.6433,0.251,1.534,1.6149,0.0603,2.3697,7.2816
ffc127_Rep1.TIF,0.4239,0.0196,-1.7078,0.6319,0.1672,1.5321,1.6366,0.0642,2.2477,6.0955
ffc127_Rep2.TIF,0.4577,0.0202,-1.694,0.6837,0.2618,1.5399,1.5708,0.0664,2.2817,6.0627
ffc128_Rep1.TIF,0.2475,0.0203,-1.6923,0.3654,0.3534,1.4501,2.4419,0.0733,2.1127,5.181
ffc128_Rep2.TIF,0.1321,0.0377,-1.4237,0.1962,0.2441,1.3045,4.3878,0.0848,1.797,3.5317
ffc129_Rep1.TIF,0.4429,0.017,-1.7697,0.6569,0.1184,1.5625,1.5846,0.0683,2.2767,6.3122
ffc129_Rep2.TIF,0.3809,0.0148,-1.8287,0.5671,0.2588,1.5552,1.703,0.0714,2.1252,5.5107
ffc12_Rep1.TIF,0.3826,0.0176,-1.7547,0.5721,0.286,1.5336,1.7553,0.0655,2.209,5.743
ffc12_Rep2.TIF,0.4352,0.024,-1.619,0.6492,0.2721,1.5069,1.6679,0.0696,2.0059,4.5441
ffc130_Rep1.TIF,0.3994,0.0165,-1.7818,0.6033,0.3556,1.5494,1.6931,0.0669,1.9392,4.584
ffc130_Rep2.TIF,0.4624,0.0212,-1.6729,0.681,0.3257,1.5324,1.5873,0.0631,2.5418,8.0707
ffc131_Rep1.TIF,0.0973,0.0465,-1.3326,0.1674,0.7946,1.2401,6.0743,0.0833,1.4036,1.9611
ffc131_Rep2.TIF,0.134,0.0375,-1.426,0.2004,0.2791,1.2949,4.3523,0.0837,1.618,2.8283
ffc133_Rep1.TIF,0.0619,0.1038,-0.984,0.2104,0.9435,1.1653,9.9802,0.085,1.1191,1.0184
ffc133_Rep2.TIF,0.0136,0.1191,-0.9239,0.5936,0.9893,1.1648,31.4376,0.0632,1.4748,1.5981
ffc134_Rep1.TIF,0.1273,0.0417,-1.3798,0.1904,0.2281,1.2803,4.5505,0.0897,1.6438,2.5817
ffc134_Rep2.TIF,0.1314,0.043,-1.367,0.1967,0.2995,1.2894,4.5211,0.0746,1.6921,2.9701
ffc136_Rep1.TIF,0.1793,0.0293,-1.5337,0.2681,0.3048,1.3599,3.3345,0.0811,1.7412,3.1546
ffc136_Rep2.TIF,0.1327,0.0427,-1.3697,0.1993,0.1477,1.2864,4.5394,0.0851,1.3041,1.2405
ffc137_Rep1.TIF,0.1195,0.0362,-1.4418,0.1801,0.2016,1.2915,4.7574,0.0775,1.6517,2.8229
ffc137_Rep2.TIF,0.1223,0.0373,-1.4286,0.1846,0.2135,1.2948,4.7535,0.0878,1.4894,2.1572
ffc138_Rep1.TIF,0.0693,0.067,-1.1737,0.2058,0.9359,1.2422,8.5077,0.0891,1.5884,2.3353
ffc138_Rep2.TIF,0.018,0.167,-0.7773,0.6052,0.9855,1.0886,28.9089,0.0818,1.4649,1.7159
ffc13_Rep1.TIF,0.2634,0.0211,-1.6766,0.3962,0.3695,1.4438,2.3337,0.076,1.7968,3.4823
ffc13_Rep2.TIF,0.1731,0.0335,-1.475,0.4858,0.8328,1.3762,3.6005,0.07,1.9075,4.0513
ffc140_Rep1.TIF,0.1339,0.0384,-1.4154,0.1996,0.1659,1.2967,4.3679,0.0759,1.5569,2.9409
ffc140_Rep2.TIF,0.0997,0.046,-1.337,0.1687,0.7435,1.2453,5.7988,0.0828,1.7413,3.6437
ffc141_Rep1.TIF,0.1246,0.0331,-1.4797,0.1837,0.3054,1.3051,4.5299,0.0836,1.4722,2.4142
ffc141_Rep2.TIF,0.1258,0.0395,-1.4031,0.1891,0.2331,1.2815,4.6467,0.0822,1.3663,1.5611
ffc142_Rep1.TIF,0.3791,0.018,-1.7454,0.566,0.4069,1.531,1.7504,0.064,2.0943,5.5129
ffc142_Rep2.TIF,0.4169,0.018,-1.7439,0.6208,0.2531,1.5455,1.6396,0.0659,2.2219,5.8212
ffc143_Rep1.TIF,0.0139,0.2075,-0.683,0.6529,0.9826,1.0873,36.052,0.0944,1.1007,0.8945
ffc143_Rep2.TIF,0.1185,0.0427,-1.37,0.1791,0.1212,1.2705,4.9876,0.0881,1.386,1.6441
ffc144_Rep1.TIF,0.1293,0.0365,-1.4375,0.1937,0.2477,1.2912,4.4349,0.0826,1.5076,2.1463
ffc144_Rep2.TIF,0.1298,0.0369,-1.433,0.1957,0.2869,1.3086,4.5474,0.0868,1.4126,1.6795
ffc145_Rep1.TIF,0.1235,0.0401,-1.3969,0.1866,0.2866,1.2804,4.7085,0.0901,1.3239,1.2943
ffc145_Rep2.TIF,0.1251,0.0384,-1.4155,0.1878,0.1433,1.2851,4.5844,0.0848,1.8869,3.8265
ffc146_Rep1.TIF,0.4839,0.0272,-1.565,0.7214,0.2939,1.507,1.569,0.0598,2.3073,6.3292
ffc146_Rep2.TIF,0.4409,0.0214,-1.6704,0.6617,0.3332,1.524,1.6454,0.0606,2.0947,5.2542
ffc147_Rep1.TIF,0.2214,0.0229,-1.641,0.3305,0.2253,1.4148,2.7157,0.074,2.0512,5.1677
ffc147_Rep2.TIF,0.2576,0.0298,-1.5255,0.5485,0.6013,1.4214,2.6157,0.0543,2.6876,9.8387
ffc148_Rep1.TIF,0.1136,0.0358,-1.4466,0.1704,0.226,1.2892,4.9136,0.08,1.7636,3.2985
ffc148_Rep2.TIF,0.1267,0.0412,-1.3849,0.189,0.1172,1.28,4.6316,0.0856,1.7877,3.4442
ffc149_Rep1.TIF,0.0133,0.2074,-0.6831,0.7596,0.9818,1.0659,38.2482,0.0926,0.6493,-0.5925
ffc149_Rep2.TIF,0.0632,0.0832,-1.0801,0.1789,0.9374,1.2091,9.5075,0.0832,1.0594,0.4237
ffc14_Rep1.TIF,0.4886,0.0266,-1.5751,0.7288,0.3099,1.5089,1.5518,0.0542,2.3944,7.2132
ffc14_Rep2.TIF,0.4565,0.0238,-1.6243,0.6876,0.4463,1.5176,1.6274,0.0576,2.4565,7.4051
ffc14_Rep3.TIF,0.4809,0.0244,-1.6129,0.723,0.209,1.5233,1.579,0.065,2.1748,5.5789
ffc14_Rep4.TIF,0.471,0.0217,-1.6626,0.7052,0.3126,1.5298,1.5796,0.0656,2.2828,6.2425
ffc150_Rep1.TIF,0.1242,0.0359,-1.4443,0.1872,0.2965,1.296,4.65,0.0834,1.4343,1.907
ffc150_Rep2.TIF,0.1221,0.0411,-1.3866,0.185,0.235,1.2778,4.7909,0.0795,1.0932,0.7084
ffc151_Rep1.TIF,0.1183,0.0392,-1.407,0.179,0.1194,1.2795,4.8071,0.0766,1.3191,1.6998
ffc151_Rep2.TIF,0.1227,0.0408,-1.3897,0.1852,0.0911,1.2817,4.7375,0.0899,1.3379,1.3486
ffc152_Rep1.TIF,0.3244,0.0195,-1.7095,0.482,0.312,1.4898,1.9774,0.0678,2.3121,6.1969
ffc152_Rep2.TIF,0.33,0.0204,-1.6907,0.4892,0.3573,1.4955,2.0108,0.0689,2.0997,5.0844
ffc153_Rep1.TIF,0.122,0.0359,-1.4452,0.184,0.2405,1.2996,4.6757,0.0889,1.5207,2.0876
ffc153_Rep2.TIF,0.1272,0.0387,-1.412,0.1925,0.2217,1.2858,4.6212,0.0878,1.101,0.6276
ffc154_Rep1.TIF,0.2471,0.0199,-1.7017,0.37,0.469,1.4479,2.482,0.0772,1.805,3.6856
ffc154_Rep2.TIF,0.1362,0.0417,-1.3803,0.2042,0.2899,1.2886,4.4625,0.088,1.4525,2.1602
ffc155_Rep1.TIF,0.0141,0.1864,-0.7297,0.687,0.9901,1.1016,32.2625,0.082,1.8369,3.6693
ffc155_Rep2.TIF,0.1241,0.0399,-1.3988,0.1858,0.16,1.2845,4.6959,0.0823,1.7406,3.3382
ffc156_Rep1.TIF,0.3885,0.0165,-1.7821,0.5926,0.1838,1.5493,1.6905,0.0717,1.8859,4.095
ffc156_Rep2.TIF,0.4617,0.0198,-1.704,0.689,0.1646,1.5464,1.5709,0.0607,2.2894,7.0649
ffc157_Rep1.TIF,0.309,0.0201,-1.6972,0.4615,0.3158,1.4808,2.1144,0.0718,1.8253,3.4671
ffc157_Rep2.TIF,0.3937,0.0206,-1.6852,0.5841,0.3063,1.5112,1.7657,0.0777,1.8528,3.4699
ffc158_Rep1.TIF,0.1331,0.0398,-1.4005,0.199,0.2285,1.2971,4.4886,0.0875,1.6207,2.7184
ffc158_Rep2.TIF,0.1312,0.0388,-1.4107,0.1955,0.0589,1.2995,4.4511,0.0885,1.603,2.6569
ffc159_Rep1.TIF,0.1287,0.0419,-1.3775,0.1936,0.2195,1.2844,4.6603,0.0872,1.5409,2.3981
ffc159_Rep2.TIF,0.1271,0.0423,-1.3736,0.1901,0.2593,1.2798,4.7046,0.0866,1.6055,2.6844
ffc15_Rep1.TIF,0.4909,0.0242,-1.616,0.728,0.2417,1.5299,1.5358,0.0588,2.5429,8.4448
ffc15_Rep2.TIF,0.4844,0.0224,-1.6492,0.723,0.1885,1.5351,1.5389,0.0655,2.4006,7.2426
ffc160_Rep1.TIF,0.1196,0.0489,-1.3104,0.1806,0.3014,1.2583,5.0487,0.0914,1.4607,1.5802
ffc160_Rep2.TIF,0.0908,0.0649,-1.1878,0.1596,0.768,1.2175,6.7369,0.0905,1.3791,1.7069
ffc161_Rep1.TIF,0.0169,0.2503,-0.6015,0.7159,0.9837,1.1,32.2739,0.0975,0.8317,-0.2325
ffc161_Rep2.TIF,0.4159,0.0199,-1.7014,0.6185,0.1497,1.5268,1.6552,0.0657,2.3665,6.785
ffc162_Rep1.TIF,0.133,0.0357,-1.4471,0.1977,0.199,1.3085,4.3875,0.0761,1.4641,2.9036
ffc162_Rep2.TIF,0.0632,0.103,-0.987,0.2403,0.9423,1.1863,9.6933,0.0853,1.7161,3.0201
ffc164_Rep1.TIF,0.4023,0.0167,-1.7776,0.6004,0.2141,1.547,1.6698,0.0685,2.1899,5.5669
ffc164_Rep2.TIF,0.4584,0.0203,-1.6931,0.6767,0.129,1.5387,1.5599,0.07,2.2288,5.8718
ffc165_Rep1.TIF,0.4665,0.0205,-1.6878,0.6942,0.3467,1.5406,1.5783,0.0635,2.0585,4.8501
ffc165_Rep2.TIF,0.4305,0.0196,-1.7088,0.647,0.4454,1.5464,1.639,0.0693,2.211,5.5054
ffc166_Rep1.TIF,0.4028,0.0173,-1.7622,0.6017,0.3194,1.5366,1.6767,0.0654,1.8428,3.3199
ffc166_Rep2.TIF,0.3699,0.0188,-1.7268,0.5429,0.348,1.5165,1.8308,0.0681,2.1083,5.5058
ffc167_Rep1.TIF,0.1314,0.0388,-1.4112,0.1949,0.1808,1.291,4.5285,0.0817,1.6963,3.4546
ffc167_Rep2.TIF,0.1276,0.037,-1.4316,0.1897,0.235,1.2926,4.4813,0.0851,2.0353,4.6332
ffc168_Rep1.TIF,0.1303,0.0382,-1.4176,0.194,0.229,1.2952,4.4178,0.0825,1.7804,3.4749
ffc168_Rep2.TIF,0.1293,0.042,-1.3765,0.1922,0.2515,1.2786,4.6095,0.0799,1.6721,3.0806
ffc169_Rep1.TIF,0.1393,0.029,-1.5369,0.212,0.1472,1.3365,4.1356,0.0926,1.3038,1.08
ffc169_Rep2.TIF,0.1218,0.0393,-1.4059,0.185,0.1409,1.2849,4.8337,0.0856,1.4014,1.6277
ffc16_Rep1.TIF,0.3488,0.0182,-1.7392,0.5192,0.2327,1.5099,1.8754,0.0745,1.9685,4.3599
ffc16_Rep2.TIF,0.3874,0.0181,-1.7426,0.5766,0.1733,1.5299,1.7227,0.0727,2.0733,4.8862
ffc170_Rep1.TIF,0.2347,0.0196,-1.7087,0.3502,0.469,1.4447,2.5997,0.0693,2.0949,5.4501
ffc170_Rep2.TIF,0.1406,0.0411,-1.3862,0.2122,0.3054,1.2915,4.3951,0.0775,1.7883,3.5985
ffc171_Rep1.TIF,0.126,0.0376,-1.4252,0.187,0.2393,1.2979,4.4927,0.0812,2.0159,4.6505
ffc171_Rep2.TIF,0.0128,0.0771,-1.1127,0.1805,0.9781,1.1139,21.4769,0.0314,1.9844,4.8669
ffc173_Rep1.TIF,0.3217,0.0206,-1.6867,0.5613,0.6704,1.4887,2.0551,0.0675,2.4113,7.3598
ffc173_Rep2.TIF,0.423,0.023,-1.6377,0.6305,0.371,1.5057,1.7077,0.062,2.5973,8.6339
ffc174_Rep1.TIF,0.4145,0.0161,-1.7934,0.6155,0.2334,1.5583,1.6324,0.0653,2.254,6.1183
ffc174_Rep2.TIF,0.4341,0.0168,-1.7739,0.6471,0.2205,1.5555,1.6113,0.059,2.4705,7.2357
ffc175_Rep1.TIF,0.3632,0.0153,-1.815,0.5379,0.2261,1.5382,1.7772,0.0663,2.1688,5.6467
ffc175_Rep2.TIF,0.132,0.0364,-1.4385,0.1956,0.2301,1.3078,4.44,0.081,1.4596,2.322
ffc176_Rep1.TIF,0.2829,0.0185,-1.7323,0.4925,0.7223,1.4922,2.2221,0.0688,2.2942,6.4114
ffc176_Rep2.TIF,0.368,0.0159,-1.7995,0.5497,0.4261,1.5443,1.7512,0.0701,2.1301,5.3657
ffc177_Rep1.TIF,0.327,0.0157,-1.8047,0.4911,0.4159,1.5224,1.8684,0.0764,1.8811,3.6724
ffc177_Rep2.TIF,0.3301,0.0159,-1.7999,0.4869,0.3107,1.5219,1.831,0.0688,2.2376,6.1622
ffc177_Rep3.TIF,0.2998,0.0164,-1.7843,0.4427,0.3888,1.5037,1.9747,0.0748,1.9877,4.3958
ffc177_Rep4.TIF,0.2603,0.0192,-1.7163,0.3826,0.4624,1.4624,2.291,0.0706,2.3533,7.035
ffc178_Rep1.TIF,0.3613,0.0176,-1.7544,0.5379,0.3395,1.5283,1.7804,0.0657,2.273,6.6934
ffc178_Rep2.TIF,0.3358,0.0166,-1.7798,0.5106,0.3659,1.5231,1.8857,0.0701,1.9661,4.8758
ffc178_Rep3.TIF,0.3852,0.0183,-1.7378,0.5794,0.3039,1.528,1.7091,0.0675,2.0546,4.68
ffc178_Rep4.TIF,0.3807,0.0153,-1.8141,0.5604,0.335,1.5528,1.671,0.0605,2.4196,7.9287
ffc179_Rep1.TIF,0.2618,0.0256,-1.5921,0.6102,0.6567,1.4579,2.5933,0.0558,2.6381,9.0143
ffc179_Rep2.TIF,0.3996,0.0165,-1.7836,0.5993,0.1826,1.5538,1.6866,0.065,2.4592,7.3787
ffc17_Rep1.TIF,0.3521,0.0146,-1.8347,0.5386,0.4132,1.554,1.797,0.0686,1.9079,4.2862
ffc17_Rep2.TIF,0.4519,0.0224,-1.6503,0.6779,0.134,1.5256,1.6038,0.0615,2.1254,5.7256
ffc180_Rep1.TIF,0.1902,0.028,-1.5529,0.5783,0.7904,1.4454,3.3366,0.0657,2.0494,5.102
ffc180_Rep2.TIF,0.4457,0.0204,-1.6898,0.6598,0.2873,1.5339,1.6058,0.0662,2.253,6.1045
ffc181_Rep1.TIF,0.4939,0.0304,-1.5169,0.73,0.2634,1.489,1.5721,0.0573,2.4124,7.6367
ffc181_Rep2.TIF,0.4715,0.0256,-1.5919,0.6975,0.3427,1.5099,1.5984,0.0603,2.262,6.5414
ffc182_Rep1.TIF,0.2336,0.0224,-1.6505,0.358,0.3985,1.4354,2.6436,0.0887,1.4345,1.5439
ffc182_Rep2.TIF,0.1786,0.0317,-1.4984,0.4553,0.8212,1.3918,3.5904,0.0645,2.4398,7.2529
ffc182_Rep3.TIF,0.3385,0.0165,-1.7838,0.4991,0.2078,1.5277,1.8419,0.0656,2.0913,5.3571
ffc182_Rep4.TIF,0.3779,0.0176,-1.7533,0.5644,0.293,1.5315,1.7196,0.0717,2.1231,5.5338
ffc182_Rep5.TIF,0.1417,0.0203,-1.6932,0.2654,0.7269,1.4026,3.6397,0.0792,1.9154,4.5
ffc182_Rep6.TIF,0.2736,0.0218,-1.6619,0.4073,0.3777,1.4492,2.2923,0.0754,2.0974,5.4732
ffc183_Rep1.TIF,0.3943,0.0177,-1.7532,0.5962,0.2692,1.5412,1.6925,0.0721,2.0637,5.3123
ffc183_Rep2.TIF,0.4003,0.0198,-1.7037,0.6071,0.2207,1.5246,1.7119,0.0646,2.2879,6.8029
ffc184_Rep1.TIF,0.3809,0.0151,-1.8206,0.5745,0.2927,1.5572,1.708,0.0686,2.0432,5.2888
ffc184_Rep2.TIF,0.4675,0.0221,-1.6561,0.6933,0.2008,1.5289,1.5644,0.0597,2.0824,5.2339
ffc185_Rep1.TIF,0.4228,0.0192,-1.7177,0.6326,0.19,1.5365,1.6249,0.067,2.0627,5.2344
ffc185_Rep2.TIF,0.2056,0.0294,-1.5311,0.3526,0.7437,1.4049,3.0161,0.0773,1.7774,3.6907
ffc185_Rep3.TIF,0.4338,0.0174,-1.759,0.6443,0.1475,1.5541,1.5572,0.0612,2.4564,8.5444
ffc185_Rep4.TIF,0.4343,0.0201,-1.6959,0.647,0.2788,1.5307,1.6275,0.0663,2.1961,6.084
ffc186_Rep1.TIF,0.4431,0.0199,-1.7002,0.6644,0.2489,1.536,1.602,0.064,2.2703,6.6807
ffc186_Rep2.TIF,0.1005,0.0456,-1.3411,0.3764,0.9256,1.3417,5.7591,0.0763,1.2234,0.9402
ffc186_Rep3.TIF,0.2307,0.0319,-1.4967,0.5787,0.6775,1.4294,2.8617,0.0575,2.2157,6.8275
ffc186_Rep4.TIF,0.4405,0.0222,-1.6539,0.6556,0.3153,1.5214,1.6421,0.0628,2.3898,8.3271
ffc187_Rep1.TIF,0.3091,0.0188,-1.7264,0.53,0.7233,1.5115,2.1159,0.0657,1.8371,4.3644
ffc187_Rep2.TIF,0.4666,0.0216,-1.6658,0.6922,0.234,1.5301,1.579,0.0615,2.4138,7.6019
ffc188_Rep1.TIF,0.3838,0.0158,-1.8013,0.5856,0.2949,1.5485,1.7218,0.0789,1.7942,3.5169
ffc188_Rep2.TIF,0.0939,0.0396,-1.402,0.4168,0.9267,1.3686,5.8326,0.0718,1.5826,2.5605
ffc188_Rep3.TIF,0.4462,0.0227,-1.6449,0.6742,0.3162,1.5213,1.6367,0.0623,2.2345,6.6215
ffc188_Rep4.TIF,0.4489,0.02,-1.6987,0.6685,0.2494,1.5409,1.5926,0.0713,2.0287,5.309
ffc189_Rep1.TIF,0.4669,0.0231,-1.6362,0.698,0.2863,1.5242,1.5801,0.066,2.2398,6.3469
ffc189_Rep2.TIF,0.4636,0.0235,-1.6286,0.6919,0.2537,1.5182,1.5947,0.0623,2.2468,7.0043
ffc189_Rep3.TIF,0.4635,0.0215,-1.6666,0.6884,0.2427,1.5319,1.5806,0.065,2.1495,5.6283
ffc189_Rep4.TIF,0.4583,0.0239,-1.6224,0.6829,0.2651,1.515,1.6037,0.0678,2.1262,5.5006
ffc18_Rep1.TIF,0.481,0.0234,-1.6311,0.7156,0.3711,1.526,1.5754,0.0641,2.3039,6.5832
ffc18_Rep2.TIF,0.48,0.0256,-1.5914,0.7135,0.36,1.5152,1.575,0.0606,2.8318,10.5932
ffc190_Rep1.TIF,0.3904,0.0167,-1.7781,0.5794,0.2653,1.5409,1.678,0.0658,1.9576,4.6072
ffc190_Rep2.TIF,0.3626,0.0156,-1.8069,0.5382,0.2526,1.5421,1.7101,0.0679,2.171,5.9238
ffc190_Rep3.TIF,0.3737,0.0163,-1.7889,0.56,0.2326,1.5394,1.7036,0.0694,2.1162,5.9101
ffc190_Rep4.TIF,0.1208,0.0344,-1.4639,0.3954,0.8818,1.4066,4.6451,0.0798,2.03,4.8861
ffc191_Rep1.TIF,0.4312,0.0169,-1.7711,0.6389,0.2734,1.556,1.5894,0.0624,2.1961,6.3701
ffc191_Rep2.TIF,0.2599,0.0206,-1.6856,0.4723,0.7039,1.4819,2.3616,0.0737,2.0976,5.6519
ffc191_Rep3.TIF,0.4061,0.0187,-1.728,0.6117,0.1588,1.5366,1.6762,0.0641,2.1601,6.3912
ffc191_Rep4.TIF,0.2662,0.0206,-1.6869,0.5173,0.7616,1.4968,2.3521,0.0639,1.89,5.1399
ffc192_Rep1.TIF,0.3331,0.0171,-1.7659,0.4995,0.2648,1.5192,1.8755,0.078,1.5889,2.6773
ffc192_Rep2.TIF,0.2791,0.0221,-1.6556,0.4122,0.3685,1.4547,2.2482,0.0741,2.0207,4.9351
ffc192_Rep3.TIF,0.3605,0.0166,-1.7796,0.5384,0.208,1.5352,1.7691,0.0729,1.8926,4.4968
ffc192_Rep4.TIF,0.0617,0.0394,-1.4041,0.328,0.8033,1.3565,8.6864,0.073,1.9132,4.0622
ffc193_Rep1.TIF,0.4649,0.0258,-1.5883,0.6966,0.2439,1.5059,1.6116,0.0567,2.2788,6.9212
ffc193_Rep2.TIF,0.4774,0.0257,-1.5905,0.7058,0.0748,1.5116,1.5803,0.0616,2.4312,7.7612
ffc194_Rep1.TIF,0.4978,0.0295,-1.5303,0.7434,0.2468,1.4956,1.5651,0.0582,2.3216,7.0539
ffc194_Rep2.TIF,0.4868,0.0256,-1.5918,0.724,0.2403,1.5136,1.5677,0.0603,2.1485,5.5891
ffc19_Rep1.TIF,0.3359,0.0181,-1.7418,0.497,0.4034,1.5108,1.8874,0.0685,2.0346,4.8449
ffc19_Rep2.TIF,0.1366,0.0368,-1.4338,0.2024,0.2293,1.3039,4.2564,0.084,1.7368,3.2947
ffc1_Rep1.TIF,0.3637,0.0127,-1.8973,0.5435,0.2889,1.5749,1.6885,0.0637,2.2346,6.732
ffc1_Rep2.TIF,0.2637,0.0243,-1.6149,0.5026,0.8137,1.4713,2.4791,0.0723,1.9533,4.4154
ffc20_Rep1.TIF,0.5097,0.0235,-1.6288,0.7537,0.1958,1.5307,1.5058,0.0587,2.5545,8.3582
ffc20_Rep2.TIF,0.5011,0.0289,-1.5398,0.7437,0.2639,1.4972,1.5682,0.0582,2.3033,6.3126
ffc21_Rep1.TIF,0.163,0.0318,-1.4973,0.2427,0.4276,1.327,3.8177,0.0867,1.2709,1.3426
ffc21_Rep2.TIF,0.1248,0.0353,-1.4524,0.1861,0.3425,1.3013,4.7306,0.0836,1.4232,2.5608
ffc22_Rep1.TIF,0.0768,0.0498,-1.3032,0.2272,0.9215,1.2854,7.5998,0.0858,1.4633,2.7841
ffc22_Rep2.TIF,0.1241,0.0417,-1.3797,0.1873,0.3748,1.2741,4.7505,0.0885,1.3923,1.7397
ffc23_Rep1.TIF,0.4328,0.0146,-1.8353,0.6381,0.2057,1.5767,1.5598,0.0661,2.3494,6.5544
ffc23_Rep2.TIF,0.0338,0.1281,-0.8925,0.4763,0.9612,1.2167,17.6766,0.091,1.0655,0.8918
ffc24_Rep1.TIF,0.4328,0.0208,-1.6813,0.6535,0.3458,1.5284,1.6376,0.0645,2.0021,4.7521
ffc24_Rep2.TIF,0.4222,0.0211,-1.6756,0.6294,0.2922,1.5229,1.6634,0.066,2.2584,6.4831
ffc25_Rep1.TIF,0.423,0.019,-1.7206,0.6269,0.3637,1.5384,1.6394,0.0651,2.4046,7.2975
ffc25_Rep2.TIF,0.4533,0.0235,-1.6282,0.6706,0.3938,1.5125,1.6295,0.0671,2.0743,4.7763
ffc26_Rep1.TIF,0.0796,0.0584,-1.2337,0.1576,0.8435,1.2662,7.1844,0.0795,1.6965,3.2409
ffc26_Rep2.TIF,0.0634,0.0675,-1.1706,0.1969,0.9304,1.2281,8.9451,0.0804,1.7364,3.7323
ffc27_Rep1.TIF,0.0883,0.0563,-1.2497,0.1601,0.8096,1.2335,6.5982,0.0858,1.1946,1.2497
ffc27_Rep2.TIF,0.4639,0.021,-1.6784,0.6826,0.3233,1.5301,1.5845,0.0609,2.5322,8.2398
ffc28_Rep1.TIF,0.5011,0.0244,-1.6134,0.7392,0.1689,1.5279,1.5195,0.0583,2.5086,8.2219
ffc28_Rep2.TIF,0.517,0.0319,-1.4962,0.7649,0.2059,1.4906,1.5299,0.0588,2.5095,7.7746
ffc29_Rep1.TIF,0.1176,0.0382,-1.4184,0.176,0.1746,1.2812,4.7983,0.0855,1.8904,3.8577
ffc29_Rep2.TIF,0.0856,0.0479,-1.3197,0.1464,0.771,1.2297,6.5078,0.0929,1.6403,2.7045
ffc2_Rep1.TIF,0.1201,0.0373,-1.4287,0.1802,0.2296,1.2897,4.7562,0.0911,1.4834,1.9228
ffc2_Rep2.TIF,0.1362,0.0383,-1.4172,0.2033,0.2819,1.2966,4.353,0.0813,1.8546,3.9393
ffc30_Rep1.TIF,0.4287,0.0172,-1.7639,0.6494,0.0726,1.5497,1.6293,0.0556,2.2037,6.8254
ffc30_Rep2.TIF,0.4758,0.0216,-1.6662,0.7091,0.2231,1.5347,1.5558,0.0544,2.8094,11.1288
ffc31_Rep1.TIF,0.0614,0.0728,-1.138,0.2221,0.9416,1.2235,9.625,0.0812,1.1369,1.7559
ffc31_Rep2.TIF,0.3198,0.0125,-1.9036,0.472,0.2088,1.5515,1.8502,0.0693,2.2195,5.8362
ffc32_Rep1.TIF,0.4036,0.0145,-1.8383,0.598,0.0669,1.5654,1.6852,0.0652,2.3398,6.5488
ffc32_Rep2.TIF,0.3484,0.0153,-1.8159,0.5151,0.2131,1.5366,1.8625,0.0658,2.2464,5.7064
ffc33_Rep1.TIF,0.1231,0.0305,-1.5164,0.4238,0.9225,1.4249,4.8281,0.0661,2.1568,6.0178
ffc33_Rep2.TIF,0.1661,0.0258,-1.5882,0.2457,0.2147,1.3718,3.5409,0.0783,1.6944,3.7064
ffc34_Rep1.TIF,0.4006,0.0167,-1.778,0.5979,0.2666,1.5456,1.7125,0.0675,2.225,5.4541
ffc34_Rep2.TIF,0.4486,0.0182,-1.7407,0.6654,0.2721,1.553,1.5809,0.0608,2.4402,7.3792
ffc35_Rep1.TIF,0.3909,0.0189,-1.7241,0.5871,0.3412,1.5287,1.7113,0.0683,2.1788,5.6262
ffc35_Rep2.TIF,0.4115,0.0167,-1.7782,0.6144,0.2055,1.5558,1.6304,0.0688,2.1044,5.2628
ffc36_Rep1.TIF,0.4296,0.0219,-1.66,0.655,0.2956,1.5197,1.6693,0.0613,2.164,5.4039
ffc36_Rep2.TIF,0.4832,0.021,-1.678,0.719,0.2733,1.5403,1.5306,0.0581,2.4328,7.5541
ffc37_Rep1.TIF,0.4828,0.025,-1.6014,0.7187,0.1765,1.5153,1.5646,0.0555,2.5685,8.067
ffc37_Rep2.TIF,0.2832,0.0168,-1.774,0.5045,0.7339,1.5226,2.2406,0.0616,2.3496,6.4819
ffc38_Rep1.TIF,0.4243,0.0185,-1.7333,0.6335,0.1878,1.5407,1.6476,0.0706,2.0706,4.7849
ffc38_Rep2.TIF,0.4912,0.0257,-1.5907,0.7246,0.2446,1.5126,1.5541,0.0597,2.5328,8.3586
ffc39_Rep1.TIF,0.0642,0.083,-1.0811,0.2062,0.9341,1.2058,9.2158,0.0702,1.4656,2.0075
ffc39_Rep2.TIF,0.1267,0.0339,-1.4703,0.1884,0.272,1.3056,4.5539,0.0826,1.412,1.999
ffc3_Rep1.TIF,0.0918,0.0478,-1.3203,0.1545,0.7296,1.2389,6.4409,0.0863,1.1051,1.1378
ffc3_Rep2.TIF,0.3353,0.019,-1.7202,0.4999,0.4341,1.5021,2.0125,0.0682,2.1969,5.9051
ffc40_Rep1.TIF,0.4423,0.0195,-1.7109,0.6568,0.2377,1.5388,1.6363,0.0697,2.5082,7.2549
ffc40_Rep2.TIF,0.4518,0.0221,-1.6552,0.6727,0.4411,1.5235,1.6282,0.0626,2.6833,9.0742
ffc41_Rep1.TIF,0.4295,0.0166,-1.7794,0.6424,0.2111,1.5597,1.5952,0.0642,2.0105,4.8672
ffc41_Rep2.TIF,0.471,0.025,-1.6028,0.7035,0.2587,1.5157,1.5887,0.0567,2.6714,9.2946
ffc42_Rep1.TIF,0.2679,0.0168,-1.775,0.3956,0.3063,1.4939,2.265,0.0741,2.2119,5.5153
ffc42_Rep2.TIF,0.1278,0.0374,-1.4272,0.191,0.0685,1.298,4.4912,0.0855,1.3351,2.2034
ffc43_Rep1.TIF,0.4563,0.0198,-1.7042,0.6788,0.2503,1.5459,1.5613,0.0558,2.6728,9.3322
ffc43_Rep2.TIF,0.4796,0.0212,-1.6737,0.7078,0.3024,1.5426,1.5354,0.0572,2.7757,10.3035
ffc44_Rep1.TIF,0.4627,0.0267,-1.5742,0.6866,0.3237,1.5019,1.6255,0.0633,2.4482,7.4187
ffc44_Rep2.TIF,0.4361,0.0225,-1.6487,0.6463,0.3182,1.5205,1.6556,0.0574,2.3954,7.7957
ffc45_Rep1.TIF,0.4651,0.0224,-1.6495,0.6942,0.13,1.5255,1.5717,0.067,2.1294,5.3618
ffc45_Rep2.TIF,0.4939,0.0261,-1.5842,0.7355,0.3263,1.5146,1.5529,0.0618,2.301,6.4136
ffc46_Rep1.TIF,0.1377,0.0367,-1.4349,0.2048,0.3352,1.2921,4.272,0.0809,1.4925,2.4908
ffc46_Rep2.TIF,0.1403,0.0352,-1.4531,0.2089,0.2405,1.3124,4.2239,0.084,1.5758,3.0594
ffc47_Rep1.TIF,0.1331,0.0361,-1.4427,0.1992,0.2253,1.2971,4.4341,0.0922,1.4784,2.1665
ffc47_Rep2.TIF,0.0145,0.2527,-0.5975,0.7096,0.981,1.0654,37.3294,0.0701,0.5439,0.0563
ffc48_Rep1.TIF,0.1404,0.0418,-1.3793,0.2077,0.2168,1.2864,4.2672,0.0862,1.6137,2.6008
ffc48_Rep2.TIF,0.1359,0.0404,-1.3938,0.2039,0.3283,1.2933,4.3756,0.0903,1.6294,2.6544
ffc49_Rep1.TIF,0.4379,0.0191,-1.7196,0.6484,0.2085,1.5419,1.6174,0.0628,2.2708,6.2676
ffc49_Rep2.TIF,0.2616,0.0253,-1.5975,0.5542,0.5744,1.4538,2.5297,0.0598,2.246,6.1162
ffc4_Rep1.TIF,0.4499,0.0172,-1.7647,0.6645,0.2961,1.5599,1.5749,0.0694,2.2315,6.12
ffc4_Rep2.TIF,0.4654,0.0184,-1.7347,0.6907,0.212,1.5549,1.5538,0.0624,2.2038,5.8689
ffc50_Rep1.TIF,0.1265,0.0371,-1.4302,0.1897,0.1833,1.2991,4.5728,0.0895,1.5527,2.4315
ffc50_Rep2.TIF,0.1298,0.0388,-1.4111,0.1942,0.1788,1.2974,4.5172,0.0907,1.5321,2.0629
ffc51_Rep1.TIF,0.1277,0.0379,-1.4214,0.1907,0.2215,1.3,4.5725,0.0782,1.7109,3.2734
ffc51_Rep2.TIF,0.0912,0.0547,-1.2617,0.1584,0.7611,1.2138,6.4534,0.0829,1.7518,3.1389
ffc52_Rep1.TIF,0.1324,0.0281,-1.5508,0.1992,0.2245,1.3203,4.3275,0.081,1.3434,2.4279
ffc52_Rep2.TIF,0.445,0.0237,-1.6258,0.6589,0.4179,1.5092,1.6262,0.0618,2.302,7.0228
ffc53_Rep1.TIF,0.4818,0.0209,-1.6806,0.7135,0.1688,1.5385,1.5366,0.0618,2.3132,7.0852
ffc53_Rep2.TIF,0.4535,0.0191,-1.7199,0.6754,0.2658,1.5514,1.5873,0.0606,2.2929,7.3383
ffc54_Rep1.TIF,0.4073,0.0184,-1.7353,0.6156,0.1471,1.5368,1.7133,0.0617,2.3102,6.3563
ffc54_Rep2.TIF,0.2882,0.0202,-1.6948,0.4397,0.2912,1.4708,2.2271,0.0789,1.921,3.7556
ffc55_Rep1.TIF,0.1569,0.0327,-1.4859,0.2333,0.3561,1.3416,3.837,0.0832,1.4283,2.0888
ffc55_Rep2.TIF,0.2938,0.0241,-1.6174,0.4368,0.2742,1.4494,2.2182,0.0788,1.9286,4.016
ffc56_Rep1.TIF,0.1839,0.0239,-1.622,0.2732,0.3041,1.3939,3.1656,0.0778,1.7791,3.6744
ffc56_Rep2.TIF,0.1325,0.039,-1.4086,0.1971,0.2102,1.293,4.4963,0.0812,1.6819,3.3925
ffc57_Rep1.TIF,0.106,0.0366,-1.436,0.3017,0.8987,1.3489,5.507,0.0754,1.5422,2.6153
ffc57_Rep2.TIF,0.4033,0.015,-1.8232,0.603,0.2395,1.5606,1.6326,0.0626,2.4959,7.4073
ffc58_Rep1.TIF,0.2506,0.0227,-1.6446,0.3708,0.3678,1.4446,2.4629,0.0748,2.0887,5.0383
ffc58_Rep2.TIF,0.2083,0.0217,-1.6629,0.3134,0.4187,1.4163,2.8123,0.0823,1.7359,3.0702
ffc59_Rep1.TIF,0.4727,0.0219,-1.66,0.6976,0.2091,1.531,1.5649,0.0612,2.3159,6.671
ffc59_Rep2.TIF,0.1385,0.0274,-1.5616,0.2057,0.2297,1.3435,4.2463,0.0796,1.1484,1.8976
ffc5_Rep1.TIF,0.4806,0.0228,-1.6421,0.7115,0.2465,1.5275,1.5573,0.059,2.0725,4.9019
ffc5_Rep2.TIF,0.4922,0.0247,-1.6069,0.7255,0.2293,1.5183,1.5411,0.0614,2.3174,6.8848
ffc60_Rep1.TIF,0.1199,0.0446,-1.3508,0.1822,0.1966,1.2736,4.9168,0.0755,1.1038,0.965
ffc60_Rep2.TIF,0.126,0.039,-1.4086,0.1901,0.2474,1.2878,4.6043,0.0799,1.5048,2.1241
ffc61_Rep1.TIF,0.125,0.0306,-1.5143,0.1878,0.2754,1.3161,4.5094,0.0802,1.8179,3.7963
ffc61_Rep2.TIF,0.1258,0.0387,-1.412,0.1901,0.2893,1.297,4.6845,0.0915,1.5555,2.426
ffc62_Rep1.TIF,0.1809,0.0272,-1.5649,0.2711,0.4283,1.3721,3.2613,0.0806,1.9,4.2995
ffc62_Rep2.TIF,0.2597,0.0174,-1.7607,0.3943,0.4655,1.4798,2.279,0.0751,2.0402,4.853
ffc63_Rep1.TIF,0.1538,0.0314,-1.5031,0.2301,0.3106,1.3288,3.8307,0.0883,1.4151,1.4993
ffc63_Rep2.TIF,0.1521,0.0358,-1.4467,0.226,0.3212,1.3251,3.9411,0.0812,1.3873,1.8213
ffc64_Rep1.TIF,0.2291,0.0171,-1.7661,0.342,0.5085,1.4539,2.5025,0.0734,2.2121,5.6241
ffc64_Rep2.TIF,0.2451,0.0212,-1.674,0.3675,0.3588,1.4342,2.4436,0.0819,1.9585,4.2555
ffc65_Rep1.TIF,0.4699,0.0208,-1.6822,0.7003,0.2776,1.5363,1.5646,0.0654,2.1911,5.684
ffc65_Rep2.TIF,0.3857,0.0142,-1.8463,0.574,0.1582,1.5626,1.6951,0.0721,1.9657,3.8855
ffc66_Rep1.TIF,0.2823,0.0285,-1.5458,0.4195,0.3516,1.4241,2.4113,0.0717,2.1395,5.3715
ffc66_Rep2.TIF,0.3465,0.0228,-1.6413,0.5157,0.4563,1.4822,1.9717,0.0665,2.233,6.0149
ffc67_Rep1.TIF,0.4144,0.0191,-1.7191,0.6224,0.3546,1.5371,1.6808,0.0577,2.0999,5.9361
ffc67_Rep2.TIF,0.279,0.0266,-1.5748,0.5239,0.787,1.4586,2.4247,0.0615,2.2656,6.1363
ffc68_Rep1.TIF,0.4286,0.0176,-1.7537,0.6453,0.2845,1.5508,1.6174,0.0715,1.8665,4.0552
ffc68_Rep2.TIF,0.4536,0.0199,-1.7012,0.681,0.2996,1.5371,1.6044,0.0655,2.1609,5.6177
ffc69_Rep1.TIF,0.4319,0.0189,-1.7235,0.6408,0.3744,1.5379,1.6198,0.0621,2.4,7.4623
ffc69_Rep2.TIF,0.4433,0.0183,-1.7367,0.6594,0.2789,1.5508,1.5853,0.0594,2.1874,6.0135
ffc6_Rep1.TIF,0.2361,0.0191,-1.7188,0.4497,0.7255,1.49,2.48,0.0708,1.7623,3.3242
ffc6_Rep2.TIF,0.3683,0.0204,-1.6914,0.5705,0.3367,1.5098,1.8333,0.0744,2.163,5.4233
ffc70_Rep1.TIF,0.3584,0.0179,-1.7466,0.5329,0.3379,1.5235,1.818,0.0668,2.2391,6.6035
ffc70_Rep2.TIF,0.4049,0.0171,-1.7672,0.6021,0.3367,1.5409,1.6669,0.0736,1.7648,3.2948
ffc71_Rep1.TIF,0.3427,0.0211,-1.6754,0.5141,0.3803,1.4892,1.9402,0.0629,2.3185,7.0877
ffc71_Rep2.TIF,0.3387,0.0197,-1.7066,0.5147,0.3302,1.4981,1.9242,0.0765,1.8344,3.7951
ffc72_Rep1.TIF,0.3218,0.0164,-1.785,0.484,0.3054,1.5154,1.9146,0.0816,1.546,2.4456
ffc72_Rep2.TIF,0.0185,0.2816,-0.5504,0.6844,0.9838,1.0755,30.7514,0.1107,0.723,-0.1174
ffc73_Rep1.TIF,0.3898,0.0159,-1.7984,0.595,0.3975,1.5511,1.6857,0.0736,1.9123,4.2651
ffc73_Rep2.TIF,0.4254,0.0188,-1.7264,0.6307,0.2704,1.5393,1.6325,0.069,2.1463,5.7386
ffc74_Rep1.TIF,0.2513,0.0205,-1.6875,0.3822,0.315,1.4449,2.4177,0.0673,2.3871,7.7345
ffc74_Rep2.TIF,0.2113,0.0322,-1.4921,0.5355,0.7325,1.3966,3.131,0.0644,2.5788,8.7141
ffc75_Rep1.TIF,0.4665,0.0202,-1.695,0.6914,0.2662,1.5441,1.5494,0.0634,2.0367,5.2114
ffc75_Rep2.TIF,0.4152,0.0194,-1.7133,0.6274,0.3997,1.5317,1.6985,0.0654,2.1486,5.8063
ffc76_Rep1.TIF,0.2984,0.0188,-1.7266,0.4432,0.5057,1.4871,2.0759,0.0743,1.9805,4.528
ffc76_Rep2.TIF,0.3311,0.0184,-1.7358,0.4924,0.5088,1.5051,1.9389,0.0674,2.2248,6.5973
ffc77_Rep1.TIF,0.1625,0.0262,-1.5823,0.2428,0.3595,1.3579,3.5954,0.0727,2.0263,4.4397
ffc77_Rep2.TIF,0.2399,0.0199,-1.7006,0.3559,0.3226,1.4465,2.4822,0.075,2.0222,4.6242
ffc78_Rep1.TIF,0.2699,0.0146,-1.8351,0.4644,0.6984,1.5156,2.1622,0.0709,1.8948,4.6333
ffc78_Rep2.TIF,0.4297,0.0175,-1.7573,0.6476,0.2034,1.5608,1.6157,0.0615,2.1584,6.2621
ffc79_Rep1.TIF,0.254,0.0211,-1.6748,0.3781,0.2783,1.45,2.3744,0.0749,2.1374,5.1144
ffc79_Rep2.TIF,0.276,0.0247,-1.608,0.4065,0.2855,1.4248,2.3444,0.0698,2.2066,5.9366
ffc7_Rep1.TIF,0.447,0.0211,-1.6764,0.6673,0.1856,1.5314,1.6022,0.0572,2.5168,8.4325
ffc7_Rep2.TIF,0.4836,0.0245,-1.6101,0.7177,0.1495,1.5186,1.5501,0.06,2.4295,7.7863
ffc80_Rep1.TIF,0.3458,0.0162,-1.7895,0.5277,0.1551,1.5289,1.8408,0.0663,2.2439,6.1842
ffc80_Rep2.TIF,0.3823,0.0177,-1.751,0.5824,0.2544,1.5435,1.7197,0.0653,2.2836,6.4837
ffc81_Rep1.TIF,0.4437,0.0187,-1.7284,0.6642,0.2252,1.548,1.6077,0.064,2.0831,5.5847
ffc81_Rep2.TIF,0.4172,0.0168,-1.7741,0.6297,0.1453,1.5575,1.6468,0.0676,1.7447,3.4854
ffc82_Rep1.TIF,0.4678,0.0206,-1.6863,0.6998,0.1958,1.542,1.5633,0.0629,2.2824,6.5801
ffc82_Rep2.TIF,0.4768,0.0207,-1.6834,0.7127,0.2476,1.5426,1.5548,0.0534,2.4401,8.0412
ffc83_Rep1.TIF,0.4746,0.021,-1.6788,0.705,0.3063,1.5393,1.5566,0.0589,2.352,7.2583
ffc83_Rep2.TIF,0.4713,0.0192,-1.716,0.7067,0.1876,1.5483,1.5514,0.0557,2.0528,5.1016
ffc84_Rep1.TIF,0.0849,0.0565,-1.2483,0.1517,0.8094,1.2163,6.8562,0.0838,1.5388,2.3883
ffc84_Rep2.TIF,0.2138,0.0278,-1.556,0.3882,0.6971,1.4125,2.9023,0.0729,2.0094,4.5149
ffc85_Rep1.TIF,0.4531,0.0197,-1.7065,0.6707,0.3453,1.5403,1.5778,0.0616,2.076,5.6448
ffc85_Rep2.TIF,0.4687,0.02,-1.6987,0.701,0.1677,1.5467,1.5571,0.064,1.9497,4.1787
ffc86_Rep1.TIF,0.4436,0.0247,-1.6077,0.6539,0.3417,1.4996,1.6647,0.065,2.2486,6.2264
ffc86_Rep2.TIF,0.2705,0.018,-1.744,0.4035,0.3368,1.4807,2.3565,0.0641,1.9104,5.0307
ffc87_Rep1.TIF,0.4794,0.0212,-1.674,0.7116,0.1351,1.5391,1.5412,0.0575,2.5891,9.1321
ffc87_Rep2.TIF,0.4429,0.0176,-1.7542,0.6552,0.257,1.5526,1.5773,0.0666,1.989,4.6514
ffc88_Rep1.TIF,0.4353,0.0172,-1.7644,0.6453,0.2921,1.5571,1.586,0.063,2.4034,7.6602
ffc88_Rep2.TIF,0.4165,0.0172,-1.7636,0.6193,0.2177,1.5533,1.643,0.0669,2.0322,5.1547
ffc89_Rep1.TIF,0.4339,0.0224,-1.6492,0.6577,0.3422,1.5152,1.6797,0.0662,2.1481,5.8195
ffc89_Rep2.TIF,0.405,0.0179,-1.7474,0.6021,0.3067,1.5395,1.6713,0.0672,2.1197,5.5439
ffc8_Rep1.TIF,0.4804,0.0247,-1.6069,0.7159,0.2453,1.5162,1.5709,0.0617,2.3228,6.5124
ffc8_Rep2.TIF,0.489,0.0255,-1.5926,0.7282,0.272,1.5134,1.5542,0.0535,2.1229,6.1354
ffc90_Rep1.TIF,0.3463,0.0138,-1.8599,0.5338,0.327,1.5567,1.7803,0.0708,1.919,4.4696
ffc90_Rep2.TIF,0.4577,0.0211,-1.6764,0.6864,0.1838,1.5336,1.5923,0.0575,2.351,7.7317
ffc91_Rep1.TIF,0.4348,0.0187,-1.7277,0.6443,0.218,1.5429,1.6261,0.0601,2.2338,6.2344
ffc91_Rep2.TIF,0.4458,0.0227,-1.6436,0.6783,0.2109,1.5191,1.6506,0.0571,2.3401,7.2073
ffc93_Rep1.TIF,0.4346,0.0166,-1.78,0.6492,0.3523,1.5583,1.5982,0.0661,2.1477,5.941
ffc93_Rep2.TIF,0.4326,0.0177,-1.7514,0.6429,0.2681,1.5516,1.6057,0.0644,2.0638,5.7262
ffc94_Rep1.TIF,0.4173,0.0158,-1.8002,0.6318,0.232,1.5689,1.6453,0.0738,1.9044,3.8492
ffc94_Rep2.TIF,0.4461,0.0178,-1.7505,0.6644,0.2755,1.5525,1.5799,0.0644,2.236,6.2392
ffc95_Rep1.TIF,0.4286,0.0184,-1.7361,0.6361,0.2654,1.5442,1.6065,0.0624,2.0774,5.5789
ffc95_Rep2.TIF,0.419,0.0185,-1.7327,0.63,0.268,1.5417,1.6344,0.059,2.162,6.2183
ffc96_Rep1.TIF,0.3832,0.0156,-1.8075,0.5764,0.1814,1.5537,1.6799,0.0707,1.7912,3.7831
ffc96_Rep2.TIF,0.1421,0.0225,-1.648,0.2776,0.824,1.3809,3.7824,0.0823,1.6713,2.6373
ffc97_Rep1.TIF,0.4896,0.026,-1.5849,0.7242,0.2521,1.5136,1.538,0.0599,2.2785,6.2725
ffc97_Rep2.TIF,0.4772,0.0254,-1.5954,0.718,0.363,1.5125,1.5756,0.0584,2.386,7.2185
ffc98_Rep1.TIF,0.2387,0.0203,-1.6925,0.3591,0.2105,1.4368,2.5199,0.0784,2.0705,4.7972
ffc98_Rep2.TIF,0.3656,0.0189,-1.7239,0.5444,0.1682,1.5137,1.8008,0.0714,2.3086,6.3993
ffc9_Rep1.TIF,0.4051,0.0238,-1.623,0.6054,0.2657,1.4991,1.7198,0.0622,2.5053,8.2148
ffc9_Rep2.TIF,0.3788,0.0242,-1.617,0.5607,0.2727,1.483,1.8287,0.0628,2.3984,7.5435
ffc0_src.TIF,0.1802,0.0232,-1.6341,0.3556,0.8125,1.4226,3.1239,0.0787,1.6116,2.7419
ffc105_src.TIF,0.3949,0.0175,-1.7564,0.5994,0.2417,1.5419,1.6862,0.0648,2.283,6.082
ffc112_src.TIF,0.1352,0.0328,-1.4839,0.2005,0.2737,1.3219,4.2943,0.0863,1.5623,2.77
ffc119_src.TIF,0.1269,0.0403,-1.395,0.1905,0.2468,1.2924,4.6418,0.086,1.6198,2.7077
ffc126_src.TIF,0.333,0.0132,-1.8779,0.4951,0.2019,1.5462,1.8077,0.0728,1.9838,4.5673
ffc133_src.TIF,0.0619,0.1038,-0.984,0.2104,0.9435,1.1653,9.9802,0.085,1.1191,1.0184
ffc140_src.TIF,0.1339,0.0384,-1.4154,0.1996,0.1659,1.2967,4.3679,0.0759,1.5569,2.9409
ffc147_src.TIF,0.2214,0.0229,-1.641,0.3305,0.2253,1.4148,2.7157,0.074,2.0512,5.1677
ffc14_src.TIF,0.4886,0.0266,-1.5751,0.7288,0.3099,1.5089,1.5518,0.0542,2.3944,7.2132
ffc154_src.TIF,0.2471,0.0199,-1.7017,0.37,0.469,1.4479,2.482,0.0772,1.805,3.6856
ffc161_src.TIF,0.0169,0.2503,-0.6015,0.7159,0.9837,1.1,32.2739,0.0975,0.8317,-0.2325
ffc168_src.TIF,0.1303,0.0382,-1.4176,0.194,0.229,1.2952,4.4178,0.0825,1.7804,3.4749
ffc175_src.TIF,0.3632,0.0153,-1.815,0.5379,0.2261,1.5382,1.7772,0.0663,2.1688,5.6467
ffc182_src.TIF,0.2336,0.0224,-1.6505,0.358,0.3985,1.4354,2.6436,0.0887,1.4345,1.5439
ffc189_src.TIF,0.4669,0.0231,-1.6362,0.698,0.2863,1.5242,1.5801,0.066,2.2398,6.3469
ffc21_src.TIF,0.163,0.0318,-1.4973,0.2427,0.4276,1.327,3.8177,0.0867,1.2709,1.3426
ffc28_src.TIF,0.5011,0.0244,-1.6134,0.7392,0.1689,1.5279,1.5195,0.0583,2.5086,8.2219
ffc35_src.TIF,0.3909,0.0189,-1.7241,0.5871,0.3412,1.5287,1.7113,0.0683,2.1788,5.6262
ffc42_src.TIF,0.2679,0.0168,-1.775,0.3956,0.3063,1.4939,2.265,0.0741,2.2119,5.5153
ffc49_src.TIF,0.4379,0.0191,-1.7196,0.6484,0.2085,1.5419,1.6174,0.0628,2.2708,6.2676
ffc56_src.TIF,0.1839,0.0239,-1.622,0.2732,0.3041,1.3939,3.1656,0.0778,1.7791,3.6744
ffc63_src.TIF,0.1538,0.0314,-1.5031,0.2301,0.3106,1.3288,3.8307,0.0883,1.4151,1.4993
ffc70_src.TIF,0.3584,0.0179,-1.7466,0.5329,0.3379,1.5235,1.818,0.0668,2.2391,6.6035
ffc77_src.TIF,0.1625,0.0262,-1.5823,0.2428,0.3595,1.3579,3.5954,0.0727,2.0263,4.4397
ffc7_src.TIF,0.447,0.0211,-1.6764,0.6673,0.1856,1.5314,1.6022,0.0572,2.5168,8.4325
ffc84_src.TIF,0.0849,0.0565,-1.2483,0.1517,0.8094,1.2163,6.8562,0.0838,1.5388,2.3883
ffc91_src.TIF,0.4348,0.0187,-1.7277,0.6443,0.218,1.5429,1.6261,0.0601,2.2338,6.2344
ffc98_src.TIF,0.2387,0.0203,-1.6925,0.3591,0.2105,1.4368,2.5199,0.0784,2.0705,4.7972
ffc0_Rep1.TIF,0.1802,0.0232,-1.6341,0.3556,0.8125,1.4226,3.1239,0.0787,1.6116,2.7419
ffc0_Rep2.TIF,0.3141,0.0173,-1.761,0.5231,0.6349,1.5144,2.0099,0.0633,2.0548,6.0872
ffc105_Rep1.TIF,0.3949,0.0175,-1.7564,0.5994,0.2417,1.5419,1.6862,0.0648,2.283,6.082
ffc105_Rep2.TIF,0.3834,0.0144,-1.8416,0.5729,0.3098,1.5566,1.6805,0.078,1.8339,3.1869
ffc112_Rep1.TIF,0.1352,0.0328,-1.4839,0.2005,0.2737,1.3219,4.2943,0.0863,1.5623,2.77
ffc112_Rep2.TIF,0.0707,0.0786,-1.1045,0.2424,0.9324,1.2392,8.5222,0.084,1.1623,0.8608
ffc119_Rep1.TIF,0.1269,0.0403,-1.395,0.1905,0.2468,1.2924,4.6418,0.086,1.6198,2.7077
ffc119_Rep2.TIF,0.0675,0.0854,-1.0688,0.1945,0.9287,1.2033,8.8358,0.0934,1.6474,2.8116
ffc126_Rep1.TIF,0.333,0.0132,-1.8779,0.4951,0.2019,1.5462,1.8077,0.0728,1.9838,4.5673
ffc126_Rep2.TIF,0.4321,0.0199,-1.7019,0.6433,0.251,1.534,1.6149,0.0603,2.3697,7.2816
ffc133_Rep1.TIF,0.0619,0.1038,-0.984,0.2104,0.9435,1.1653,9.9802,0.085,1.1191,1.0184
ffc133_Rep2.TIF,0.0136,0.1191,-0.9239,0.5936,0.9893,1.1648,31.4376,0.0632,1.4748,1.5981
ffc140_Rep1.TIF,0.1339,0.0384,-1.4154,0.1996,0.1659,1.2967,4.3679,0.0759,1.5569,2.9409
ffc140_Rep2.TIF,0.0997,0.046,-1.337,0.1687,0.7435,1.2453,5.7988,0.0828,1.7413,3.6437
ffc147_Rep1.TIF,0.2214,0.0229,-1.641,0.3305,0.2253,1.4148,2.7157,0.074,2.0512,5.1677
ffc147_Rep2.TIF,0.2576,0.0298,-1.5255,0.5485,0.6013,1.4214,2.6157,0.0543,2.6876,9.8387
ffc14_Rep1.TIF,0.4886,0.0266,-1.5751,0.7288,0.3099,1.5089,1.5518,0.0542,2.3944,7.2132
ffc14_Rep2.TIF,0.4565,0.0238,-1.6243,0.6876,0.4463,1.5176,1.6274,0.0576,2.4565,7.4051
ffc14_Rep3.TIF,0.4809,0.0244,-1.6129,0.723,0.209,1.5233,1.579,0.065,2.1748,5.5789
ffc14_Rep4.TIF,0.471,0.0217,-1.6626,0.7052,0.3126,1.5298,1.5796,0.0656,2.2828,6.2425
ffc154_Rep1.TIF,0.2471,0.0199,-1.7017,0.37,0.469,1.4479,2.482,0.0772,1.805,3.6856
ffc154_Rep2.TIF,0.1362,0.0417,-1.3803,0.2042,0.2899,1.2886,4.4625,0.088,1.4525,2.1602
ffc161_Rep1.TIF,0.0169,0.2503,-0.6015,0.7159,0.9837,1.1,32.2739,0.0975,0.8317,-0.2325
ffc161_Rep2.TIF,0.4159,0.0199,-1.7014,0.6185,0.1497,1.5268,1.6552,0.0657,2.3665,6.785
ffc168_Rep1.TIF,0.1303,0.0382,-1.4176,0.194,0.229,1.2952,4.4178,0.0825,1.7804,3.4749
ffc168_Rep2.TIF,0.1293,0.042,-1.3765,0.1922,0.2515,1.2786,4.6095,0.0799,1.6721,3.0806
ffc175_Rep1.TIF,0.3632,0.0153,-1.815,0.5379,0.2261,1.5382,1.7772,0.0663,2.1688,5.6467
ffc175_Rep2.TIF,0.132,0.0364,-1.4385,0.1956,0.2301,1.3078,4.44,0.081,1.4596,2.322
ffc182_Rep1.TIF,0.2336,0.0224,-1.6505,0.358,0.3985,1.4354,2.6436,0.0887,1.4345,1.5439
ffc182_Rep2.TIF,0.1786,0.0317,-1.4984,0.4553,0.8212,1.3918,3.5904,0.0645,2.4398,7.2529
ffc182_Rep3.TIF,0.3385,0.0165,-1.7838,0.4991,0.2078,1.5277,1.8419,0.0656,2.0913,5.3571
ffc182_Rep4.TIF,0.3779,0.0176,-1.7533,0.5644,0.293,1.5315,1.7196,0.0717,2.1231,5.5338
ffc182_Rep5.TIF,0.1417,0.0203,-1.6932,0.2654,0.7269,1.4026,3.6397,0.0792,1.9154,4.5
ffc182_Rep6.TIF,0.2736,0.0218,-1.6619,0.4073,0.3777,1.4492,2.2923,0.0754,2.0974,5.4732
ffc189_Rep1.TIF,0.4669,0.0231,-1.6362,0.698,0.2863,1.5242,1.5801,0.066,2.2398,6.3469
ffc189_Rep2.TIF,0.4636,0.0235,-1.6286,0.6919,0.2537,1.5182,1.5947,0.0623,2.2468,7.0043
ffc189_Rep3.TIF,0.4635,0.0215,-1.6666,0.6884,0.2427,1.5319,1.5806,0.065,2.1495,5.6283
ffc189_Rep4.TIF,0.4583,0.0239,-1.6224,0.6829,0.2651,1.515,1.6037,0.0678,2.1262,5.5006
ffc21_Rep1.TIF,0.163,0.0318,-1.4973,0.2427,0.4276,1.327,3.8177,0.0867,1.2709,1.3426
ffc21_Rep2.TIF,0.1248,0.0353,-1.4524,0.1861,0.3425,1.3013,4.7306,0.0836,1.4232,2.5608
ffc28_Rep1.TIF,0.5011,0.0244,-1.6134,0.7392,0.1689,1.5279,1.5195,0.0583,2.5086,8.2219
ffc28_Rep2.TIF,0.517,0.0319,-1.4962,0.7649,0.2059,1.4906,1.5299,0.0588,2.5095,7.7746
ffc35_Rep1.TIF,0.3909,0.0189,-1.7241,0.5871,0.3412,1.5287,1.7113,0.0683,2.1788,5.6262
ffc35_Rep2.TIF,0.4115,0.0167,-1.7782,0.6144,0.2055,1.5558,1.6304,0.0688,2.1044,5.2628
ffc42_Rep1.TIF,0.2679,0.0168,-1.775,0.3956,0.3063,1.4939,2.265,0.0741,2.2119,5.5153
ffc42_Rep2.TIF,0.1278,0.0374,-1.4272,0.191,0.0685,1.298,4.4912,0.0855,1.3351,2.2034
ffc49_Rep1.TIF,0.4379,0.0191,-1.7196,0.6484,0.2085,1.5419,1.6174,0.0628,2.2708,6.2676
ffc49_Rep2.TIF,0.2616,0.0253,-1.5975,0.5542,0.5744,1.4538,2.5297,0.0598,2.246,6.1162
ffc56_Rep1.TIF,0.1839,0.0239,-1.622,0.2732,0.3041,1.3939,3.1656,0.0778,1.7791,3.6744
ffc56_Rep2.TIF,0.1325,0.039,-1.4086,0.1971,0.2102,1.293,4.4963,0.0812,1.6819,3.3925
ffc63_Rep1.TIF,0.1538,0.0314,-1.5031,0.2301,0.3106,1.3288,3.8307,0.0883,1.4151,1.4993
ffc63_Rep2.TIF,0.1521,0.0358,-1.4467,0.226,0.3212,1.3251,3.9411,0.0812,1.3873,1.8213
ffc70_Rep1.TIF,0.3584,0.0179,-1.7466,0.5329,0.3379,1.5235,1.818,0.0668,2.2391,6.6035
ffc70_Rep2.TIF,0.4049,0.0171,-1.7672,0.6021,0.3367,1.5409,1.6669,0.0736,1.7648,3.2948
ffc77_Rep1.TIF,0.1625,0.0262,-1.5823,0.2428,0.3595,1.3579,3.5954,0.0727,2.0263,4.4397
ffc77_Rep2.TIF,0.2399,0.0199,-1.7006,0.3559,0.3226,1.4465,2.4822,0.075,2.0222,4.6242
ffc7_Rep1.TIF,0.447,0.0211,-1.6764,0.6673,0.1856,1.5314,1.6022,0.0572,2.5168,8.4325
ffc7_Rep2.TIF,0.4836,0.0245,-1.6101,0.7177,0.1495,1.5186,1.5501,0.06,2.4295,7.7863
ffc84_Rep1.TIF,0.0849,0.0565,-1.2483,0.1517,0.8094,1.2163,6.8562,0.0838,1.5388,2.3883
ffc84_Rep2.TIF,0.2138,0.0278,-1.556,0.3882,0.6971,1.4125,2.9023,0.0729,2.0094,4.5149
ffc91_Rep1.TIF,0.4348,0.0187,-1.7277,0.6443,0.218,1.5429,1.6261,0.0601,2.2338,6.2344
ffc91_Rep2.TIF,0.4458,0.0227,-1.6436,0.6783,0.2109,1.5191,1.6506,0.0571,2.3401,7.2073
ffc98_Rep1.TIF,0.2387,0.0203,-1.6925,0.3591,0.2105,1.4368,2.5199,0.0784,2.0705,4.7972
ffc98_Rep2.TIF,0.3656,0.0189,-1.7239,0.5444,0.1682,1.5137,1.8008,0.0714,2.3086,6.3993
ffc100_Rep1_s0.png,0.246,0.1412,-0.8503,0.4628,0.7974,1.2231,3.4497,0.0121,4.8146,32.49
ffc100_Rep1_s1.png,0.0632,0.1623,-0.7897,0.7132,0.8965,1.2299,12.159,0.0209,1.8609,4.0397
ffc100_Rep1_s2.png,0.2794,0.0993,-1.0031,0.5114,0.806,1.2795,3.0478,0.0149,4.7331,36.4782
ffc100_Rep1_s3.png,0.0695,0.2879,-0.5408,0.8388,0.8877,1.1525,11.9644,0.0244,2.749,9.1072
ffc100_Rep1_s4.png,0.3151,0.0361,-1.4422,0.5452,0.6676,1.427,2.3967,0.0182,3.4425,18.6949
ffc100_Rep1_s5.png,0.2114,0.104,-0.9831,0.3986,0.8059,1.2547,3.8698,0.0078,2.0029,6.6005
ffc100_Rep1_s6.png,0.0717,0.5956,-0.2251,0.9255,0.8616,1.11,12.0861,0.0207,2.6746,9.087
ffc100_Rep1_s7.png,0.2895,0.0196,-1.7074,0.4143,0.4185,1.4841,2.0864,0.0635,1.7799,2.4183
ffc100_Rep2_s0.png,0.2601,0.1206,-0.9186,0.4829,0.7925,1.2579,3.2715,0.0117,4.3574,26.9377
ffc100_Rep2_s1.png,0.1642,0.1255,-0.9013,0.4577,0.9143,1.2356,4.9617,0.0069,3.1751,16.6864
ffc100_Rep2_s2.png,0.4308,0.1366,-0.8647,0.7127,0.7951,1.2689,2.0893,0.0142,6.065,56.3917
ffc100_Rep2_s3.png,0.0457,0.2417,-0.6167,0.6254,0.8182,1.0468,15.2972,0.062,1.5049,1.3931
ffc100_Rep2_s4.png,0.2844,0.0329,-1.4829,0.5628,0.7966,1.4418,2.6286,0.0217,3.4112,16.8247
ffc100_Rep2_s5.png,0.0715,0.3802,-0.42,0.8507,0.836,1.1377,11.5661,0.0072,1.973,6.2958
ffc100_Rep2_s6.png,0.0702,0.2004,-0.6982,0.7794,0.8993,1.182,11.4545,0.0083,2.204,8.4372
ffc100_Rep2_s7.png,0.2901,0.0188,-1.7269,0.4076,0.4214,1.481,2.0293,0.074,1.8486,2.3832
ffc101_Rep1_s0.png,0.2539,0.127,-0.896,0.482,0.7995,1.234,3.35,0.0128,4.9385,35.9442
ffc101_Rep1_s1.png,0.0746,0.1519,-0.8183,0.6965,0.9293,1.2109,10.4208,0.0083,1.9763,4.9011
ffc101_Rep1_s2.png,0.3398,0.021,-1.6776,0.5033,0.3033,1.4887,1.978,0.032,1.8549,3.601
ffc101_Rep1_s3.png,0.0043,0.2289,-0.6404,0.6317,0.9885,0.9979,64.2306,0.0328,0.6852,0.2697
ffc101_Rep1_s4.png,0.3491,0.0264,-1.5788,0.609,0.67,1.4845,2.0822,0.0205,2.7364,15.0658
ffc101_Rep1_s5.png,0.0763,0.2628,-0.5803,0.7574,0.893,1.1795,10.537,0.0059,1.0358,1.8106
ffc101_Rep1_s6.png,0.2311,0.0774,-1.1115,0.4104,0.7929,1.2897,3.5115,0.009,3.7658,32.1267
ffc101_Rep1_s7.png,0.3236,0.0217,-1.6644,0.456,0.3853,1.476,1.9526,0.0604,2.0419,3.5296
ffc101_Rep2_s0.png,0.0625,0.4548,-0.3422,0.8826,0.8808,1.0671,13.1597,0.0157,3.5491,17.7773
ffc101_Rep2_s1.png,0.2017,0.0901,-1.0453,0.3605,0.7338,1.2329,3.9252,0.0093,2.5394,11.4415
ffc101_Rep2_s2.png,0.0047,0.9539,-0.0205,0.9565,0.3037,0.606,104.819,0.0494,0.7487,-0.1286
ffc101_Rep2_s3.png,0.1626,0.0697,-1.1565,0.475,0.8917,1.3228,4.8903,0.0099,3.8822,24.955
ffc101_Rep2_s4.png,0.2582,0.1055,-0.9769,0.4792,0.763,1.2594,3.2655,0.014,4.2934,25.7561
ffc101_Rep2_s5.png,0.07,0.5134,-0.2896,0.9005,0.8431,1.0641,11.9581,0.0131,4.3865,29.3922
ffc101_Rep2_s6.png,0.1803,0.1476,-0.8309,0.5978,0.9293,1.2299,4.6599,0.0166,4.2372,22.3434
ffc101_Rep2_s7.png,0.3325,0.0181,-1.7434,0.4639,0.2593,1.5082,1.8577,0.0594,1.885,2.9435
ffc102_Rep1_s0.png,0.2701,0.091,-1.0408,0.4455,0.7411,1.2574,3.1155,0.0089,6.8676,106.7418
ffc102_Rep1_s1.png,0.2494,0.1642,-0.7845,0.4926,0.8619,1.2016,3.4643,0.0117,4.3364,34.3132
ffc102_Rep1_s2.png,0.0155,0.2362,-0.6268,0.6702,0.9809,1.0498,37.2665,0.0308,0.9819,0.4552
ffc102_Rep1_s3.png,0.1875,0.1219,-0.9141,0.5439,0.9286,1.2467,4.5142,0.0183,6.6887,63.3524
ffc102_Rep1_s4.png,0.3215,0.0407,-1.3906,0.5683,0.4806,1.4117,2.4051,0.0203,2.6706,10.5127
ffc102_Rep1_s5.png,0.2578,0.0667,-1.1757,0.4484,0.8198,1.313,3.1712,0.0135,4.88,40.6216
ffc102_Rep1_s6.png,0.1178,0.1344,-0.8715,0.4667,0.9151,1.1945,6.7062,0.0064,1.3619,3.188
ffc102_Rep1_s7.png,0.3322,0.0199,-1.7021,0.4666,0.4297,1.492,1.9027,0.0553,1.9985,3.492
ffc102_Rep2_s0.png,0.0555,0.3386,-0.4704,0.8281,0.7383,1.1776,14.8649,0.0416,3.3066,11.8954
ffc102_Rep2_s1.png,0.0028,0.1426,-0.846,0.61,0.997,0.8677,58.6064,0.0678,0.0771,-1.2735
ffc102_Rep2_s2.png,0.0113,0.6644,-0.1776,0.884,0.7124,0.818,56.037,0.0625,0.9798,-0.0328
ffc102_Rep2_s3.png,0.0025,0.8524,-0.0694,0.905,0.4693,0.616,138.0009,0.0857,0.3795,-0.8906
ffc102_Rep2_s4.png,0.1926,0.1003,-0.9986,0.6132,0.9358,1.2827,4.35,0.0105,2.0049,7.0594
ffc102_Rep2_s5.png,0.0516,0.3669,-0.4355,0.8378,0.8022,1.1702,15.5178,0.0309,3.5338,12.8759
ffc102_Rep2_s6.png,0.0582,0.5304,-0.2754,0.9037,0.7935,1.1373,14.2318,0.0332,2.8059,8.8055
ffc102_Rep2_s7.png,0.2957,0.0208,-1.6826,0.4302,0.3987,1.4676,2.0696,0.0595,2.0242,3.5213
ffc102_Rep3_s0.png,0.1636,0.1146,-0.9409,0.5102,0.938,1.2613,4.9528,0.022,4.1146,19.7713
ffc102_Rep3_s1.png,0.1726,0.0923,-1.0346,0.4533,0.9157,1.2736,4.6702,0.015,5.9366,44.3924
ffc102_Rep3_s2.png,0.0177,0.4984,-0.3024,0.7952,0.8954,0.8093,37.0655,0.0666,1.6502,2.4103
ffc102_Rep3_s3.png,0.2483,0.0819,-1.0869,0.4543,0.7588,1.2729,3.3228,0.0078,3.3773,27.2011
ffc102_Rep3_s4.png,0.2741,0.1088,-0.9632,0.5256,0.7794,1.2473,3.1245,0.0104,3.2158,18.384
ffc102_Rep3_s5.png,0.0737,0.4387,-0.3578,0.8696,0.8563,1.0855,11.3623,0.0063,1.4318,3.5129
ffc102_Rep3_s6.png,0.2779,0.1196,-0.9224,0.4912,0.7452,1.2406,3.0679,0.0133,5.979,50.9599
ffc102_Rep3_s7.png,0.2774,0.0225,-1.6482,0.3997,0.4886,1.4476,2.2063,0.0597,1.7646,2.2276
ffc102_Rep4_s0.png,0.0593,0.3445,-0.4628,0.8605,0.7972,1.1962,13.8853,0.0453,3.9043,16.526
ffc102_Rep4_s1.png,0.0037,0.1444,-0.8403,0.5374,0.9963,0.8896,51.0799,0.0658,0.0323,-0.9714
ffc102_Rep4_s2.png,0.0047,0.7781,-0.109,0.8944,0.2993,0.7708,102.2877,0.0535,0.8454,0.5143
ffc102_Rep4_s3.png,0.0042,0.129,-0.8894,0.4955,0.9956,0.9112,46.8527,0.032,1.1492,2.4882
ffc102_Rep4_s4.png,0.2452,0.036,-1.4434,0.494,0.6066,1.397,3.0323,0.0214,5.3705,44.7392
ffc102_Rep4_s5.png,0.053,0.3197,-0.4952,0.8023,0.828,1.1371,14.916,0.0197,3.0778,10.0774
ffc102_Rep4_s6.png,0.0392,0.262,-0.5817,0.6889,0.7081,1.182,18.9307,0.04,2.007,4.5281
ffc102_Rep4_s7.png,0.3041,0.022,-1.6571,0.4522,0.2975,1.4697,2.0709,0.0621,1.9842,3.2097
ffc103_Rep1_s0.png,0.0653,0.5064,-0.2955,0.8975,0.8495,1.1524,12.7567,0.0114,2.0117,5.0316
ffc103_Rep1_s1.png,0.0759,0.5239,-0.2807,0.9039,0.8784,1.094,11.0931,0.0248,3.6845,17.1341
ffc103_Rep1_s2.png,0.0715,0.3512,-0.4544,0.8239,0.8639,1.1168,11.4565,0.0242,3.3933,13.4894
ffc103_Rep1_s3.png,0.0771,0.4484,-0.3483,0.8755,0.814,1.1185,10.9667,0.0157,3.6103,19.1956
ffc103_Rep1_s4.png,0.3351,0.0639,-1.1946,0.6788,0.798,1.3498,2.4928,0.0185,2.7772,11.4733
ffc103_Rep1_s5.png,0.0701,0.3125,-0.5051,0.8526,0.88,1.1916,11.5767,0.0139,3.1759,12.5661
ffc103_Rep1_s6.png,0.2205,0.0876,-1.0574,0.4152,0.7659,1.2651,3.7146,0.0106,3.6574,21.6034
ffc103_Rep1_s7.png,0.3351,0.0172,-1.7647,0.4766,0.2848,1.5134,1.8243,0.0498,1.8734,3.3739
ffc103_Rep2_s0.png,0.2115,0.0836,-1.078,0.4453,0.8469,1.2858,3.8531,0.0126,4.5584,29.4222
ffc103_Rep2_s1.png,0.2322,0.1462,-0.835,0.4278,0.7964,1.1969,3.6257,0.0142,4.1353,23.8237
ffc103_Rep2_s2.png,0.0752,0.3906,-0.4083,0.8622,0.8719,1.1022,10.9677,0.0239,3.3996,13.7456
ffc103_Rep2_s3.png,0.064,0.2977,-0.5263,0.8152,0.8784,1.1435,12.9384,0.0328,2.6858,7.9731
ffc103_Rep2_s4.png,0.3805,0.0295,-1.5305,0.6117,0.4988,1.4844,1.9848,0.0181,2.7449,12.9531
ffc103_Rep2_s5.png,0.0564,0.3394,-0.4693,0.8367,0.8253,1.2016,14.082,0.0142,1.1881,1.5065
ffc103_Rep2_s6.png,0.0733,0.3709,-0.4308,0.8784,0.9056,1.0986,11.3368,0.0069,1.6468,5.2227
ffc103_Rep2_s7.png,0.2959,0.0193,-1.7144,0.4166,0.376,1.4797,2.0533,0.0642,1.8913,2.9235
ffc104_Rep1_s0.png,0.1749,0.1237,-0.9076,0.5393,0.9219,1.2361,4.785,0.0232,5.5373,35.5062
ffc104_Rep1_s1.png,0.2319,0.0541,-1.2669,0.3845,0.7269,1.338,3.4485,0.0125,3.9476,22.1961
ffc104_Rep1_s2.png,0.3009,0.1102,-0.9578,0.7103,0.8557,1.2697,2.8831,0.0192,5.8378,45.126
ffc104_Rep1_s3.png,0.0296,0.1831,-0.7374,0.5059,0.8986,1.0226,19.8722,0.0755,1.4852,1.5173
ffc104_Rep1_s4.png,0.2391,0.0651,-1.1861,0.4189,0.7689,1.3061,3.3858,0.0132,3.7128,21.8164
ffc104_Rep1_s5.png,0.0547,0.3056,-0.5148,0.731,0.7706,1.1127,14.3441,0.0148,2.624,8.9632
ffc104_Rep1_s6.png,0.0519,0.2687,-0.5708,0.7569,0.7915,1.1709,14.885,0.0274,3.2904,11.9399
ffc104_Rep1_s7.png,0.2035,0.0129,-1.8897,0.2981,0.5186,1.4781,2.4545,0.0715,2.8739,7.7719
ffc104_Rep2_s0.png,0.0642,0.2926,-0.5338,0.8289,0.8459,1.1852,12.6894,0.0383,3.5906,13.8927
ffc104_Rep2_s1.png,0.2612,0.0708,-1.1502,0.4346,0.7233,1.2972,3.1722,0.0114,4.135,25.1847
ffc104_Rep2_s2.png,0.007,0.1682,-0.774,0.5788,0.9946,1.0132,41.2549,0.0662,1.9553,3.7866
ffc104_Rep2_s3.png,0.1844,0.0648,-1.1887,0.3896,0.8817,1.3059,4.2371,0.0122,7.4932,104.1166
ffc104_Rep2_s4.png,0.2329,0.0708,-1.1499,0.4241,0.7918,1.2944,3.4868,0.0149,3.3064,18.7212
ffc104_Rep2_s5.png,0.0621,0.3355,-0.4743,0.7791,0.7929,1.1339,12.8785,0.0263,2.7544,8.0023
ffc104_Rep2_s6.png,0.101,0.0755,-1.1219,0.6578,0.9138,1.3827,7.7373,0.0105,2.4698,8.3773
ffc104_Rep2_s7.png,0.211,0.0144,-1.8402,0.316,0.2921,1.475,2.4345,0.0607,2.8008,7.6607
ffc106_Rep1_s0.png,0.2758,0.1018,-0.9924,0.5058,0.7804,1.2941,3.083,0.0099,5.5154,53.8232
ffc106_Rep1_s1.png,0.0965,0.1221,-0.9132,0.6277,0.3917,1.2423,7.4181,0.0634,1.4175,0.7061
ffc106_Rep1_s2.png,0.0303,0.2218,-0.654,0.5457,0.6412,0.9954,20.6617,0.0646,1.5713,1.8222
ffc106_Rep1_s3.png,0.0336,0.1642,-0.7846,0.4685,0.9189,1.0408,17.408,0.0795,1.1893,0.3149
ffc106_Rep1_s4.png,0.2672,0.0259,-1.5865,0.5402,0.5094,1.4519,2.6298,0.0225,2.7286,13.4963
ffc106_Rep1_s5.png,0.0686,0.3372,-0.4721,0.7815,0.8599,1.1484,12.1395,0.022,3.5759,16.3226
ffc106_Rep1_s6.png,0.0035,0.9642,-0.0158,0.9506,0.4046,0.7114,121.1137,0.0896,1.0236,0.1634
ffc106_Rep1_s7.png,0.3366,0.0213,-1.6707,0.4704,0.1201,1.4821,1.8967,0.0671,2.209,4.3507
ffc106_Rep2_s0.png,0.1259,0.1104,-0.957,0.4061,0.9224,1.2431,6.1733,0.0272,5.9656,42.9579
ffc106_Rep2_s1.png,0.0117,0.2171,-0.6634,0.6754,0.9758,1.0466,41.626,0.0352,1.0089,0.5872
ffc106_Rep2_s2.png,0.0073,0.2754,-0.56,0.7181,0.9907,0.962,49.8794,0.0836,1.0168,-0.0744
ffc106_Rep2_s3.png,0.0291,0.1009,-0.996,0.5505,0.757,1.2662,19.0788,0.0275,2.4442,6.5033
ffc106_Rep2_s4.png,0.1973,0.048,-1.3185,0.5656,0.9068,1.3355,3.8927,0.022,3.3622,18.6363
ffc106_Rep2_s5.png,0.063,0.4254,-0.3712,0.867,0.819,1.1455,13.0743,0.0097,2.7418,9.7831
ffc106_Rep2_s6.png,0.0448,0.2705,-0.5678,0.7662,0.7339,1.2135,17.0513,0.0382,2.3406,6.6616
ffc106_Rep2_s7.png,0.3001,0.0239,-1.6221,0.4246,0.3795,1.4517,2.1099,0.0866,2.0504,3.2388
ffc107_Rep1_s0.png,0.1771,0.0957,-1.0189,0.3301,0.7927,1.2381,4.409,0.0164,6.6175,62.0452
ffc107_Rep1_s1.png,0.071,0.1463,-0.8349,0.5772,0.9037,1.256,10.2164,0.0308,1.6994,2.8837
ffc107_Rep1_s2.png,0.099,0.0583,-1.2342,0.4944,0.7434,1.3911,6.4734,0.0577,1.6759,1.9178
ffc107_Rep1_s3.png,0.1976,0.0641,-1.1929,0.4394,0.765,1.2895,4.0844,0.0175,5.2434,43.794
ffc107_Rep1_s4.png,0.2449,0.0691,-1.1608,0.5023,0.8256,1.3063,3.3556,0.0124,1.9061,5.9528
ffc107_Rep1_s5.png,0.1156,0.0697,-1.1569,0.5283,0.4901,1.2343,5.7089,0.0615,1.383,1.0514
ffc107_Rep1_s6.png,0.1203,0.1033,-0.9859,0.4702,0.9409,1.2477,6.5126,0.0184,5.8497,51.2859
ffc107_Rep1_s7.png,0.3147,0.0198,-1.7037,0.4486,0.2691,1.4893,1.946,0.0796,2.0032,2.9778
ffc107_Rep2_s0.png,0.2713,0.1167,-0.933,0.6259,0.8659,1.3024,3.1813,0.0127,4.4237,33.0383
ffc107_Rep2_s1.png,0.2494,0.0797,-1.0983,0.4304,0.7555,1.2854,3.3407,0.0141,4.6728,33.9387
ffc107_Rep2_s2.png,0.0831,0.128,-0.893,0.7232,0.9157,1.2941,9.6998,0.0117,1.7186,5.2997
ffc107_Rep2_s3.png,0.0029,1.0,0.0,0.9697,0.423,0.8758,131.3859,0.0792,0.2408,-1.5324
ffc107_Rep2_s4.png,0.2281,0.0376,-1.4251,0.4147,0.7388,1.3567,3.2875,0.0194,3.325,17.969
ffc107_Rep2_s5.png,0.063,0.3672,-0.4351,0.8059,0.824,1.1128,13.2585,0.0182,3.8468,21.2538
ffc107_Rep2_s6.png,0.272,0.0641,-1.1932,0.4602,0.7351,1.2986,3.0625,0.008,1.6165,5.2636
ffc107_Rep2_s7.png,0.3194,0.0175,-1.7573,0.4541,0.4064,1.507,1.8885,0.0681,1.7768,2.5679
ffc108_Rep1_s0.png,0.2733,0.1014,-0.9938,0.4932,0.7711,1.2622,3.0847,0.0071,3.3416,23.2689
ffc108_Rep1_s1.png,0.1299,0.0885,-1.0533,0.449,0.9378,1.2731,5.938,0.0111,4.424,28.5638
ffc108_Rep1_s2.png,0.0982,0.1107,-0.9557,0.4151,0.9215,1.1991,7.6221,0.0085,2.8437,14.8915
ffc108_Rep1_s3.png,0.0031,1.0,0.0,0.9615,0.3544,0.8829,129.2706,0.0728,0.8476,-0.4498
ffc108_Rep1_s4.png,0.072,0.3148,-0.5019,0.8609,0.7964,1.2161,11.5779,0.0188,2.6372,8.217
ffc108_Rep1_s5.png,0.0902,0.159,-0.7987,0.6708,0.3017,1.1804,8.2499,0.0595,1.4071,0.8645
ffc108_Rep1_s6.png,0.0626,0.5011,-0.3001,0.8996,0.8713,1.0963,13.2188,0.0056,1.5673,5.0647
ffc108_Rep1_s7.png,0.3232,0.0212,-1.6731,0.423,0.3476,1.4782,1.9321,0.0637,1.7656,2.1393
ffc108_Rep2_s0.png,0.2833,0.1024,-0.9895,0.4989,0.7687,1.2602,2.9935,0.0084,2.567,14.1857
ffc108_Rep2_s1.png,0.0701,0.32,-0.4948,0.8104,0.8247,1.1673,12.0395,0.0085,3.7105,24.1693
ffc108_Rep2_s2.png,0.053,0.2602,-0.5847,0.7288,0.7203,1.2198,14.3842,0.0236,3.1642,12.3988
ffc108_Rep2_s3.png,0.2862,0.1024,-0.9895,0.516,0.8059,1.2787,2.9975,0.0159,5.9384,47.7956
ffc108_Rep2_s4.png,0.1187,0.0995,-1.0021,0.4402,0.9398,1.2961,6.5697,0.0082,1.257,2.3393
ffc108_Rep2_s5.png,0.0941,0.148,-0.8298,0.6822,0.2554,1.2065,7.8755,0.0596,1.3442,0.6614
ffc108_Rep2_s6.png,0.7278,0.7548,-0.1222,0.9791,0.206,1.1102,1.3158,0.0132,13.0699,242.3392
ffc108_Rep2_s7.png,0.1906,0.011,-1.959,0.2586,0.4595,1.4885,2.4704,0.0466,3.6797,14.2859
ffc109_Rep1_s0.png,0.2241,0.1003,-0.9989,0.4268,0.8191,1.2319,3.6799,0.009,5.8492,58.661
ffc109_Rep1_s1.png,0.2274,0.0616,-1.2102,0.3671,0.7419,1.2862,3.5087,0.0103,4.4659,30.8528
ffc109_Rep1_s2.png,0.0228,0.2248,-0.6481,0.6912,0.9347,1.0213,28.9656,0.0297,2.6856,8.2325
ffc109_Rep1_s3.png,0.0794,0.084,-1.0755,0.6721,0.9166,1.3539,9.407,0.0125,5.1075,35.3275
ffc109_Rep1_s4.png,0.0995,0.1135,-0.945,0.4107,0.9414,1.2441,7.6206,0.0083,1.3287,2.8988
ffc109_Rep1_s5.png,0.0658,0.2922,-0.5342,0.7763,0.8375,1.1509,12.4951,0.0171,5.0134,40.5545
ffc109_Rep1_s6.png,0.2068,0.098,-1.0089,0.5765,0.9234,1.2927,4.0724,0.0111,4.5306,26.9819
ffc109_Rep1_s7.png,0.3147,0.0229,-1.6406,0.4133,0.3875,1.4667,1.9936,0.0674,1.7398,2.0113
ffc109_Rep2_s0.png,0.2394,0.1129,-0.9474,0.4779,0.8494,1.2224,3.5147,0.0083,3.0767,21.007
ffc109_Rep2_s1.png,0.0803,0.2089,-0.68,0.7426,0.9068,1.205,10.1063,0.0084,2.1863,5.9808
ffc109_Rep2_s2.png,0.0296,0.5709,-0.2434,0.8873,0.8979,1.0511,25.4174,0.0186,1.1334,1.8845
ffc109_Rep2_s3.png,0.2323,0.0805,-1.0941,0.488,0.877,1.3385,3.5816,0.016,4.881,30.0029
ffc109_Rep2_s4.png,0.1131,0.0859,-1.066,0.3356,0.9093,1.2703,6.6376,0.0087,1.5077,3.863
ffc109_Rep2_s5.png,0.0657,0.4791,-0.3196,0.8695,0.7368,1.1296,12.9959,0.0074,2.6534,12.3542
ffc109_Rep2_s6.png,0.735,0.8769,-0.057,0.991,0.1321,1.095,1.3047,0.0147,10.8928,177.3564
ffc109_Rep2_s7.png,0.3217,0.0213,-1.6721,0.4332,0.4797,1.4787,1.9407,0.0703,1.7341,1.8832
ffc10_Rep1_s0.png,0.1294,0.1932,-0.714,0.4807,0.9239,1.197,6.2038,0.0166,3.9733,24.2389
ffc10_Rep1_s1.png,0.2515,0.0686,-1.1639,0.3976,0.7105,1.2879,3.2538,0.0097,5.4689,59.5463
ffc10_Rep1_s2.png,0.0601,0.4165,-0.3804,0.8157,0.8154,1.1355,14.0882,0.0175,2.2524,5.995
ffc10_Rep1_s3.png,0.0332,0.1409,-0.8511,0.6009,0.7615,1.2222,19.9391,0.0286,2.5267,7.6642
ffc10_Rep1_s4.png,0.2607,0.0862,-1.0644,0.4475,0.7816,1.269,3.1874,0.0122,4.6081,38.0138
ffc10_Rep1_s5.png,0.0867,0.2065,-0.685,0.767,0.9019,1.2221,9.3905,0.0145,2.8946,10.2226
ffc10_Rep1_s6.png,0.0901,0.2432,-0.6141,0.7705,0.9053,1.1948,9.2594,0.007,2.119,8.4397
ffc10_Rep1_s7.png,0.282,0.0246,-1.6083,0.3966,0.4693,1.4365,2.2082,0.0799,2.0396,3.1366
ffc10_Rep2_s0.png,0.1995,0.0795,-1.0994,0.3832,0.8015,1.2872,3.9672,0.0083,2.5741,12.5645
ffc10_Rep2_s1.png,0.1376,0.095,-1.0221,0.5186,0.9478,1.2722,5.7799,0.0083,3.53,20.8755
ffc10_Rep2_s2.png,0.0529,0.282,-0.5498,0.8039,0.7969,1.1725,15.2023,0.0183,2.5649,8.5064
ffc10_Rep2_s3.png,0.2124,0.1219,-0.914,0.5046,0.9177,1.2694,4.0063,0.0169,4.1625,22.5699
ffc10_Rep2_s4.png,0.2083,0.0665,-1.1771,0.4261,0.8023,1.3024,3.8349,0.0103,3.0368,17.7801
ffc10_Rep2_s5.png,0.2696,0.0812,-1.0905,0.4901,0.8283,1.3028,3.1121,0.0142,3.8758,21.7414
ffc10_Rep2_s6.png,0.0875,0.2014,-0.696,0.8042,0.9056,1.2157,9.4422,0.0076,2.0897,7.078
ffc10_Rep2_s7.png,0.1952,0.0175,-1.7568,0.2818,0.31,1.4292,2.6686,0.0439,4.0489,19.4434
ffc110_Rep1_s0.png,0.1816,0.1482,-0.8292,0.4995,0.914,1.2276,4.6213,0.0153,6.1786,53.645
ffc110_Rep1_s1.png,0.1843,0.0906,-1.0427,0.421,0.892,1.2657,4.4016,0.009,3.6404,21.336
ffc110_Rep1_s2.png,0.3167,0.0978,-1.0099,0.5888,0.8214,1.2852,2.7269,0.0169,6.0844,51.6993
ffc110_Rep1_s3.png,0.0033,0.937,-0.0283,0.9471,0.3483,0.6924,124.605,0.08,0.9534,-0.0452
ffc110_Rep1_s4.png,0.1982,0.113,-0.947,0.639,0.9366,1.2638,4.2685,0.0119,2.2851,9.0033
ffc110_Rep1_s5.png,0.0569,0.4554,-0.3416,0.8754,0.7915,1.1575,14.4131,0.0185,3.2351,11.3595
ffc110_Rep1_s6.png,0.0477,0.3754,-0.4255,0.7607,0.6918,1.1162,16.4025,0.0236,3.3955,16.504
ffc110_Rep1_s7.png,0.3253,0.0195,-1.7089,0.4603,0.1686,1.4928,1.9069,0.0739,2.1141,4.4064
ffc110_Rep2_s0.png,0.2642,0.0984,-1.007,0.4892,0.7842,1.275,3.194,0.0083,3.3158,19.7404
ffc110_Rep2_s1.png,0.2452,0.0666,-1.1768,0.4213,0.7472,1.31,3.3144,0.0073,2.351,9.7625
ffc110_Rep2_s2.png,0.6793,0.6137,-0.212,0.9445,0.4677,1.1274,1.402,0.0127,9.3861,143.5897
ffc110_Rep2_s3.png,0.0527,0.1724,-0.7634,0.7491,0.8513,1.293,13.8427,0.0247,4.8044,30.2464
ffc110_Rep2_s4.png,0.2064,0.1084,-0.9651,0.5573,0.9269,1.2784,4.0808,0.0099,3.3808,27.9036
ffc110_Rep2_s5.png,0.0537,0.4257,-0.3709,0.8503,0.8043,1.1608,15.1047,0.014,2.8878,9.2618
ffc110_Rep2_s6.png,0.1813,0.1223,-0.9126,0.6056,0.9345,1.2497,4.6282,0.0081,2.5683,11.6983
ffc110_Rep2_s7.png,0.2833,0.0237,-1.6249,0.4123,0.2917,1.445,2.1987,0.0612,2.1059,3.8557
ffc111_Rep1_s0.png,0.1589,0.1197,-0.9219,0.484,0.9237,1.2445,5.1338,0.0113,3.2254,14.9549
ffc111_Rep1_s1.png,0.2444,0.0765,-1.1164,0.4112,0.7426,1.2919,3.3716,0.0094,4.9025,48.315
ffc111_Rep1_s2.png,0.069,0.3006,-0.522,0.8297,0.7651,1.2129,12.1175,0.0144,2.6604,10.6353
ffc111_Rep1_s3.png,0.0073,0.2364,-0.6263,0.6429,0.9871,0.9175,66.891,0.0259,0.9426,1.2737
ffc111_Rep1_s4.png,0.2108,0.0758,-1.1205,0.4402,0.808,1.2894,3.8286,0.0092,2.6405,12.8999
ffc111_Rep1_s5.png,0.0632,0.3561,-0.4484,0.8194,0.8245,1.1233,13.1789,0.0164,5.2673,47.7865
ffc111_Rep1_s6.png,0.0692,0.3246,-0.4887,0.862,0.9197,1.1823,11.8837,0.0079,2.0732,6.1936
ffc111_Rep1_s7.png,0.284,0.0241,-1.6184,0.3972,0.5473,1.4403,2.1896,0.0704,1.9421,2.7155
ffc111_Rep2_s0.png,0.2714,0.1131,-0.9466,0.484,0.8343,1.2483,3.148,0.0126,5.6729,53.1638
ffc111_Rep2_s1.png,0.1583,0.0813,-1.0901,0.4793,0.9275,1.2919,5.0707,0.012,5.9462,65.9218
ffc111_Rep2_s2.png,0.0602,0.3909,-0.4079,0.8238,0.8464,1.1479,13.9272,0.0232,1.8441,3.494
ffc111_Rep2_s3.png,0.0459,0.1746,-0.758,0.7149,0.7531,1.2492,15.5829,0.0315,2.3889,6.0869
ffc111_Rep2_s4.png,0.0666,0.5856,-0.2324,0.9018,0.7693,1.1151,12.9277,0.0197,2.6523,10.2264
ffc111_Rep2_s5.png,0.0599,0.4991,-0.3018,0.8666,0.8042,1.0458,14.1905,0.0192,3.3302,14.8009
ffc111_Rep2_s6.png,0.2092,0.0989,-1.0048,0.4371,0.8525,1.2366,3.9394,0.0123,6.2889,77.8628
ffc111_Rep2_s7.png,0.3138,0.0221,-1.6552,0.4354,0.5127,1.4711,1.9741,0.0629,1.9461,2.9886
ffc113_Rep1_s0.png,0.2891,0.1229,-0.9104,0.5258,0.7742,1.2645,2.9847,0.0091,4.5115,34.6901
ffc113_Rep1_s1.png,0.0566,0.3872,-0.4121,0.8279,0.8255,1.1383,14.5129,0.025,1.9182,5.0346
ffc113_Rep1_s2.png,0.365,0.0855,-1.0681,0.6317,0.7378,1.3127,2.3656,0.0187,7.7312,78.0047
ffc113_Rep1_s3.png,0.0771,0.3159,-0.5005,0.7812,0.8931,1.1373,10.9036,0.0258,2.8312,9.2355
ffc113_Rep1_s4.png,0.19,0.0867,-1.0617,0.6163,0.9384,1.3082,4.3526,0.0116,1.952,6.3014
ffc113_Rep1_s5.png,0.0695,0.3715,-0.43,0.828,0.8377,1.1406,11.8959,0.0073,1.9398,5.6119
ffc113_Rep1_s6.png,0.0833,0.2625,-0.5809,0.7741,0.9104,1.1886,9.9024,0.0078,3.6681,39.066
ffc113_Rep1_s7.png,0.3118,0.0208,-1.681,0.4297,0.4345,1.4774,1.9746,0.0673,2.0759,3.6491
ffc113_Rep2_s0.png,0.2972,0.1183,-0.9271,0.5262,0.7446,1.2406,2.9096,0.0101,3.0363,20.7889
ffc113_Rep2_s1.png,0.0714,0.4635,-0.3339,0.8528,0.8441,1.0792,11.945,0.0194,2.2902,6.5749
ffc113_Rep2_s2.png,0.0878,0.1909,-0.7191,0.7174,0.8591,1.2069,9.0925,0.0238,3.7612,20.7902
ffc113_Rep2_s3.png,0.1712,0.0926,-1.0334,0.427,0.933,1.2746,4.7729,0.018,3.7219,17.8393
ffc113_Rep2_s4.png,0.3047,0.1203,-0.9197,0.6086,0.8024,1.2614,2.8662,0.0096,1.961,7.8036
ffc113_Rep2_s5.png,0.1107,0.1299,-0.8864,0.4263,0.8922,1.1976,7.1895,0.0114,2.8092,10.6202
ffc113_Rep2_s6.png,0.2094,0.1138,-0.944,0.4141,0.8413,1.222,3.9187,0.0112,3.2587,18.6421
ffc113_Rep2_s7.png,0.3004,0.0206,-1.6855,0.4205,0.5067,1.4711,2.0293,0.0847,1.9302,2.7305
ffc114_Rep1_s0.png,0.0704,0.5651,-0.2479,0.9077,0.8096,1.1152,12.0393,0.0419,3.813,16.4977
ffc114_Rep1_s1.png,0.0542,0.4456,-0.3511,0.8905,0.8189,1.1493,15.0396,0.0275,2.3091,5.6428
ffc114_Rep1_s2.png,0.074,0.2364,-0.6263,0.7424,0.2566,1.0989,10.4794,0.0499,1.3495,0.9205
ffc114_Rep1_s3.png,0.0421,0.2122,-0.6732,0.59,0.846,1.06,15.8684,0.0689,1.501,1.2931
ffc114_Rep1_s4.png,0.205,0.071,-1.149,0.6264,0.9153,1.2889,3.9189,0.0202,5.2445,39.9796
ffc114_Rep1_s5.png,0.0637,0.3338,-0.4765,0.8304,0.8124,1.1301,12.7723,0.0207,3.7088,15.1981
ffc114_Rep1_s6.png,0.0595,0.4428,-0.3538,0.8734,0.7897,1.166,13.8187,0.0289,2.9078,9.8949
ffc114_Rep1_s7.png,0.305,0.0198,-1.704,0.4467,0.436,1.4864,2.015,0.0868,2.0233,3.3045
ffc114_Rep2_s0.png,0.2492,0.0964,-1.0159,0.4576,0.8366,1.2492,3.3745,0.0135,4.9556,32.2084
ffc114_Rep2_s1.png,0.0721,0.4666,-0.3311,0.8371,0.8134,1.101,11.9523,0.0112,2.6236,10.4375
ffc114_Rep2_s2.png,0.0322,0.1815,-0.7411,0.5929,0.5622,1.0316,19.1886,0.0752,1.621,1.7456
ffc114_Rep2_s3.png,0.2154,0.0749,-1.1254,0.4817,0.842,1.279,3.7862,0.0182,5.0254,33.1523
ffc114_Rep2_s4.png,0.2699,0.0279,-1.5545,0.4965,0.5833,1.4384,2.6311,0.0222,3.5191,20.2721
ffc114_Rep2_s5.png,0.0589,0.5114,-0.2913,0.8885,0.7708,1.1197,14.3091,0.0152,2.7131,8.3335
ffc114_Rep2_s6.png,0.097,0.1993,-0.7006,0.6664,0.9358,1.2387,8.4617,0.0155,4.5888,29.2028
ffc114_Rep2_s7.png,0.3244,0.0188,-1.7248,0.4553,0.4541,1.4951,1.8992,0.0694,1.9481,3.2218
ffc115_Rep1_s0.png,0.0703,0.4543,-0.3427,0.8921,0.8552,1.1431,11.8298,0.0175,3.1973,12.6668
ffc115_Rep1_s1.png,0.0712,0.3696,-0.4322,0.8711,0.9055,1.1774,11.5007,0.023,3.426,14.5787
ffc115_Rep1_s2.png,0.0069,0.7216,-0.1417,0.8856,0.6005,0.8497,81.153,0.0532,0.4565,-0.5405
ffc115_Rep1_s3.png,0.1763,0.1059,-0.975,0.5584,0.935,1.2766,4.6438,0.0126,5.0665,38.4571
ffc115_Rep1_s4.png,0.2686,0.1071,-0.9701,0.5417,0.7991,1.2782,3.1724,0.0112,3.2498,18.8805
ffc115_Rep1_s5.png,0.0546,0.3699,-0.4319,0.8569,0.8439,1.1819,14.7486,0.0236,4.4764,24.7532
ffc115_Rep1_s6.png,0.2332,0.079,-1.1023,0.4444,0.7953,1.2902,3.5353,0.014,4.4168,25.7461
ffc115_Rep1_s7.png,0.2947,0.0208,-1.6816,0.4044,0.4866,1.47,2.0872,0.0686,1.7691,2.3109
ffc115_Rep2_s0.png,0.0834,0.325,-0.4881,0.7965,0.8923,1.185,9.9213,0.034,6.0317,40.2364
ffc115_Rep2_s1.png,0.1839,0.0946,-1.0242,0.4318,0.8645,1.252,4.4555,0.0057,1.7079,7.3936
ffc115_Rep2_s2.png,0.009,0.6337,-0.1981,0.8534,0.6454,0.7554,66.6003,0.0631,0.9521,-0.1008
ffc115_Rep2_s3.png,0.0326,0.2653,-0.5763,0.6136,0.7802,1.0014,20.2486,0.0709,1.4932,1.2373
ffc115_Rep2_s4.png,0.2643,0.0368,-1.434,0.5491,0.4126,1.42,2.8362,0.0219,2.6669,12.8251
ffc115_Rep2_s5.png,0.0707,0.3347,-0.4754,0.8202,0.8414,1.1482,11.5953,0.0063,1.4528,3.6267
ffc115_Rep2_s6.png,0.2654,0.0962,-1.0166,0.4711,0.759,1.264,3.1707,0.0064,2.0531,8.5891
ffc115_Rep2_s7.png,0.3233,0.0199,-1.7016,0.4534,0.3439,1.4881,1.9334,0.0706,1.9972,3.1607
ffc116_Rep1_s0.png,0.1365,0.1247,-0.904,0.483,0.9355,1.2304,5.8829,0.0234,6.7382,54.1677
ffc116_Rep1_s1.png,0.0856,0.2325,-0.6336,0.7381,0.9036,1.2111,9.6026,0.0153,3.1831,13.3202
ffc116_Rep1_s2.png,0.071,0.1916,-0.7175,0.7336,0.3323,1.1302,10.7113,0.0507,1.406,1.2793
ffc116_Rep1_s3.png,0.0028,1.0,0.0,0.9585,0.426,0.8635,133.2979,0.0758,0.3739,-1.308
ffc116_Rep1_s4.png,0.2303,0.0312,-1.5064,0.4668,0.7535,1.4067,2.9436,0.0234,1.9736,5.7033
ffc116_Rep1_s5.png,0.0652,0.3384,-0.4706,0.8258,0.834,1.139,12.4809,0.0143,3.1849,11.6538
ffc116_Rep1_s6.png,0.0426,0.2417,-0.6168,0.6892,0.794,1.2024,17.4754,0.022,3.7563,17.8547
ffc116_Rep1_s7.png,0.318,0.0199,-1.7014,0.4513,0.3764,1.4845,1.958,0.0629,2.0141,3.7186
ffc116_Rep2_s0.png,0.2806,0.0908,-1.042,0.4828,0.7812,1.2941,2.9927,0.0124,4.9054,36.4787
ffc116_Rep2_s1.png,0.1004,0.0967,-1.0146,0.4044,0.94,1.2589,7.399,0.0087,5.1124,46.7962
ffc116_Rep2_s2.png,0.0092,0.8366,-0.0775,0.9361,0.5048,0.7388,67.6673,0.0637,1.3545,0.9871
ffc116_Rep2_s3.png,0.0029,0.9754,-0.0108,0.9495,0.3352,0.8904,132.5648,0.0805,0.4154,-1.2766
ffc116_Rep2_s4.png,0.1195,0.0423,-1.3735,0.4568,0.8968,1.3294,5.3624,0.027,2.5157,8.6224
ffc116_Rep2_s5.png,0.1394,0.1034,-0.9854,0.5227,0.952,1.2842,5.6987,0.0114,11.0451,224.4815
ffc116_Rep2_s6.png,0.2396,0.099,-1.0045,0.4493,0.8177,1.2694,3.4796,0.0141,5.3437,39.8066
ffc116_Rep2_s7.png,0.3284,0.0184,-1.7347,0.4598,0.3933,1.5008,1.8766,0.0581,1.9609,3.3997
ffc117_Rep1_s0.png,0.2957,0.1147,-0.9406,0.5531,0.7969,1.276,2.9213,0.0083,3.899,24.7534
ffc117_Rep1_s1.png,0.2156,0.1205,-0.919,0.4653,0.8823,1.2621,3.9244,0.0061,2.3946,13.0909
ffc117_Rep1_s2.png,0.418,0.1185,-0.9265,0.6785,0.7629,1.2805,2.1304,0.0159,7.5798,78.6313
ffc117_Rep1_s3.png,0.0999,0.0889,-1.0513,0.445,0.9243,1.2607,7.4518,0.0079,2.66,13.0669
ffc117_Rep1_s4.png,0.2113,0.123,-0.91,0.6055,0.9251,1.2772,4.0361,0.0093,2.1631,8.3329
ffc117_Rep1_s5.png,0.0665,0.2969,-0.5273,0.8049,0.8344,1.1473,12.2483,0.0061,1.5567,4.0604
ffc117_Rep1_s6.png,0.0881,0.2308,-0.6368,0.7991,0.8948,1.1992,9.4082,0.0106,3.0572,14.1381
ffc117_Rep1_s7.png,0.2771,0.0222,-1.653,0.3992,0.3683,1.4485,2.2065,0.0862,2.0409,3.2795
ffc117_Rep2_s0.png,0.1173,0.1501,-0.8237,0.4482,0.9321,1.1766,6.7016,0.0193,5.2826,35.5805
ffc117_Rep2_s1.png,0.243,0.0466,-1.3313,0.3993,0.6945,1.3398,3.2509,0.0104,4.6494,35.6635
ffc117_Rep2_s2.png,0.0483,0.2003,-0.6982,0.7121,0.7856,1.2432,14.9898,0.0265,4.7729,30.7456
ffc117_Rep2_s3.png,0.0028,0.9855,-0.0063,0.9628,0.5689,0.4541,133.8423,0.1149,0.8819,-0.7498
ffc117_Rep2_s4.png,0.2461,0.0676,-1.1702,0.4282,0.7709,1.3099,3.3247,0.0129,3.1581,15.1226
ffc117_Rep2_s5.png,0.062,0.343,-0.4647,0.8178,0.8133,1.128,13.1492,0.0118,2.9038,10.1749
ffc117_Rep2_s6.png,0.0379,0.2512,-0.6,0.7203,0.7697,1.1873,19.2893,0.0404,3.2041,10.9119
ffc117_Rep2_s7.png,0.302,0.0206,-1.6861,0.4254,0.5417,1.4771,2.0472,0.0812,2.1159,4.0005
ffc118_Rep1_s0.png,0.2664,0.0884,-1.0535,0.4922,0.7823,1.293,3.1477,0.008,3.3583,19.7757
ffc118_Rep1_s1.png,0.2943,0.1326,-0.8775,0.5482,0.7975,1.2414,2.9431,0.0117,4.1089,25.055
ffc118_Rep1_s2.png,0.0702,0.1805,-0.7436,0.6591,0.7812,1.1806,11.1146,0.0267,4.6452,29.979
ffc118_Rep1_s3.png,0.2115,0.1001,-0.9998,0.4925,0.9047,1.2839,3.9882,0.0176,4.5112,26.445
ffc118_Rep1_s4.png,0.0651,0.3451,-0.462,0.8668,0.8533,1.2323,12.5038,0.0145,3.0743,12.798
ffc118_Rep1_s5.png,0.1344,0.0968,-1.0142,0.4946,0.9192,1.2793,5.7973,0.0108,2.6236,10.0998
ffc118_Rep1_s6.png,0.0592,0.4895,-0.3103,0.8854,0.8594,1.1535,13.911,0.0069,1.8635,6.4517
ffc118_Rep1_s7.png,0.2952,0.0218,-1.6608,0.4016,0.4898,1.4585,2.0703,0.0586,1.8874,2.5939
ffc118_Rep2_s0.png,0.2735,0.095,-1.0223,0.4887,0.7665,1.2952,3.0784,0.0102,3.7903,28.9099
ffc118_Rep2_s1.png,0.2594,0.0693,-1.1595,0.4887,0.7915,1.3083,3.2083,0.0073,2.743,13.5761
ffc118_Rep2_s2.png,0.3247,0.1083,-0.9654,0.5651,0.7635,1.2672,2.6809,0.0097,5.6869,70.5596
ffc118_Rep2_s3.png,0.079,0.0979,-1.009,0.6942,0.9403,1.2819,9.6828,0.0075,1.5175,2.7905
ffc118_Rep2_s4.png,0.1402,0.0828,-1.0819,0.4999,0.9429,1.295,5.5953,0.013,2.9665,13.0239
ffc118_Rep2_s5.png,0.1002,0.1114,-0.953,0.3927,0.8997,1.2018,7.7824,0.0126,2.8335,10.5926
ffc118_Rep2_s6.png,0.0638,0.312,-0.5059,0.864,0.8695,1.2214,12.6799,0.0072,1.9965,7.5311
ffc118_Rep2_s7.png,0.3056,0.0211,-1.6758,0.4176,0.4857,1.469,2.0055,0.0572,1.8741,2.5671
ffc11_Rep1_s0.png,0.2461,0.0715,-1.1457,0.4741,0.8155,1.3198,3.3515,0.0138,5.8619,47.1196
ffc11_Rep1_s1.png,0.2329,0.0933,-1.0301,0.4375,0.8057,1.2604,3.5416,0.0138,4.5092,29.2235
ffc11_Rep1_s2.png,0.0785,0.2395,-0.6207,0.8154,0.879,1.1926,10.205,0.0212,3.7426,18.5796
ffc11_Rep1_s3.png,0.1879,0.0749,-1.1253,0.3907,0.8692,1.2608,4.1862,0.0109,3.9266,23.1055
ffc11_Rep1_s4.png,0.3016,0.0483,-1.3156,0.6297,0.8108,1.3851,2.6639,0.0204,2.8321,12.8416
ffc11_Rep1_s5.png,0.0769,0.394,-0.4045,0.8852,0.8952,1.1758,10.8468,0.0103,2.4711,9.8852
ffc11_Rep1_s6.png,0.1182,0.1843,-0.7344,0.5191,0.9374,1.1823,6.87,0.0172,3.663,16.1398
ffc11_Rep1_s7.png,0.3246,0.0169,-1.773,0.4499,0.2198,1.5105,1.8556,0.0457,1.9303,3.6881
ffc11_Rep2_s0.png,0.2629,0.1014,-0.9939,0.5174,0.8214,1.2806,3.2343,0.0126,4.6786,30.1749
ffc11_Rep2_s1.png,0.0556,0.413,-0.3841,0.8711,0.8459,1.1689,14.5992,0.0263,3.0757,12.1029
ffc11_Rep2_s2.png,0.0054,0.9488,-0.0228,0.9616,0.5119,0.6269,97.0111,0.0496,0.5003,0.2685
ffc11_Rep2_s3.png,0.0033,0.9631,-0.0163,0.9522,0.6422,0.4679,123.0403,0.112,0.4848,-1.3798
ffc11_Rep2_s4.png,0.2658,0.0346,-1.4606,0.5062,0.8353,1.4108,2.8583,0.0188,4.1953,30.1519
ffc11_Rep2_s5.png,0.2189,0.2043,-0.6897,0.6899,0.6375,1.1597,4.0214,0.0098,5.8163,90.8982
ffc11_Rep2_s6.png,0.1441,0.1163,-0.9345,0.5522,0.9459,1.265,5.5864,0.0096,3.7362,24.001
ffc11_Rep2_s7.png,0.3053,0.0234,-1.6312,0.4364,0.3589,1.4621,2.0849,0.0652,1.9374,2.9922
ffc120_Rep1_s0.png,0.2927,0.0795,-1.0995,0.4915,0.7704,1.3093,2.8793,0.0091,4.4336,35.0876
ffc120_Rep1_s1.png,0.0739,0.3809,-0.4192,0.8505,0.8634,1.1423,11.4819,0.0089,2.5572,10.5995
ffc120_Rep1_s2.png,0.0742,0.3597,-0.4441,0.864,0.7765,1.1441,11.2534,0.0219,5.4648,44.367
ffc120_Rep1_s3.png,0.0031,0.973,-0.0119,0.9535,0.3973,0.9079,127.8657,0.0776,0.2377,-1.5591
ffc120_Rep1_s4.png,0.2254,0.0727,-1.1382,0.4837,0.8334,1.2905,3.6291,0.0215,5.2619,40.3622
ffc120_Rep1_s5.png,0.0677,0.3193,-0.4958,0.7855,0.8615,1.1498,12.2357,0.0227,3.9629,21.5276
ffc120_Rep1_s6.png,0.0514,0.2915,-0.5354,0.7852,0.7713,1.1799,15.6873,0.0114,2.165,7.0159
ffc120_Rep1_s7.png,0.334,0.0201,-1.6963,0.4645,0.3939,1.4905,1.8819,0.0554,2.0231,3.8245
ffc120_Rep2_s0.png,0.0825,0.347,-0.4597,0.8549,0.8419,1.1634,10.2165,0.033,5.346,32.1923
ffc120_Rep2_s1.png,0.0743,0.4012,-0.3967,0.8669,0.8552,1.1321,11.4957,0.0096,2.4752,9.0273
ffc120_Rep2_s2.png,0.4123,0.1147,-0.9406,0.6819,0.7747,1.2876,2.1584,0.0151,6.747,64.1251
ffc120_Rep2_s3.png,0.0029,1.0,0.0,0.974,0.4122,0.8965,132.8319,0.0797,0.3404,-1.4341
ffc120_Rep2_s4.png,0.1999,0.119,-0.9244,0.6336,0.9308,1.2651,4.2379,0.0134,4.1629,36.0411
ffc120_Rep2_s5.png,0.0604,0.5851,-0.2328,0.9128,0.7989,1.0873,14.112,0.0127,4.4678,39.1974
ffc120_Rep2_s6.png,0.0573,0.299,-0.5243,0.809,0.8001,1.1964,14.3614,0.0124,2.3855,8.0268
ffc120_Rep2_s7.png,0.339,0.02,-1.698,0.4632,0.3466,1.4878,1.863,0.0537,2.0508,4.0106
ffc121_Rep1_s0.png,0.1406,0.1153,-0.9383,0.4998,0.9451,1.2783,5.6946,0.0272,6.3495,47.0059
ffc121_Rep1_s1.png,0.1397,0.0665,-1.1774,0.3817,0.9235,1.304,5.388,0.0073,1.589,3.3503
ffc121_Rep1_s2.png,0.0067,0.6516,-0.186,0.8371,0.5885,0.7206,80.8063,0.0788,0.4851,-0.8257
ffc121_Rep1_s3.png,0.0027,1.0,0.0,0.9727,0.3999,0.8571,135.3742,0.078,0.3138,-1.3834
ffc121_Rep1_s4.png,0.2363,0.0276,-1.5584,0.4671,0.7098,1.4249,2.8218,0.0254,2.1451,6.7299
ffc121_Rep1_s5.png,0.0641,0.5587,-0.2528,0.8986,0.799,1.1135,13.3093,0.0077,3.1179,25.5091
ffc121_Rep1_s6.png,0.0521,0.274,-0.5622,0.8103,0.7771,1.1815,15.5754,0.0135,2.3541,7.3139
ffc121_Rep1_s7.png,0.3225,0.0178,-1.7506,0.4568,0.4559,1.5064,1.9015,0.0636,1.9012,3.3084
ffc121_Rep2_s0.png,0.073,0.3511,-0.4545,0.8563,0.843,1.1476,11.3738,0.0355,4.7485,25.1533
ffc121_Rep2_s1.png,0.1115,0.0974,-1.0113,0.4392,0.9364,1.2709,6.8014,0.0114,3.6543,20.5206
ffc121_Rep2_s2.png,0.0744,0.2428,-0.6148,0.7412,0.3187,1.0991,10.4283,0.055,1.3739,0.89
ffc121_Rep2_s3.png,0.0059,0.1597,-0.7968,0.5845,0.9945,0.9872,45.195,0.0335,0.7276,0.4334
ffc121_Rep2_s4.png,0.1983,0.1083,-0.9655,0.6378,0.9376,1.2826,4.2226,0.0124,2.336,10.7371
ffc121_Rep2_s5.png,0.0512,0.3684,-0.4337,0.8287,0.7525,1.1723,15.5181,0.0208,2.8829,8.3184
ffc121_Rep2_s6.png,0.052,0.4577,-0.3394,0.8775,0.7458,1.1351,15.5628,0.0329,2.7651,8.5555
ffc121_Rep2_s7.png,0.3447,0.0208,-1.6818,0.4834,0.2131,1.4889,1.8612,0.0614,2.1759,4.3201
ffc122_Rep1_s0.png,0.0786,0.2933,-0.5327,0.8277,0.8472,1.1899,10.5599,0.032,4.9443,27.8005
ffc122_Rep1_s1.png,0.0425,0.1399,-0.8542,0.6644,0.7597,1.2844,16.1417,0.0151,2.2046,5.3748
ffc122_Rep1_s2.png,0.0137,0.6011,-0.2211,0.9239,0.9154,1.0394,46.1028,0.028,2.5764,7.4971
ffc122_Rep1_s3.png,0.005,0.1432,-0.8441,0.5497,0.9951,0.9744,45.7276,0.0381,0.6867,0.5767
ffc122_Rep1_s4.png,0.1887,0.1025,-0.9893,0.5297,0.9303,1.2896,4.3974,0.0137,4.3214,27.117
ffc122_Rep1_s5.png,0.0648,0.3722,-0.4292,0.803,0.7946,1.1185,12.6011,0.0142,3.0029,11.7879
ffc122_Rep1_s6.png,0.0568,0.4988,-0.3021,0.8908,0.7144,1.104,14.446,0.0282,3.072,11.2404
ffc122_Rep1_s7.png,0.1595,0.0166,-1.781,0.2267,0.6386,1.4108,3.2445,0.0492,3.8361,16.4994
ffc122_Rep2_s0.png,0.0746,0.2876,-0.5412,0.8056,0.8174,1.1735,11.0894,0.0279,3.8962,17.5838
ffc122_Rep2_s1.png,0.0679,0.5549,-0.2558,0.9185,0.8499,1.1652,12.3751,0.0198,2.872,10.1209
ffc122_Rep2_s2.png,0.0509,0.2418,-0.6166,0.7357,0.6975,1.2282,14.948,0.0289,3.8959,18.0867
ffc122_Rep2_s3.png,0.04,0.1468,-0.8333,0.6462,0.8125,1.2651,16.5441,0.0264,2.7019,7.9881
ffc122_Rep2_s4.png,0.0986,0.1254,-0.9018,0.7004,0.921,1.2818,8.0733,0.011,3.6524,20.5825
ffc122_Rep2_s5.png,0.0585,0.5749,-0.2404,0.9124,0.7832,1.1404,14.2133,0.0146,3.2456,12.716
ffc122_Rep2_s6.png,0.7225,0.6753,-0.1705,0.9726,0.1428,1.1165,1.324,0.0153,9.3454,135.7348
ffc122_Rep2_s7.png,0.2833,0.0199,-1.7007,0.3851,0.3621,1.4673,2.1044,0.0633,1.6436,1.7751
ffc123_Rep1_s0.png,0.0726,0.4084,-0.3889,0.8683,0.8514,1.163,11.5377,0.0235,3.3322,12.406
ffc123_Rep1_s1.png,0.0697,0.4166,-0.3802,0.875,0.8596,1.1688,12.1894,0.0082,2.2268,8.141
ffc123_Rep1_s2.png,0.078,0.3359,-0.4737,0.8267,0.857,1.1763,10.77,0.0082,1.8946,8.4295
ffc123_Rep1_s3.png,0.2547,0.1153,-0.9383,0.4679,0.8173,1.2467,3.3496,0.0102,4.2035,32.6408
ffc123_Rep1_s4.png,0.2614,0.0363,-1.4406,0.5597,0.4472,1.3798,2.8595,0.0168,3.7597,23.2659
ffc123_Rep1_s5.png,0.0625,0.5781,-0.238,0.9142,0.7927,1.095,13.7222,0.0093,7.7048,113.2374
ffc123_Rep1_s6.png,0.0781,0.2454,-0.6101,0.7288,0.9117,1.196,10.4403,0.0116,6.504,95.2496
ffc123_Rep1_s7.png,0.3454,0.0183,-1.7375,0.4854,0.3961,1.5122,1.816,0.0583,1.9102,3.3682
ffc123_Rep2_s0.png,0.0641,0.5189,-0.2849,0.9005,0.8064,1.1052,13.4266,0.0234,4.0958,20.8809
ffc123_Rep2_s1.png,0.1162,0.0816,-1.0883,0.4041,0.9484,1.27,6.4739,0.0127,5.0428,45.2709
ffc123_Rep2_s2.png,0.0753,0.3397,-0.4689,0.8373,0.8406,1.1729,11.1253,0.0085,1.5656,4.9293
ffc123_Rep2_s3.png,0.273,0.1176,-0.9297,0.5027,0.8162,1.249,3.1682,0.0111,4.2472,30.725
ffc123_Rep2_s4.png,0.2299,0.0386,-1.4131,0.4178,0.7728,1.3625,3.2981,0.0177,3.7349,21.2408
ffc123_Rep2_s5.png,0.0598,0.5459,-0.2629,0.9036,0.7928,1.085,14.1863,0.0113,3.8064,29.1826
ffc123_Rep2_s6.png,0.0579,0.5743,-0.2408,0.9074,0.806,1.0924,14.8175,0.0237,3.4137,14.6533
ffc123_Rep2_s7.png,0.3272,0.021,-1.6768,0.4622,0.4299,1.4813,1.9375,0.0677,2.1393,4.4904
ffc124_Rep1_s0.png,0.0671,0.469,-0.3288,0.889,0.7644,1.1611,12.6973,0.036,3.7196,15.5216
ffc124_Rep1_s1.png,0.093,0.1901,-0.7209,0.6818,0.8943,1.2395,8.8714,0.011,3.2475,17.3621
ffc124_Rep1_s2.png,0.03,0.223,-0.6517,0.5978,0.4851,0.9968,21.5268,0.0769,1.8958,2.8888
ffc124_Rep1_s3.png,0.0332,0.161,-0.7931,0.4706,0.9285,1.0427,17.6228,0.0733,1.3107,0.8648
ffc124_Rep1_s4.png,0.2999,0.0314,-1.5026,0.5583,0.4897,1.4321,2.5127,0.0175,3.3106,18.219
ffc124_Rep1_s5.png,0.0565,0.3537,-0.4514,0.8282,0.8094,1.1929,14.2005,0.0262,3.6538,14.2047
ffc124_Rep1_s6.png,0.0517,0.2872,-0.5418,0.7869,0.7924,1.2056,15.1105,0.0283,3.8172,16.6495
ffc124_Rep1_s7.png,0.287,0.0221,-1.6552,0.4085,0.3153,1.4532,2.1477,0.0796,2.0072,3.1443
ffc124_Rep2_s0.png,0.0706,0.1495,-0.8254,0.6459,0.9407,1.276,10.8521,0.0108,3.4935,17.4861
ffc124_Rep2_s1.png,0.0992,0.2242,-0.6494,0.7674,0.8998,1.1911,8.5068,0.0098,2.9766,14.115
ffc124_Rep2_s2.png,0.0737,0.2074,-0.6833,0.7176,0.2831,1.1159,10.2743,0.054,1.3207,0.7308
ffc124_Rep2_s3.png,0.0823,0.2744,-0.5616,0.795,0.8545,1.199,10.3509,0.0227,3.3531,12.4116
ffc124_Rep2_s4.png,0.2448,0.0386,-1.4134,0.5827,0.6749,1.391,2.9345,0.0246,2.1881,5.4426
ffc124_Rep2_s5.png,0.064,0.2779,-0.5561,0.7913,0.8395,1.222,12.773,0.034,3.8169,16.5272
ffc124_Rep2_s6.png,0.0638,0.2594,-0.586,0.8216,0.8943,1.1361,12.6748,0.0096,2.8351,11.8862
ffc124_Rep2_s7.png,0.3302,0.0196,-1.7077,0.4658,0.4225,1.4902,1.8881,0.0596,1.9995,3.565
ffc125_Rep1_s0.png,0.083,0.4933,-0.3069,0.885,0.8686,1.1106,10.4704,0.0218,5.3284,38.3395
ffc125_Rep1_s1.png,0.1357,0.1012,-0.995,0.3901,0.9167,1.2352,5.7925,0.0077,2.3058,8.3461
ffc125_Rep1_s2.png,0.0804,0.2838,-0.547,0.815,0.8658,1.2104,10.4197,0.0106,3.8284,40.884
ffc125_Rep1_s3.png,0.2423,0.1034,-0.9854,0.4413,0.7969,1.2473,3.4979,0.0084,2.68,12.9998
ffc125_Rep1_s4.png,0.1931,0.0949,-1.0229,0.5394,0.9192,1.2968,4.3129,0.0169,3.7239,19.415
ffc125_Rep1_s5.png,0.0661,0.5259,-0.2791,0.8765,0.7985,1.1432,12.9057,0.0074,9.2552,192.261
ffc125_Rep1_s6.png,0.1675,0.1641,-0.7848,0.4909,0.9233,1.2093,5.0304,0.0091,5.7268,97.292
ffc125_Rep1_s7.png,0.3395,0.0196,-1.7087,0.478,0.3629,1.5058,1.8567,0.0523,1.8711,3.1132
ffc125_Rep2_s0.png,0.2744,0.1003,-0.9989,0.4988,0.7751,1.2792,3.0987,0.0084,3.9726,31.2785
ffc125_Rep2_s1.png,0.1031,0.0816,-1.0885,0.404,0.9195,1.2576,7.3348,0.0127,3.5691,20.0141
ffc125_Rep2_s2.png,0.0687,0.2536,-0.5958,0.8076,0.7892,1.2511,11.9257,0.0192,4.0883,24.365
ffc125_Rep2_s3.png,0.0022,1.0,0.0,0.96,0.384,0.8344,145.9605,0.0612,0.2157,-0.9851
ffc125_Rep2_s4.png,0.2265,0.0455,-1.3418,0.4288,0.8106,1.3533,3.426,0.0157,4.0557,24.1916
ffc125_Rep2_s5.png,0.0684,0.4161,-0.3808,0.7996,0.8599,1.1079,12.269,0.0209,3.7688,19.214
ffc125_Rep2_s6.png,0.0024,1.0,0.0,0.9627,0.5395,0.3904,141.953,0.1174,0.9138,-0.7293
ffc125_Rep2_s7.png,0.34,0.0184,-1.7345,0.4766,0.4149,1.5051,1.8313,0.0632,2.0072,3.6269
ffc127_Rep1_s0.png,0.0783,0.3616,-0.4417,0.8487,0.8099,1.1228,10.8467,0.032,3.9013,17.2855
ffc127_Rep1_s1.png,0.2361,0.0512,-1.2907,0.3577,0.6112,1.3103,3.2036,0.0097,4.1583,26.4696
ffc127_Rep1_s2.png,0.0083,0.8628,-0.0641,0.9396,0.2799,0.711,72.5353,0.0739,1.0128,-0.2549
ffc127_Rep1_s3.png,0.0722,0.3578,-0.4463,0.8444,0.8901,1.1305,11.7043,0.0236,2.5962,7.8067
ffc127_Rep1_s4.png,0.2672,0.0307,-1.5132,0.5296,0.5286,1.4358,2.7002,0.0204,2.6814,12.8561
ffc127_Rep1_s5.png,0.1389,0.1232,-0.9092,0.5456,0.9538,1.2642,5.7933,0.0082,11.0387,268.1537
ffc127_Rep1_s6.png,0.2838,0.0457,-1.3397,0.3999,0.5802,1.3668,2.8125,0.0128,4.6258,38.1847
ffc127_Rep1_s7.png,0.3136,0.0208,-1.6825,0.4451,0.3381,1.4788,1.9916,0.0595,1.9447,3.2197
ffc127_Rep2_s0.png,0.2766,0.112,-0.9506,0.503,0.7732,1.2585,3.0911,0.0107,4.6777,32.5317
ffc127_Rep2_s1.png,0.0786,0.4441,-0.3525,0.8524,0.8687,1.1342,10.8895,0.0089,2.4749,9.5507
ffc127_Rep2_s2.png,0.0089,0.9459,-0.0242,0.9717,0.3039,0.692,69.6362,0.0627,0.7681,-0.785
ffc127_Rep2_s3.png,0.1736,0.097,-1.0131,0.4835,0.9247,1.3087,4.7113,0.0121,3.8627,23.3991
ffc127_Rep2_s4.png,0.2427,0.0313,-1.5049,0.4723,0.5354,1.4077,2.9727,0.0216,3.6789,21.4094
ffc127_Rep2_s5.png,0.0611,0.5659,-0.2472,0.9049,0.7946,1.0957,13.8589,0.0123,2.8129,9.8698
ffc127_Rep2_s6.png,0.0409,0.1914,-0.7181,0.7073,0.7083,1.1967,18.176,0.0172,3.2238,13.9871
ffc127_Rep2_s7.png,0.3398,0.0185,-1.7329,0.4751,0.4097,1.5073,1.8329,0.0621,2.0916,3.9314
ffc128_Rep1_s0.png,0.1311,0.1392,-0.8564,0.4575,0.9247,1.233,6.048,0.0235,3.7554,17.2158
ffc128_Rep1_s1.png,0.0924,0.1627,-0.7885,0.7018,0.8945,1.2139,8.7807,0.0121,5.9776,60.28
ffc128_Rep1_s2.png,0.0561,0.2233,-0.6511,0.7176,0.8095,1.2115,13.5087,0.0279,5.4229,38.372
ffc128_Rep1_s3.png,0.0452,0.1686,-0.7731,0.7216,0.8339,1.2657,15.6119,0.0224,2.8651,9.5274
ffc128_Rep1_s4.png,0.1911,0.1059,-0.9753,0.5449,0.9307,1.2786,4.3477,0.0137,4.3527,28.1503
ffc128_Rep1_s5.png,0.062,0.4959,-0.3046,0.8826,0.7884,1.1125,13.3804,0.0119,2.9207,10.985
ffc128_Rep1_s6.png,0.0617,0.1951,-0.7098,0.7432,0.7646,1.1877,12.6276,0.0116,3.1777,15.803
ffc128_Rep1_s7.png,0.1877,0.0293,-1.5328,0.429,0.6402,1.4045,3.2237,0.0711,1.5289,1.2302
ffc128_Rep2_s0.png,0.1439,0.1401,-0.8536,0.4561,0.9233,1.2119,5.5919,0.0177,4.3766,28.2206
ffc128_Rep2_s1.png,0.0712,0.1343,-0.872,0.6828,0.8877,1.2621,10.9322,0.0118,4.3902,32.6394
ffc128_Rep2_s2.png,0.0131,0.541,-0.2668,0.8532,0.9252,1.0669,46.9566,0.0357,2.3331,8.0876
ffc128_Rep2_s3.png,0.0512,0.2165,-0.6645,0.8051,0.8384,1.2551,14.6971,0.0195,2.8552,9.3485
ffc128_Rep2_s4.png,0.0965,0.1328,-0.8769,0.713,0.9183,1.274,8.274,0.0108,3.6355,20.9386
ffc128_Rep2_s5.png,0.0554,0.5132,-0.2897,0.8871,0.7481,1.1377,14.8268,0.0106,2.6712,9.6158
ffc128_Rep2_s6.png,0.6967,0.5293,-0.2763,0.9467,0.2528,1.155,1.3671,0.0178,7.0521,71.4343
ffc128_Rep2_s7.png,0.3325,0.018,-1.7454,0.4578,0.3076,1.5073,1.8476,0.0524,1.9714,3.3911
ffc129_Rep1_s0.png,0.3025,0.0907,-1.0422,0.5087,0.7781,1.3081,2.8058,0.0106,4.4297,30.0239
ffc129_Rep1_s1.png,0.0769,0.3092,-0.5098,0.8066,0.8696,1.1937,10.984,0.007,1.7233,5.3122
ffc129_Rep1_s2.png,0.3529,0.1028,-0.9881,0.6316,0.7904,1.2952,2.4815,0.0182,8.7586,100.0199
ffc129_Rep1_s3.png,0.0027,0.8496,-0.0708,0.9323,0.7827,0.4541,130.3842,0.0853,0.546,-0.5575
ffc129_Rep1_s4.png,0.1848,0.0354,-1.4514,0.4431,0.8349,1.3619,3.7626,0.0241,2.8998,13.3567
ffc129_Rep1_s5.png,0.0598,0.5609,-0.2512,0.9038,0.7826,1.1013,14.1683,0.0157,2.9701,10.4406
ffc129_Rep1_s6.png,0.0051,0.3511,-0.4546,0.695,0.9701,0.9072,69.423,0.027,0.5772,-0.1481
ffc129_Rep1_s7.png,0.2965,0.0233,-1.6319,0.4392,0.4226,1.4591,2.1272,0.0632,1.8978,2.7495
ffc129_Rep2_s0.png,0.0773,0.4638,-0.3336,0.875,0.8536,1.1438,10.9455,0.0288,4.3077,23.3931
ffc129_Rep2_s1.png,0.1107,0.0826,-1.0829,0.3872,0.9376,1.2658,6.6112,0.0108,4.3886,33.6626
ffc129_Rep2_s2.png,0.0077,0.8241,-0.084,0.9284,0.5282,0.6802,76.2557,0.0645,1.0112,0.3906
ffc129_Rep2_s3.png,0.0029,1.0,0.0,0.9689,0.3778,0.8769,132.9125,0.0779,0.2821,-1.4622
ffc129_Rep2_s4.png,0.3262,0.0195,-1.711,0.5229,0.5316,1.5065,2.0407,0.0246,2.2003,8.1318
ffc129_Rep2_s5.png,0.0631,0.5656,-0.2475,0.9104,0.7906,1.1099,13.5774,0.0089,7.3623,112.9736
ffc129_Rep2_s6.png,0.1138,0.0665,-1.1769,0.4173,0.9411,1.3069,6.4619,0.014,3.7755,23.2452
ffc129_Rep2_s7.png,0.3133,0.0206,-1.6862,0.4449,0.4179,1.4768,1.9829,0.0656,2.0095,3.3055
ffc12_Rep1_s0.png,0.1635,0.1416,-0.849,0.6008,0.9265,1.2369,5.153,0.0268,5.8817,40.1677
ffc12_Rep1_s1.png,0.0627,0.1252,-0.9026,0.7256,0.876,1.2883,12.208,0.0127,2.9679,11.238
ffc12_Rep1_s2.png,0.0604,0.2096,-0.6787,0.6866,0.4637,1.0957,12.2178,0.049,1.2983,0.953
ffc12_Rep1_s3.png,0.2308,0.0482,-1.3166,0.4115,0.8338,1.3548,3.3968,0.0146,5.1954,36.7113
ffc12_Rep1_s4.png,0.1471,0.0762,-1.118,0.4124,0.9114,1.306,5.3185,0.014,3.5574,18.1068
ffc12_Rep1_s5.png,0.0618,0.3345,-0.4757,0.7559,0.8185,1.1148,13.0607,0.0111,2.4105,8.3653
ffc12_Rep1_s6.png,0.0627,0.1631,-0.7874,0.6983,0.9352,1.2055,12.2637,0.0105,2.1051,5.7111
ffc12_Rep1_s7.png,0.2411,0.0189,-1.7231,0.3721,0.5371,1.4597,2.3605,0.0792,2.2506,4.7717
ffc12_Rep2_s0.png,0.0638,0.5049,-0.2968,0.8909,0.8168,1.1607,13.1833,0.0393,3.9262,17.3264
ffc12_Rep2_s1.png,0.0944,0.145,-0.8385,0.6627,0.8966,1.2103,8.6094,0.0105,3.0214,13.0938
ffc12_Rep2_s2.png,0.2704,0.0741,-1.13,0.5813,0.8595,1.3053,3.0699,0.0334,5.9733,40.6904
ffc12_Rep2_s3.png,0.228,0.0446,-1.3504,0.4083,0.812,1.3633,3.4025,0.017,6.7118,69.3865
ffc12_Rep2_s4.png,0.1305,0.0644,-1.1912,0.3988,0.9191,1.3474,5.7887,0.0148,4.0641,25.3147
ffc12_Rep2_s5.png,0.0553,0.4359,-0.3606,0.8624,0.7941,1.1525,14.7174,0.012,2.7079,9.4579
ffc12_Rep2_s6.png,0.04,0.237,-0.6253,0.7421,0.7756,1.1916,18.2789,0.0342,2.9873,9.713
ffc12_Rep2_s7.png,0.2695,0.0197,-1.7064,0.4055,0.2307,1.4753,2.1726,0.0832,2.0388,3.597
ffc130_Rep1_s0.png,0.2686,0.1222,-0.9131,0.5077,0.8076,1.2608,3.1812,0.0115,4.93,34.84
ffc130_Rep1_s1.png,0.0733,0.1846,-0.7338,0.7493,0.9196,1.2107,10.8758,0.0069,2.2845,9.4612
ffc130_Rep1_s2.png,0.0508,0.2143,-0.669,0.7591,0.7022,1.2109,15.005,0.0224,4.0699,23.4339
ffc130_Rep1_s3.png,0.0742,0.3954,-0.403,0.851,0.8902,1.1081,11.4828,0.0252,2.8174,9.6845
ffc130_Rep1_s4.png,0.2129,0.0326,-1.4872,0.4656,0.4324,1.4067,3.2932,0.0235,2.9664,15.2677
ffc130_Rep1_s5.png,0.0867,0.1653,-0.7817,0.731,0.9265,1.2363,9.1299,0.0093,1.9047,4.7045
ffc130_Rep1_s6.png,0.0617,0.258,-0.5884,0.773,0.8586,1.2214,12.856,0.019,2.2611,7.1865
ffc130_Rep1_s7.png,0.3085,0.0217,-1.6641,0.4366,0.4168,1.4698,2.0133,0.0618,2.0323,3.5414
ffc130_Rep2_s0.png,0.2957,0.0993,-1.0031,0.5079,0.7775,1.2853,2.8803,0.0103,5.0742,41.979
ffc130_Rep2_s1.png,0.1344,0.0801,-1.0964,0.4467,0.9272,1.2859,5.6941,0.0104,4.5932,36.8425
ffc130_Rep2_s2.png,0.0784,0.1954,-0.709,0.734,0.734,1.1898,10.2288,0.0308,4.6075,25.1658
ffc130_Rep2_s3.png,0.0694,0.2968,-0.5275,0.8262,0.886,1.1699,12.0134,0.0255,2.4459,6.5048
ffc130_Rep2_s4.png,0.209,0.0322,-1.4916,0.4847,0.8424,1.3876,3.3038,0.0197,3.5533,18.9112
ffc130_Rep2_s5.png,0.1747,0.0758,-1.1202,0.3168,0.8826,1.2603,4.5044,0.014,3.1494,13.543
ffc130_Rep2_s6.png,0.0834,0.263,-0.58,0.8001,0.9041,1.1791,9.8926,0.0074,2.3995,14.2488
ffc130_Rep2_s7.png,0.331,0.0205,-1.6876,0.4634,0.3789,1.4834,1.8969,0.0671,2.1149,3.9315
ffc131_Rep1_s0.png,0.202,0.093,-1.0314,0.3757,0.7993,1.2261,3.9529,0.0059,1.6012,5.4073
ffc131_Rep1_s1.png,0.127,0.0658,-1.1817,0.4147,0.9194,1.3006,5.885,0.0116,3.7578,19.6145
ffc131_Rep1_s2.png,0.0442,0.1559,-0.8073,0.6831,0.6909,1.272,15.8736,0.0195,5.0178,43.5132
ffc131_Rep1_s3.png,0.0501,0.1715,-0.7657,0.7425,0.7885,1.261,14.5263,0.0253,4.1098,21.8075
ffc131_Rep1_s4.png,0.0025,1.0,0.0,0.9543,0.3366,0.4207,138.651,0.0921,0.7036,-1.035
ffc131_Rep1_s5.png,0.0644,0.5052,-0.2965,0.8566,0.7952,1.1345,13.2032,0.0154,2.6292,8.436
ffc131_Rep1_s6.png,0.1482,0.1442,-0.841,0.5007,0.9494,1.2274,5.5326,0.0155,4.1297,25.2415
ffc131_Rep1_s7.png,0.3282,0.0217,-1.6634,0.4412,0.4293,1.4789,1.9008,0.0686,1.8013,2.2342
ffc131_Rep2_s0.png,0.2288,0.0947,-1.0237,0.4193,0.7911,1.2397,3.5954,0.0071,1.5472,5.1825
ffc131_Rep2_s1.png,0.2381,0.0787,-1.1038,0.4192,0.7744,1.2746,3.4684,0.0105,6.6428,74.8831
ffc131_Rep2_s2.png,0.0643,0.224,-0.6498,0.7734,0.8255,1.2055,12.3465,0.0187,2.5993,9.7852
ffc131_Rep2_s3.png,0.0692,0.2973,-0.5268,0.8425,0.8397,1.2326,11.9206,0.019,2.969,11.0689
ffc131_Rep2_s4.png,0.2182,0.0618,-1.2087,0.4414,0.8225,1.2955,3.661,0.0105,1.6188,4.0394
ffc131_Rep2_s5.png,0.0685,0.5366,-0.2703,0.8821,0.8067,1.1158,12.4838,0.0154,4.2791,28.6685
ffc131_Rep2_s6.png,0.7287,0.7871,-0.104,0.9802,0.1472,1.102,1.3151,0.0164,10.1758,145.3921
ffc131_Rep2_s7.png,0.2953,0.0226,-1.6457,0.3971,0.4083,1.4575,2.0684,0.0662,1.9282,2.8913
ffc134_Rep1_s0.png,0.1993,0.1246,-0.9045,0.5587,0.9168,1.2436,4.2386,0.0126,4.2571,33.2168
ffc134_Rep1_s1.png,0.0715,0.4872,-0.3123,0.9113,0.8706,1.0754,11.8298,0.0208,2.0452,5.6714
ffc134_Rep1_s2.png,0.014,0.4181,-0.3787,0.7809,0.9244,1.1114,43.3084,0.0329,2.4076,6.3019
ffc134_Rep1_s3.png,0.0587,0.4046,-0.3929,0.838,0.7982,1.0885,14.1911,0.0258,3.4977,14.9281
ffc134_Rep1_s4.png,0.1395,0.0591,-1.2281,0.3463,0.9042,1.3253,5.3708,0.0127,3.9082,27.5783
ffc134_Rep1_s5.png,0.2215,0.0685,-1.1646,0.4141,0.8356,1.2949,3.6508,0.0072,1.6851,4.8114
ffc134_Rep1_s6.png,0.739,0.7387,-0.1315,0.9819,0.1619,1.1157,1.2951,0.0181,9.3372,135.5965
ffc134_Rep1_s7.png,0.1729,0.014,-1.855,0.2455,0.5894,1.4444,2.782,0.0357,4.9104,28.5163
ffc134_Rep2_s0.png,0.2973,0.0797,-1.0983,0.5514,0.7977,1.3081,2.8507,0.011,6.2916,73.7741
ffc134_Rep2_s1.png,0.078,0.375,-0.426,0.8662,0.8784,1.1514,10.687,0.0197,2.8371,9.4775
ffc134_Rep2_s2.png,0.0524,0.1982,-0.7028,0.6897,0.7396,1.1961,13.8679,0.0318,4.4408,24.8043
ffc134_Rep2_s3.png,0.2185,0.0785,-1.105,0.4259,0.8784,1.2712,3.7005,0.0103,4.877,34.5141
ffc134_Rep2_s4.png,0.2292,0.0461,-1.3363,0.4077,0.7532,1.3515,3.3979,0.0155,4.9005,35.8227
ffc134_Rep2_s5.png,0.0557,0.2862,-0.5434,0.7657,0.7789,1.1332,14.2059,0.0184,2.8316,8.6022
ffc134_Rep2_s6.png,0.0304,0.1821,-0.7398,0.5385,0.7302,1.165,21.2301,0.0123,1.079,1.2629
ffc134_Rep2_s7.png,0.1843,0.0144,-1.8417,0.2564,0.6058,1.4419,2.6901,0.0311,5.2337,33.0933
ffc136_Rep1_s0.png,0.0688,0.3451,-0.4621,0.8542,0.7963,1.2167,12.209,0.03,4.0359,18.8384
ffc136_Rep1_s1.png,0.0788,0.1555,-0.8083,0.702,0.9008,1.2651,10.1119,0.0105,3.5625,21.2051
ffc136_Rep1_s2.png,0.0169,0.4124,-0.3847,0.7986,0.9437,1.1339,37.5675,0.0213,2.7181,8.7429
ffc136_Rep1_s3.png,0.0577,0.1291,-0.8892,0.708,0.9124,1.3015,12.0975,0.0278,3.1977,14.0593
ffc136_Rep1_s4.png,0.233,0.0596,-1.2247,0.4066,0.761,1.3186,3.4516,0.0153,3.8833,20.8041
ffc136_Rep1_s5.png,0.0607,0.5191,-0.2847,0.8899,0.7723,1.1467,13.6542,0.0113,2.2996,6.7239
ffc136_Rep1_s6.png,0.0743,0.1572,-0.8035,0.7004,0.9072,1.2831,10.6912,0.0128,2.7918,10.0196
ffc136_Rep1_s7.png,0.3014,0.0191,-1.7182,0.4271,0.3799,1.4861,1.9749,0.0752,1.963,3.1134
ffc136_Rep2_s0.png,0.0655,0.3428,-0.465,0.8376,0.7836,1.1463,12.6579,0.0296,3.8105,17.4655
ffc136_Rep2_s1.png,0.0794,0.1417,-0.8488,0.7264,0.8901,1.2796,10.0298,0.0121,3.9862,27.0205
ffc136_Rep2_s2.png,0.0119,0.5116,-0.2911,0.8659,0.926,1.0601,49.6553,0.031,1.7267,3.0647
ffc136_Rep2_s3.png,0.0065,0.1617,-0.7914,0.6276,0.9951,1.0005,42.1222,0.0417,0.7967,0.6875
ffc136_Rep2_s4.png,0.1828,0.0936,-1.0289,0.508,0.9276,1.3204,4.4834,0.0145,5.1679,40.0123
ffc136_Rep2_s5.png,0.0542,0.4884,-0.3112,0.8582,0.7625,1.1314,14.9424,0.0134,2.6867,9.0972
ffc136_Rep2_s6.png,0.0754,0.1954,-0.7092,0.6964,0.9279,1.2222,10.8275,0.0114,2.929,12.0015
ffc136_Rep2_s7.png,0.1743,0.0133,-1.8773,0.2441,0.5196,1.4481,2.7085,0.0282,5.6333,41.7869
ffc137_Rep1_s0.png,0.1289,0.1771,-0.7517,0.4987,0.9428,1.1697,6.2848,0.0116,3.955,25.0491
ffc137_Rep1_s1.png,0.0649,0.1957,-0.7083,0.7612,0.8724,1.2016,11.9338,0.0176,3.1252,11.1035
ffc137_Rep1_s2.png,0.0989,0.0906,-1.043,0.6785,0.8852,1.3062,7.8713,0.0109,2.993,14.2366
ffc137_Rep1_s3.png,0.0482,0.2188,-0.66,0.7143,0.8229,1.1972,15.2507,0.0414,3.7556,15.4957
ffc137_Rep1_s4.png,0.0821,0.0983,-1.0074,0.6674,0.9321,1.3126,9.2187,0.0111,2.9988,13.2531
ffc137_Rep1_s5.png,0.0614,0.5401,-0.2675,0.8964,0.7561,1.1444,13.5384,0.0113,2.8809,11.5642
ffc137_Rep1_s6.png,0.3302,0.1615,-0.7918,0.6434,0.8001,1.2117,2.6931,0.0172,10.2473,139.2871
ffc137_Rep1_s7.png,0.149,0.0134,-1.8715,0.2093,0.4077,1.4178,3.0306,0.046,5.0498,28.4332
ffc137_Rep2_s0.png,0.0693,0.4802,-0.3186,0.8748,0.8181,1.0773,12.0125,0.0155,3.6449,19.9619
ffc137_Rep2_s1.png,0.0681,0.2445,-0.6116,0.7759,0.8804,1.1695,11.5597,0.0171,3.3999,13.2644
ffc137_Rep2_s2.png,0.0705,0.4233,-0.3734,0.8495,0.7913,1.1006,11.7336,0.0194,6.5233,58.4795
ffc137_Rep2_s3.png,0.047,0.2832,-0.5479,0.7417,0.7904,1.1178,16.2246,0.047,4.0763,17.6981
ffc137_Rep2_s4.png,0.085,0.1009,-0.9961,0.6893,0.93,1.3113,8.9767,0.0098,2.5598,10.1449
ffc137_Rep2_s5.png,0.0617,0.5213,-0.2829,0.878,0.7808,1.0957,13.4189,0.0112,2.7571,10.7103
ffc137_Rep2_s6.png,0.4247,0.1934,-0.7136,0.7843,0.7358,1.2385,2.1513,0.0155,7.1452,72.0358
ffc137_Rep2_s7.png,0.3115,0.0206,-1.6869,0.4102,0.2705,1.4764,1.9647,0.0879,1.9226,2.5207
ffc138_Rep1_s0.png,0.148,0.1357,-0.8674,0.5538,0.9292,1.2237,5.5621,0.0206,5.4356,35.9188
ffc138_Rep1_s1.png,0.0871,0.1449,-0.839,0.6541,0.8816,1.2426,9.2233,0.0118,3.9733,25.607
ffc138_Rep1_s2.png,0.0625,0.3039,-0.5173,0.78,0.794,1.1909,12.8035,0.0224,4.6209,27.2985
ffc138_Rep1_s3.png,0.2059,0.06,-1.2216,0.3816,0.813,1.3239,3.7883,0.0126,4.0233,23.4377
ffc138_Rep1_s4.png,0.1817,0.099,-1.0044,0.5196,0.9311,1.3025,4.5228,0.0127,4.0676,25.4579
ffc138_Rep1_s5.png,0.0572,0.5108,-0.2918,0.8917,0.7583,1.1492,14.3753,0.0124,2.6049,8.5749
ffc138_Rep1_s6.png,0.0453,0.3154,-0.5012,0.787,0.6987,1.1764,16.9954,0.0285,3.5556,14.5186
ffc138_Rep1_s7.png,0.3123,0.0187,-1.7292,0.4465,0.4089,1.5005,1.9162,0.0771,2.0366,3.7334
ffc138_Rep2_s0.png,0.0653,0.5378,-0.2693,0.895,0.827,1.0425,12.8222,0.0232,3.0555,11.1006
ffc138_Rep2_s1.png,0.0622,0.2862,-0.5434,0.8161,0.8637,1.1465,12.736,0.0275,3.8566,17.0864
ffc138_Rep2_s2.png,0.1603,0.0982,-1.008,0.4872,0.9266,1.2468,4.9874,0.0158,6.4483,58.6058
ffc138_Rep2_s3.png,0.0395,0.1695,-0.7707,0.6281,0.8143,1.2504,17.0057,0.0411,2.9826,9.7024
ffc138_Rep2_s4.png,0.0899,0.126,-0.8995,0.7108,0.924,1.2753,8.7849,0.0119,3.5053,18.937
ffc138_Rep2_s5.png,0.0581,0.5377,-0.2695,0.8985,0.7537,1.1303,14.2426,0.0111,2.9527,12.1682
ffc138_Rep2_s6.png,0.7194,0.6926,-0.1595,0.9752,0.1846,1.1226,1.3303,0.0152,8.5801,113.105
ffc138_Rep2_s7.png,0.1516,0.0154,-1.813,0.2272,0.577,1.4044,3.3053,0.0461,4.1475,20.7344
ffc13_Rep1_s0.png,0.2265,0.0775,-1.1108,0.4141,0.7773,1.2697,3.5768,0.0103,6.1791,62.4196
ffc13_Rep1_s1.png,0.2414,0.0687,-1.1633,0.3868,0.7492,1.2745,3.3524,0.0104,4.1357,25.8083
ffc13_Rep1_s2.png,0.0498,0.2642,-0.5781,0.7553,0.7689,1.2167,15.3016,0.0304,4.9887,30.3749
ffc13_Rep1_s3.png,0.0722,0.3984,-0.3997,0.8326,0.8805,1.1214,11.7689,0.0251,2.8283,9.4505
ffc13_Rep1_s4.png,0.2444,0.0866,-1.0627,0.4738,0.7871,1.2889,3.4032,0.0093,3.2691,18.2175
ffc13_Rep1_s5.png,0.1676,0.1197,-0.9218,0.4852,0.9388,1.2307,4.8735,0.009,2.2504,7.3548
ffc13_Rep1_s6.png,0.1791,0.092,-1.0363,0.4399,0.919,1.2737,4.5197,0.0184,4.5978,31.0413
ffc13_Rep1_s7.png,0.3333,0.0215,-1.6679,0.4584,0.4946,1.4853,1.8862,0.0578,1.875,2.5932
ffc13_Rep2_s0.png,0.1693,0.0693,-1.1592,0.2772,0.8267,1.2468,4.4501,0.0202,3.6209,15.5763
ffc13_Rep2_s1.png,0.1629,0.0915,-1.0384,0.4623,0.9154,1.2829,4.899,0.0074,2.3016,9.3762
ffc13_Rep2_s2.png,0.0147,0.5668,-0.2466,0.9087,0.9205,1.0765,43.1116,0.0369,2.3611,5.8325
ffc13_Rep2_s3.png,0.0625,0.3166,-0.4995,0.8011,0.8841,1.1758,12.6107,0.0239,3.1951,13.1648
ffc13_Rep2_s4.png,0.2314,0.06,-1.2216,0.4036,0.7816,1.3057,3.4584,0.0119,3.3057,18.8106
ffc13_Rep2_s5.png,0.0561,0.3799,-0.4203,0.8197,0.8223,1.1397,14.3406,0.0142,2.8189,9.2772
ffc13_Rep2_s6.png,0.0067,0.397,-0.4012,0.6537,0.9504,0.8978,62.8487,0.0275,0.6844,-0.159
ffc13_Rep2_s7.png,0.1675,0.0148,-1.8306,0.2526,0.6307,1.4406,2.9444,0.0412,3.5977,15.4038
ffc141_Rep1_s0.png,0.0655,0.3958,-0.4026,0.8558,0.7578,1.1796,12.8195,0.0336,3.7721,16.5142
ffc141_Rep1_s1.png,0.0599,0.122,-0.9136,0.7001,0.8265,1.3316,13.0241,0.0136,3.0237,13.6091
ffc141_Rep1_s2.png,0.2799,0.091,-1.0409,0.6595,0.8708,1.2936,3.0494,0.0184,6.0375,48.9626
ffc141_Rep1_s3.png,0.0021,0.9183,-0.037,0.92,0.3823,0.6045,147.029,0.0914,0.3041,-1.0588
ffc141_Rep1_s4.png,0.258,0.0903,-1.0444,0.4632,0.7869,1.2608,3.2396,0.014,3.6279,20.2876
ffc141_Rep1_s5.png,0.0566,0.4849,-0.3144,0.8752,0.7917,1.1486,14.4849,0.0141,2.8593,9.2734
ffc141_Rep1_s6.png,0.0401,0.2361,-0.6269,0.7089,0.7257,1.2121,18.3306,0.0342,3.3397,12.2999
ffc141_Rep1_s7.png,0.297,0.0185,-1.7317,0.4098,0.4132,1.4848,1.9805,0.0792,2.0152,3.4514
ffc141_Rep2_s0.png,0.1913,0.1025,-0.9892,0.5401,0.924,1.2838,4.343,0.0196,4.0421,19.8679
ffc141_Rep2_s1.png,0.0601,0.1613,-0.7924,0.6956,0.8725,1.2426,12.8223,0.0113,3.9182,25.792
ffc141_Rep2_s2.png,0.0157,0.4321,-0.3644,0.8292,0.9384,1.1095,39.7066,0.0185,2.7292,8.8572
ffc141_Rep2_s3.png,0.0578,0.1471,-0.8325,0.7328,0.8998,1.2819,12.3589,0.0256,3.2101,14.0961
ffc141_Rep2_s4.png,0.2553,0.0684,-1.1652,0.4481,0.7816,1.3015,3.2226,0.0125,3.3974,20.1713
ffc141_Rep2_s5.png,0.0597,0.3157,-0.5007,0.7869,0.8147,1.1738,13.4453,0.0123,2.7406,8.8769
ffc141_Rep2_s6.png,0.2522,0.0705,-1.1516,0.6524,0.8778,1.3608,3.313,0.0183,4.3033,26.1684
ffc141_Rep2_s7.png,0.2016,0.0137,-1.8647,0.2782,0.5704,1.4658,2.5184,0.036,4.0784,19.8895
ffc142_Rep1_s0.png,0.0723,0.3951,-0.4032,0.84,0.7962,1.1537,11.7693,0.0335,3.8589,16.9623
ffc142_Rep1_s1.png,0.0656,0.1328,-0.8768,0.7238,0.8906,1.2907,11.8398,0.0136,3.4654,18.8046
ffc142_Rep1_s2.png,0.0052,0.7072,-0.1505,0.8709,0.6785,0.8043,94.135,0.0562,0.4039,-0.8244
ffc142_Rep1_s3.png,0.006,0.1614,-0.7921,0.5854,0.9947,0.9895,43.7444,0.0382,0.5724,-0.5644
ffc142_Rep1_s4.png,0.2015,0.1263,-0.8987,0.5987,0.9316,1.2478,4.203,0.0117,2.517,11.5624
ffc142_Rep1_s5.png,0.0556,0.4395,-0.3571,0.8748,0.7785,1.166,14.6738,0.0152,3.0686,10.6413
ffc142_Rep1_s6.png,0.0362,0.2375,-0.6243,0.7063,0.7573,1.1904,20.0347,0.0535,2.7407,6.9707
ffc142_Rep1_s7.png,0.2759,0.0218,-1.6622,0.3976,0.1913,1.4553,2.1949,0.0841,2.0052,3.1525
ffc142_Rep2_s0.png,0.0742,0.3619,-0.4414,0.855,0.8328,1.204,11.4638,0.0371,3.7303,14.9459
ffc142_Rep2_s1.png,0.0912,0.2078,-0.6823,0.707,0.8918,1.2132,9.1436,0.0134,3.797,22.9101
ffc142_Rep2_s2.png,0.0728,0.2025,-0.6936,0.7085,0.2836,1.1286,10.3142,0.0552,1.4154,1.0958
ffc142_Rep2_s3.png,0.005,0.1674,-0.7762,0.5939,0.9949,0.937,49.1784,0.0251,0.9448,1.3626
ffc142_Rep2_s4.png,0.2312,0.0729,-1.137,0.4201,0.7804,1.2853,3.5372,0.0161,3.851,22.6955
ffc142_Rep2_s5.png,0.0544,0.4124,-0.3847,0.867,0.7876,1.1663,14.933,0.0323,3.5195,12.6805
ffc142_Rep2_s6.png,0.0468,0.2455,-0.6099,0.7727,0.7572,1.2151,16.1788,0.042,3.1538,10.0042
ffc142_Rep2_s7.png,0.2972,0.0164,-1.7853,0.4174,0.3721,1.5036,1.9649,0.0762,2.2359,4.942
ffc143_Rep1_s0.png,0.2501,0.0982,-1.0079,0.5001,0.8354,1.2736,3.3734,0.0112,3.9044,26.2636
ffc143_Rep1_s1.png,0.0783,0.4482,-0.3485,0.8591,0.8434,1.1269,10.9218,0.0068,3.1054,20.832
ffc143_Rep1_s2.png,0.0253,0.1558,-0.8074,0.6502,0.9555,1.158,22.6796,0.034,2.6905,8.5494
ffc143_Rep1_s3.png,0.0026,1.0,0.0,0.9607,0.418,0.8555,137.3758,0.0546,0.6318,-0.6555
ffc143_Rep1_s4.png,0.1332,0.0808,-1.0924,0.4665,0.9438,1.3135,5.7596,0.0099,2.9092,19.6556
ffc143_Rep1_s5.png,0.0659,0.4781,-0.3205,0.859,0.8195,1.0826,12.9238,0.0146,5.9894,64.129
ffc143_Rep1_s6.png,0.0458,0.3893,-0.4097,0.8449,0.8414,1.1594,16.7407,0.0343,4.7377,43.0987
ffc143_Rep1_s7.png,0.1777,0.0135,-1.869,0.2526,0.6043,1.4435,2.7621,0.0603,3.5579,13.3443
ffc143_Rep2_s0.png,0.2486,0.0662,-1.1794,0.4422,0.7687,1.309,3.2977,0.0098,4.1157,32.2945
ffc143_Rep2_s1.png,0.1605,0.1404,-0.8526,0.5039,0.9344,1.2141,5.1697,0.0076,2.7899,13.0118
ffc143_Rep2_s2.png,0.0693,0.2719,-0.5657,0.7835,0.7816,1.2409,11.7005,0.0145,3.1954,15.2905
ffc143_Rep2_s3.png,0.0031,0.9858,-0.0062,0.9575,0.3098,0.8965,128.4631,0.0713,0.5988,-1.0723
ffc143_Rep2_s4.png,0.0657,0.2184,-0.6608,0.7856,0.8698,1.2462,11.8398,0.0145,2.9158,10.6032
ffc143_Rep2_s5.png,0.0595,0.325,-0.4881,0.7801,0.8116,1.1242,13.7803,0.0166,5.2535,47.1767
ffc143_Rep2_s6.png,0.7307,0.8495,-0.0708,0.9857,0.1458,1.0887,1.312,0.0159,9.373,150.9588
ffc143_Rep2_s7.png,0.1606,0.0123,-1.9105,0.2313,0.5676,1.4459,2.8707,0.0512,4.5129,23.2122
ffc144_Rep1_s0.png,0.1449,0.106,-0.9747,0.4453,0.9253,1.2458,5.5081,0.0163,4.0323,22.4041
ffc144_Rep1_s1.png,0.0872,0.1373,-0.8623,0.681,0.8738,1.2701,9.2508,0.0125,3.5418,18.6045
ffc144_Rep1_s2.png,0.0658,0.0939,-1.0274,0.6458,0.9355,1.3143,10.7712,0.011,2.9952,13.702
ffc144_Rep1_s3.png,0.0641,0.1258,-0.9005,0.4844,0.9603,1.277,10.9344,0.0061,1.6778,5.171
ffc144_Rep1_s4.png,0.0986,0.106,-0.9745,0.705,0.9164,1.3256,7.9913,0.0112,3.531,19.898
ffc144_Rep1_s5.png,0.0572,0.4764,-0.322,0.8888,0.7619,1.1504,14.3366,0.0128,2.4491,7.3738
ffc144_Rep1_s6.png,0.0718,0.1381,-0.8598,0.7379,0.8827,1.3197,10.8905,0.0148,2.9642,10.5164
ffc144_Rep1_s7.png,0.1904,0.0383,-1.4167,0.4285,0.6021,1.3655,3.3476,0.0602,1.5916,1.4955
ffc144_Rep2_s0.png,0.1706,0.0968,-1.0141,0.4665,0.913,1.2756,4.7796,0.0143,6.3517,72.4247
ffc144_Rep2_s1.png,0.0801,0.1088,-0.9635,0.6665,0.8832,1.2961,9.6863,0.0121,3.9074,22.1664
ffc144_Rep2_s2.png,0.1595,0.0702,-1.1538,0.4482,0.9303,1.3053,4.857,0.0184,7.2102,76.2596
ffc144_Rep2_s3.png,0.0422,0.1428,-0.8452,0.6676,0.8076,1.283,15.9747,0.0212,2.4648,6.9753
ffc144_Rep2_s4.png,0.193,0.0992,-1.0035,0.5523,0.9306,1.2778,4.3135,0.0129,3.6571,19.3494
ffc144_Rep2_s5.png,0.0653,0.5066,-0.2953,0.8884,0.7902,1.1224,12.7593,0.0164,3.1927,11.4297
ffc144_Rep2_s6.png,0.7181,0.7013,-0.1541,0.9691,0.2023,1.1124,1.333,0.0137,5.2097,38.0461
ffc144_Rep2_s7.png,0.1991,0.0299,-1.5243,0.4427,0.307,1.403,3.0551,0.072,1.6224,1.4256
ffc145_Rep1_s0.png,0.276,0.153,-0.8152,0.5168,0.8479,1.216,3.1585,0.0128,3.6619,21.036
ffc145_Rep1_s1.png,0.185,0.1531,-0.815,0.5292,0.9203,1.1979,4.584,0.0076,2.5792,12.9878
ffc145_Rep1_s2.png,0.0128,0.5025,-0.2989,0.8829,0.9187,1.0753,47.2299,0.036,1.9288,3.2438
ffc145_Rep1_s3.png,0.0651,0.2265,-0.645,0.8129,0.8927,1.2406,12.0309,0.0283,3.3022,13.6854
ffc145_Rep1_s4.png,0.1925,0.0878,-1.0563,0.5458,0.9295,1.2916,4.2869,0.0128,3.6968,19.256
ffc145_Rep1_s5.png,0.0617,0.4086,-0.3887,0.8709,0.7594,1.1427,13.4436,0.0123,2.8613,9.9191
ffc145_Rep1_s6.png,0.4361,0.1592,-0.798,0.7184,0.8077,1.2366,2.0862,0.0098,4.7572,38.5512
ffc145_Rep1_s7.png,0.197,0.0112,-1.9524,0.273,0.5692,1.4874,2.4246,0.0326,5.2036,33.3235
ffc145_Rep2_s0.png,0.1875,0.0939,-1.0274,0.3896,0.835,1.2697,4.2348,0.0141,4.5601,31.5759
ffc145_Rep2_s1.png,0.2601,0.0785,-1.1053,0.4678,0.7554,1.3001,3.2026,0.0064,4.2759,47.357
ffc145_Rep2_s2.png,0.1184,0.1345,-0.8714,0.7171,0.8882,1.303,6.9237,0.006,1.4865,3.8741
ffc145_Rep2_s3.png,0.0777,0.5137,-0.2893,0.9042,0.8848,1.1002,10.8554,0.0257,3.7839,17.5195
ffc145_Rep2_s4.png,0.2391,0.0698,-1.1558,0.4204,0.7755,1.2955,3.4018,0.0114,3.5108,20.9037
ffc145_Rep2_s5.png,0.0736,0.4652,-0.3324,0.8918,0.8168,1.1322,11.4531,0.006,1.4963,3.7856
ffc145_Rep2_s6.png,0.3462,0.0928,-1.0326,0.5874,0.8441,1.2835,2.4957,0.0059,2.6062,13.6771
ffc145_Rep2_s7.png,0.2126,0.0143,-1.8435,0.2917,0.5986,1.4648,2.4692,0.051,4.1171,18.8541
ffc146_Rep1_s0.png,0.2558,0.1103,-0.9575,0.4772,0.7847,1.2569,3.3038,0.0123,4.7126,33.0058
ffc146_Rep1_s1.png,0.1665,0.1129,-0.9473,0.4621,0.9145,1.2691,4.8634,0.0146,4.5091,28.9056
ffc146_Rep1_s2.png,0.0721,0.4485,-0.3482,0.8646,0.851,1.1023,11.5437,0.0185,3.1938,12.7373
ffc146_Rep1_s3.png,0.355,0.1239,-0.907,0.6244,0.8212,1.2541,2.4849,0.0167,8.4139,103.0891
ffc146_Rep1_s4.png,0.2867,0.0973,-1.0117,0.603,0.8307,1.2782,2.9728,0.015,2.8905,14.7834
ffc146_Rep1_s5.png,0.0815,0.2306,-0.6372,0.7845,0.9089,1.2025,9.8296,0.0101,3.039,16.3386
ffc146_Rep1_s6.png,0.2788,0.0896,-1.0476,0.4681,0.7747,1.288,3.0129,0.0109,4.7429,49.3196
ffc146_Rep1_s7.png,0.3042,0.0206,-1.6864,0.4345,0.5103,1.4748,2.0175,0.0602,1.8582,2.7321
ffc146_Rep2_s0.png,0.1533,0.1115,-0.9526,0.5148,0.9404,1.2863,5.279,0.0176,4.0282,20.2097
ffc146_Rep2_s1.png,0.0607,0.1926,-0.7152,0.8365,0.8803,1.2885,12.6137,0.0245,4.5009,28.9831
ffc146_Rep2_s2.png,0.0036,0.274,-0.5623,0.8082,0.9928,0.8576,72.0244,0.075,0.8864,-0.1108
ffc146_Rep2_s3.png,0.2455,0.0974,-1.0112,0.4661,0.792,1.2584,3.3826,0.0086,4.2484,30.0962
ffc146_Rep2_s4.png,0.2821,0.1031,-0.9866,0.5707,0.793,1.2594,3.0425,0.0091,1.7093,5.5046
ffc146_Rep2_s5.png,0.0704,0.3631,-0.44,0.8749,0.8385,1.2198,11.7534,0.0167,3.5637,14.6843
ffc146_Rep2_s6.png,0.2641,0.0734,-1.1342,0.4665,0.7919,1.3155,3.1488,0.016,7.1766,74.3781
ffc146_Rep2_s7.png,0.3198,0.0208,-1.6829,0.4533,0.394,1.482,1.9354,0.0555,1.8717,2.8599
ffc148_Rep1_s0.png,0.245,0.0681,-1.1667,0.3913,0.6976,1.2883,3.2477,0.0145,4.0145,21.7027
ffc148_Rep1_s1.png,0.148,0.0836,-1.0778,0.4232,0.9256,1.2947,5.2847,0.016,4.4312,25.757
ffc148_Rep1_s2.png,0.0153,0.4131,-0.3839,0.7981,0.9314,1.1228,40.3156,0.0387,3.2261,13.1243
ffc148_Rep1_s3.png,0.0712,0.2122,-0.6733,0.8342,0.8994,1.2516,11.0882,0.0268,3.2566,12.8152
ffc148_Rep1_s4.png,0.1607,0.0701,-1.1545,0.4749,0.9137,1.3058,4.9352,0.0157,4.54,29.9506
ffc148_Rep1_s5.png,0.0669,0.4602,-0.337,0.8742,0.7725,1.1306,12.4641,0.0117,2.413,7.5827
ffc148_Rep1_s6.png,0.0018,0.9929,-0.0031,0.9449,0.4223,0.5594,154.0989,0.1229,-0.2986,-1.3476
ffc148_Rep1_s7.png,0.2099,0.0135,-1.87,0.2858,0.4914,1.4703,2.4427,0.0433,4.7995,26.2154
ffc148_Rep2_s0.png,0.2034,0.0599,-1.2225,0.3689,0.7817,1.3075,3.839,0.0152,3.8108,19.054
ffc148_Rep2_s1.png,0.0537,0.1098,-0.9594,0.7156,0.8566,1.3177,13.9671,0.0127,3.3267,17.8043
ffc148_Rep2_s2.png,0.0499,0.1906,-0.7199,0.7047,0.7224,1.2194,14.404,0.0368,4.1842,20.9691
ffc148_Rep2_s3.png,0.2382,0.0598,-1.223,0.4363,0.8431,1.3238,3.3595,0.0153,6.5292,64.2028
ffc148_Rep2_s4.png,0.1493,0.0636,-1.1965,0.4434,0.9129,1.3371,5.1748,0.0128,3.9221,22.6729
ffc148_Rep2_s5.png,0.0657,0.4646,-0.333,0.871,0.7687,1.1365,12.6511,0.0136,2.7386,9.0229
ffc148_Rep2_s6.png,0.0819,0.1499,-0.8243,0.7153,0.9238,1.2678,9.8178,0.0124,2.8713,11.1848
ffc148_Rep2_s7.png,0.1943,0.0141,-1.8504,0.2718,0.5303,1.4595,2.5923,0.0529,3.767,15.7118
ffc149_Rep1_s0.png,0.0773,0.3236,-0.49,0.7806,0.864,1.1497,10.6302,0.0144,4.1459,22.3658
ffc149_Rep1_s1.png,0.0779,0.4028,-0.3949,0.8596,0.8287,1.1523,10.9749,0.0065,1.8959,5.841
ffc149_Rep1_s2.png,0.0088,0.3557,-0.449,0.7222,0.9659,1.0672,54.2443,0.0522,1.8357,2.7958
ffc149_Rep1_s3.png,0.0024,1.0,0.0,0.9695,0.5425,0.4383,140.6465,0.1145,0.7888,-0.7825
ffc149_Rep1_s4.png,0.0539,0.2097,-0.6784,0.7818,0.8381,1.2648,14.242,0.0296,4.2738,21.2581
ffc149_Rep1_s5.png,0.0685,0.4171,-0.3798,0.8794,0.788,1.1507,12.2124,0.0085,2.335,8.0951
ffc149_Rep1_s6.png,0.0981,0.1089,-0.963,0.7208,0.8704,1.2924,8.0477,0.0097,3.3197,14.1718
ffc149_Rep1_s7.png,0.3084,0.0228,-1.642,0.4153,0.4012,1.4634,2.0199,0.0714,1.7563,1.9863
ffc149_Rep2_s0.png,0.0646,0.5,-0.301,0.8885,0.8318,1.056,12.9534,0.0175,3.2805,13.5944
ffc149_Rep2_s1.png,0.0911,0.2462,-0.6086,0.6409,0.8577,1.1522,9.1276,0.0054,1.8437,6.666
ffc149_Rep2_s2.png,0.0119,0.5182,-0.2855,0.8422,0.9269,1.0429,49.6815,0.0479,2.0021,3.1728
ffc149_Rep2_s3.png,0.0027,0.9513,-0.0217,0.9421,0.5456,0.46,134.4545,0.1178,0.9208,-0.7304
ffc149_Rep2_s4.png,0.2441,0.0578,-1.2383,0.3936,0.7396,1.3135,3.2852,0.0129,4.1095,27.5393
ffc149_Rep2_s5.png,0.0622,0.4525,-0.3443,0.8719,0.7798,1.1278,13.3203,0.0115,2.9948,11.4495
ffc149_Rep2_s6.png,0.0621,0.2577,-0.5889,0.7911,0.7848,1.1444,12.8317,0.0212,4.3906,24.2212
ffc149_Rep2_s7.png,0.1705,0.0143,-1.844,0.2448,0.6491,1.4345,2.9142,0.0435,3.1398,11.088
ffc150_Rep1_s0.png,0.062,0.3484,-0.458,0.8727,0.8581,1.2412,13.1534,0.0063,1.3927,3.7028
ffc150_Rep1_s1.png,0.2057,0.0608,-1.2159,0.3744,0.7771,1.3113,3.8602,0.011,3.9763,26.6604
ffc150_Rep1_s2.png,0.0249,0.2611,-0.5832,0.6751,0.9385,1.0983,27.3862,0.0205,2.7237,8.1264
ffc150_Rep1_s3.png,0.226,0.0979,-1.0091,0.4364,0.8666,1.2445,3.6926,0.0162,4.4731,26.2054
ffc150_Rep1_s4.png,0.0021,1.0,0.0,0.9714,0.4766,0.3562,148.5558,0.1377,0.7754,-1.0797
ffc150_Rep1_s5.png,0.0609,0.5151,-0.2881,0.8905,0.8049,1.0738,13.5137,0.0126,3.2295,12.7262
ffc150_Rep1_s6.png,0.0577,0.4748,-0.3235,0.8749,0.8927,1.0593,14.1063,0.0234,2.4528,6.1864
ffc150_Rep1_s7.png,0.3214,0.0223,-1.6511,0.4233,0.4606,1.4702,1.9594,0.0676,1.7736,2.0388
ffc150_Rep2_s0.png,0.0744,0.1112,-0.9539,0.65,0.9239,1.3035,10.0561,0.0141,2.4953,10.2349
ffc150_Rep2_s1.png,0.1263,0.1248,-0.9037,0.4913,0.8969,1.2395,6.3619,0.0085,2.9157,12.9262
ffc150_Rep2_s2.png,0.0569,0.2129,-0.6718,0.7798,0.8252,1.2277,13.7646,0.0255,3.5998,17.3976
ffc150_Rep2_s3.png,0.2526,0.0817,-1.0877,0.4341,0.8149,1.2838,3.293,0.0157,4.8647,30.4808
ffc150_Rep2_s4.png,0.0647,0.628,-0.2021,0.9193,0.7812,1.1322,13.2046,0.0173,2.2494,7.2869
ffc150_Rep2_s5.png,0.0928,0.191,-0.719,0.6964,0.486,1.1603,8.3018,0.0546,1.5238,1.4169
ffc150_Rep2_s6.png,0.5002,0.1452,-0.8381,0.7059,0.6066,1.2572,1.7969,0.0183,8.8743,126.3991
ffc150_Rep2_s7.png,0.2952,0.0225,-1.648,0.3899,0.3235,1.4538,2.0853,0.0579,1.6623,1.7088
ffc151_Rep1_s0.png,0.1715,0.1222,-0.9129,0.5072,0.923,1.236,4.7798,0.012,4.4863,35.9751
ffc151_Rep1_s1.png,0.0878,0.182,-0.7398,0.5089,0.8863,1.2281,9.0915,0.0063,2.2537,9.4541
ffc151_Rep1_s2.png,0.0441,0.2921,-0.5345,0.8094,0.7636,1.1695,17.6064,0.0191,2.5074,7.5137
ffc151_Rep1_s3.png,0.0026,1.0,0.0,0.9602,0.3843,0.8272,137.9989,0.0665,0.5832,-0.9063
ffc151_Rep1_s4.png,0.1671,0.0818,-1.0874,0.4849,0.9346,1.3122,4.7822,0.0126,4.0896,31.446
ffc151_Rep1_s5.png,0.0652,0.2941,-0.5315,0.7485,0.826,1.1697,12.5087,0.0161,3.731,18.9756
ffc151_Rep1_s6.png,0.6698,0.6578,-0.1819,0.97,0.4512,1.1144,1.4248,0.016,8.864,122.4522
ffc151_Rep1_s7.png,0.1724,0.0129,-1.8888,0.2407,0.6304,1.4492,2.8097,0.0406,4.1936,21.1176
ffc151_Rep2_s0.png,0.2642,0.172,-0.7644,0.5399,0.8468,1.1819,3.2989,0.0105,5.8471,67.2781
ffc151_Rep2_s1.png,0.0722,0.3572,-0.4471,0.8297,0.8178,1.1393,11.6617,0.0059,1.7015,5.0779
ffc151_Rep2_s2.png,0.0119,0.4218,-0.3749,0.8048,0.9297,1.0796,47.166,0.044,2.4243,6.036
ffc151_Rep2_s3.png,0.0042,0.1486,-0.8279,0.5582,0.9957,0.9526,50.2386,0.0266,0.2442,-0.2621
ffc151_Rep2_s4.png,0.0023,1.0,0.0,0.9557,0.4953,0.4035,143.3898,0.1229,0.6999,-0.9871
ffc151_Rep2_s5.png,0.0773,0.3304,-0.4809,0.843,0.8517,1.1665,10.7656,0.0052,0.8671,1.1286
ffc151_Rep2_s6.png,0.4399,0.1258,-0.9003,0.6568,0.7125,1.2663,2.0359,0.0186,11.4443,175.5803
ffc151_Rep2_s7.png,0.169,0.0146,-1.8351,0.2422,0.599,1.4363,2.9458,0.0507,4.3979,21.2992
ffc152_Rep1_s0.png,0.0619,0.41,-0.3872,0.8542,0.7445,1.1617,13.5835,0.0353,3.5548,14.2155
ffc152_Rep1_s1.png,0.0838,0.1651,-0.7822,0.7026,0.8971,1.2217,9.6571,0.011,3.7739,24.0174
ffc152_Rep1_s2.png,0.0063,0.4886,-0.311,0.7583,0.7349,0.7645,81.7912,0.0656,0.5566,-0.4664
ffc152_Rep1_s3.png,0.003,0.18,-0.7447,0.705,0.9965,0.8865,64.0435,0.0232,0.6996,0.4495
ffc152_Rep1_s4.png,0.1977,0.1102,-0.958,0.5917,0.9323,1.2605,4.2616,0.0116,2.6154,11.9479
ffc152_Rep1_s5.png,0.055,0.5158,-0.2875,0.8976,0.7736,1.1458,14.9296,0.0164,3.1304,10.9503
ffc152_Rep1_s6.png,0.0647,0.2687,-0.5708,0.7545,0.93,1.1638,12.7651,0.0127,1.776,3.7026
ffc152_Rep1_s7.png,0.2878,0.0227,-1.6443,0.4126,0.3937,1.458,2.1493,0.0889,2.1355,3.9281
ffc152_Rep2_s0.png,0.0721,0.3895,-0.4095,0.8559,0.8149,1.1585,11.7044,0.0329,3.9626,18.3898
ffc152_Rep2_s1.png,0.0716,0.4683,-0.3294,0.8584,0.838,1.0968,11.9386,0.0097,2.9637,13.7937
ffc152_Rep2_s2.png,0.0582,0.2141,-0.6693,0.7374,0.7309,1.1954,13.2528,0.0357,4.1404,20.4475
ffc152_Rep2_s3.png,0.0028,1.0,0.0,0.9735,0.5407,0.41,133.2432,0.1187,0.8323,-0.8599
ffc152_Rep2_s4.png,0.2001,0.1185,-0.9263,0.625,0.9355,1.2536,4.2429,0.0125,2.7075,15.0445
ffc152_Rep2_s5.png,0.0542,0.4243,-0.3723,0.8579,0.7968,1.168,14.9982,0.017,3.3009,11.9959
ffc152_Rep2_s6.png,0.0794,0.2447,-0.6114,0.7246,0.9298,1.2329,10.4304,0.011,2.1634,6.3386
ffc152_Rep2_s7.png,0.3248,0.0204,-1.6909,0.4726,0.3472,1.4861,1.9516,0.0765,2.071,4.1626
ffc153_Rep1_s0.png,0.0743,0.5429,-0.2653,0.9123,0.837,1.137,11.6611,0.023,6.0854,49.4656
ffc153_Rep1_s1.png,0.073,0.3874,-0.4118,0.8347,0.8489,1.1219,11.6179,0.009,3.8299,25.9621
ffc153_Rep1_s2.png,0.0617,0.2902,-0.5373,0.8082,0.7702,1.2127,13.1478,0.0289,3.4261,13.908
ffc153_Rep1_s3.png,0.0031,1.0,0.0,0.9716,0.4212,0.9186,127.8558,0.0696,0.3155,-1.3886
ffc153_Rep1_s4.png,0.2364,0.0905,-1.0434,0.4347,0.7939,1.2646,3.53,0.0137,2.9541,13.3531
ffc153_Rep1_s5.png,0.0647,0.3023,-0.5195,0.7428,0.8486,1.1659,12.645,0.018,4.0031,23.9824
ffc153_Rep1_s6.png,0.6275,0.3272,-0.4852,0.9177,0.5376,1.1885,1.4901,0.0146,5.2136,40.2472
ffc153_Rep1_s7.png,0.1815,0.0147,-1.8335,0.2567,0.5922,1.4427,2.8085,0.0481,2.7889,8.6298
ffc153_Rep2_s0.png,0.1853,0.1125,-0.949,0.3818,0.864,1.1948,4.3787,0.0151,7.7764,86.708
ffc153_Rep2_s1.png,0.0792,0.1756,-0.7555,0.7413,0.915,1.2284,10.1336,0.0081,2.3154,10.1077
ffc153_Rep2_s2.png,0.3527,0.2116,-0.6745,0.8543,0.736,1.2145,2.5957,0.0117,6.3534,61.9107
ffc153_Rep2_s3.png,0.2544,0.0888,-1.0516,0.4872,0.8281,1.2732,3.3216,0.0153,4.8911,32.0372
ffc153_Rep2_s4.png,0.0685,0.2601,-0.5848,0.859,0.7731,1.2491,11.96,0.0197,2.4934,6.8443
ffc153_Rep2_s5.png,0.0668,0.5125,-0.2903,0.8692,0.7992,1.1375,12.7815,0.0086,9.8094,204.8906
ffc153_Rep2_s6.png,0.644,0.4189,-0.3779,0.9388,0.5041,1.1604,1.4616,0.0148,6.6862,66.8631
ffc153_Rep2_s7.png,0.1992,0.0142,-1.8483,0.2712,0.5367,1.4614,2.5573,0.0458,3.0118,10.5593
ffc155_Rep1_s0.png,0.0759,0.2379,-0.6236,0.7336,0.9547,1.1052,10.4054,0.0091,1.7339,5.342
ffc155_Rep1_s1.png,0.124,0.0772,-1.1125,0.4164,0.9349,1.2939,6.109,0.0136,4.1288,25.1084
ffc155_Rep1_s2.png,0.0439,0.2082,-0.6815,0.6709,0.6771,1.1726,16.3102,0.0271,2.3797,7.1613
ffc155_Rep1_s3.png,0.1481,0.0805,-1.0943,0.5178,0.9462,1.3184,5.3677,0.0174,3.7296,17.2978
ffc155_Rep1_s4.png,0.0897,0.1094,-0.961,0.3982,0.9504,1.2376,8.3558,0.0084,1.4752,3.1714
ffc155_Rep1_s5.png,0.0588,0.5237,-0.2809,0.8723,0.7215,1.1125,14.5105,0.0117,3.7432,24.5842
ffc155_Rep1_s6.png,0.1579,0.1068,-0.9713,0.5448,0.9364,1.2532,5.1534,0.0162,3.8389,18.1992
ffc155_Rep1_s7.png,0.32,0.0235,-1.6289,0.4153,0.4071,1.4594,1.9773,0.0629,1.8011,2.1851
ffc155_Rep2_s0.png,0.269,0.0759,-1.1197,0.4609,0.7509,1.2884,3.0926,0.0091,3.664,26.8197
ffc155_Rep2_s1.png,0.1369,0.0773,-1.112,0.4505,0.9246,1.3006,5.6515,0.0113,3.9009,20.9469
ffc155_Rep2_s2.png,0.0473,0.2077,-0.6826,0.6662,0.6934,1.2239,15.4152,0.0194,2.3665,7.2269
ffc155_Rep2_s3.png,0.2092,0.0753,-1.1235,0.4331,0.9039,1.3342,3.9168,0.0179,4.6399,27.4578
ffc155_Rep2_s4.png,0.0757,0.2294,-0.6395,0.8126,0.812,1.1993,10.7195,0.0248,2.7711,8.5762
ffc155_Rep2_s5.png,0.1067,0.1191,-0.9242,0.6653,0.2042,1.2495,6.8648,0.0568,1.441,1.0712
ffc155_Rep2_s6.png,0.735,0.8122,-0.0903,0.9836,0.1633,1.095,1.3046,0.0167,9.3215,126.1356
ffc155_Rep2_s7.png,0.3275,0.0214,-1.6692,0.444,0.4441,1.4805,1.8996,0.0643,1.8925,2.651
ffc156_Rep1_s0.png,0.1897,0.0677,-1.1692,0.3916,0.8373,1.2888,4.1728,0.0135,4.4959,27.6584
ffc156_Rep1_s1.png,0.2071,0.0964,-1.0158,0.3983,0.7887,1.2415,3.8977,0.0134,4.2967,25.6301
ffc156_Rep1_s2.png,0.0989,0.1319,-0.8796,0.734,0.9366,1.2783,8.0351,0.0086,1.7525,4.9907
ffc156_Rep1_s3.png,0.2575,0.1,-0.9999,0.4799,0.7991,1.2713,3.2692,0.0072,2.3318,10.0017
ffc156_Rep1_s4.png,0.3164,0.0291,-1.5367,0.5423,0.7556,1.4551,2.3354,0.0211,3.1554,16.6915
ffc156_Rep1_s5.png,0.0704,0.6117,-0.2135,0.9397,0.8528,1.1528,12.0156,0.0161,3.1461,12.0
ffc156_Rep1_s6.png,0.2863,0.0791,-1.1018,0.4672,0.7667,1.3019,2.9381,0.0088,5.4754,86.9018
ffc156_Rep1_s7.png,0.3139,0.02,-1.6988,0.4433,0.4345,1.4851,1.9562,0.0602,1.8806,2.6678
ffc156_Rep2_s0.png,0.0791,0.2936,-0.5323,0.823,0.8837,1.1686,10.4132,0.0355,5.5765,33.8793
ffc156_Rep2_s1.png,0.0693,0.5196,-0.2843,0.8816,0.8362,1.1129,12.412,0.0088,1.9856,5.6279
ffc156_Rep2_s2.png,0.0091,0.8578,-0.0666,0.9403,0.5256,0.7344,68.0424,0.0623,1.2368,0.61
ffc156_Rep2_s3.png,0.0152,0.1585,-0.8001,0.4684,0.7181,0.948,30.6736,0.066,0.8868,0.3842
ffc156_Rep2_s4.png,0.2464,0.0223,-1.651,0.4437,0.5709,1.4495,2.5906,0.0284,2.0962,6.3736
ffc156_Rep2_s5.png,0.0627,0.4426,-0.354,0.8634,0.8107,1.1293,13.2019,0.009,2.5302,8.5784
ffc156_Rep2_s6.png,0.2256,0.119,-0.9243,0.4793,0.8596,1.2305,3.7326,0.0072,2.5362,13.2192
ffc156_Rep2_s7.png,0.3083,0.022,-1.6579,0.4409,0.4052,1.468,2.0415,0.0629,1.9906,3.3067
ffc157_Rep1_s0.png,0.2836,0.1069,-0.9711,0.5403,0.8218,1.2833,3.0369,0.0145,5.4431,40.4185
ffc157_Rep1_s1.png,0.0987,0.1334,-0.8748,0.6065,0.9005,1.2519,8.1605,0.0096,3.7213,26.0104
ffc157_Rep1_s2.png,0.0499,0.2134,-0.6709,0.7387,0.7765,1.2576,14.8338,0.0372,4.2427,20.4916
ffc157_Rep1_s3.png,0.0517,0.1254,-0.9017,0.6587,0.9119,1.2914,13.1229,0.0285,2.9248,11.5369
ffc157_Rep1_s4.png,0.2462,0.0805,-1.0942,0.4334,0.7896,1.2824,3.3672,0.015,3.4511,19.1665
ffc157_Rep1_s5.png,0.0596,0.443,-0.3536,0.8678,0.7954,1.1284,13.8359,0.0149,3.2841,12.5763
ffc157_Rep1_s6.png,0.0574,0.2148,-0.6679,0.7805,0.9305,1.198,13.9907,0.0143,2.3689,7.1317
ffc157_Rep1_s7.png,0.2762,0.0167,-1.7772,0.4068,0.364,1.4934,2.0938,0.0697,2.2554,4.6341
ffc157_Rep2_s0.png,0.2932,0.093,-1.0313,0.5132,0.7853,1.3088,2.8917,0.0126,4.7574,34.1468
ffc157_Rep2_s1.png,0.0638,0.3073,-0.5124,0.8436,0.8603,1.2346,12.6526,0.011,2.3028,6.646
ffc157_Rep2_s2.png,0.0688,0.207,-0.684,0.7179,0.419,1.1146,10.988,0.0486,1.3702,1.2019
ffc157_Rep2_s3.png,0.0022,1.0,0.0,0.9671,0.5734,0.6201,144.1655,0.102,0.4649,-0.993
ffc157_Rep2_s4.png,0.1991,0.105,-0.9786,0.6314,0.9338,1.2764,4.2186,0.0119,2.7554,15.7092
ffc157_Rep2_s5.png,0.0622,0.4005,-0.3974,0.8488,0.805,1.137,13.2293,0.0149,3.386,13.2746
ffc157_Rep2_s6.png,0.0458,0.2863,-0.5431,0.768,0.7423,1.183,16.6985,0.037,3.6994,16.3822
ffc157_Rep2_s7.png,0.3501,0.0191,-1.7201,0.489,0.3501,1.507,1.8198,0.0706,2.1337,4.1316
ffc158_Rep1_s0.png,0.2885,0.0858,-1.0666,0.4962,0.7575,1.2852,2.9315,0.0102,3.0019,16.9816
ffc158_Rep1_s1.png,0.094,0.101,-0.9955,0.5879,0.3526,1.2353,7.2791,0.0667,1.4365,0.8074
ffc158_Rep1_s2.png,0.0579,0.1647,-0.7834,0.7336,0.7762,1.2026,12.8047,0.0197,5.6032,51.4231
ffc158_Rep1_s3.png,0.2146,0.0697,-1.1569,0.3965,0.8709,1.3282,3.7752,0.0136,4.4113,27.4923
ffc158_Rep1_s4.png,0.0814,0.0914,-1.0388,0.6382,0.9265,1.3002,9.2211,0.0105,3.1045,15.5783
ffc158_Rep1_s5.png,0.0969,0.1415,-0.8492,0.6938,0.3852,1.2222,7.7109,0.0596,1.2773,0.5479
ffc158_Rep1_s6.png,0.0645,0.4862,-0.3132,0.8973,0.9011,1.1151,12.7909,0.0101,3.2789,32.3067
ffc158_Rep1_s7.png,0.1809,0.0137,-1.8627,0.2592,0.5447,1.4523,2.724,0.0406,4.6583,25.1757
ffc158_Rep2_s0.png,0.4492,0.2252,-0.6475,0.7147,0.7881,1.1962,2.0396,0.0099,5.772,66.883
ffc158_Rep2_s1.png,0.0934,0.1302,-0.8853,0.6491,0.3685,1.2219,7.7398,0.0627,1.4396,0.8008
ffc158_Rep2_s2.png,0.3584,0.1053,-0.9775,0.616,0.8133,1.2904,2.4331,0.0174,4.5327,32.2856
ffc158_Rep2_s3.png,0.3077,0.0706,-1.1509,0.4795,0.7684,1.3047,2.7496,0.0124,5.2275,38.7934
ffc158_Rep2_s4.png,0.2402,0.0876,-1.0577,0.4757,0.8147,1.2753,3.4488,0.009,2.7148,12.9463
ffc158_Rep2_s5.png,0.0937,0.1298,-0.8866,0.6289,0.3661,1.2284,7.63,0.0685,1.5051,0.9257
ffc158_Rep2_s6.png,0.0722,0.5638,-0.2489,0.9204,0.8735,1.1547,11.667,0.0103,2.4055,10.0192
ffc158_Rep2_s7.png,0.1521,0.0138,-1.8607,0.2124,0.5076,1.4201,3.0204,0.0341,5.336,35.932
ffc159_Rep1_s0.png,0.2257,0.0562,-1.2505,0.4022,0.8025,1.3295,3.5191,0.0104,3.388,20.776
ffc159_Rep1_s1.png,0.2697,0.0792,-1.1015,0.5011,0.8095,1.2943,3.1186,0.0125,4.5119,28.6745
ffc159_Rep1_s2.png,0.3544,0.1574,-0.803,0.6225,0.7972,1.2425,2.4905,0.0123,4.8298,42.4995
ffc159_Rep1_s3.png,0.315,0.0771,-1.1129,0.5504,0.8156,1.3158,2.711,0.0079,4.646,55.5868
ffc159_Rep1_s4.png,0.0674,0.2737,-0.5627,0.8782,0.8693,1.2581,11.9465,0.0117,2.3833,7.8643
ffc159_Rep1_s5.png,0.0644,0.4092,-0.3881,0.8794,0.8063,1.186,12.7842,0.0142,3.8391,22.4036
ffc159_Rep1_s6.png,0.1495,0.1184,-0.9268,0.4863,0.8694,1.2278,5.4962,0.0075,1.1306,2.1279
ffc159_Rep1_s7.png,0.2923,0.0214,-1.6693,0.3979,0.4593,1.4645,2.0804,0.0635,1.8746,2.5195
ffc159_Rep2_s0.png,0.2024,0.0565,-1.2481,0.3797,0.8057,1.2917,3.8354,0.0102,4.3575,33.8677
ffc159_Rep2_s1.png,0.2014,0.0661,-1.1797,0.3871,0.814,1.2911,3.9124,0.0121,5.0253,38.1717
ffc159_Rep2_s2.png,0.3189,0.0924,-1.0342,0.5665,0.7766,1.2977,2.6937,0.0133,7.5541,94.3516
ffc159_Rep2_s3.png,0.052,0.1865,-0.7294,0.7502,0.7896,1.2624,14.237,0.0255,4.0415,20.1087
ffc159_Rep2_s4.png,0.0627,0.2886,-0.5397,0.83,0.8577,1.1833,12.6579,0.0199,3.1864,11.39
ffc159_Rep2_s5.png,0.1754,0.0937,-1.0283,0.5332,0.921,1.2805,4.6297,0.0119,4.2883,31.1552
ffc159_Rep2_s6.png,0.0602,0.3732,-0.4281,0.8488,0.869,1.1542,13.2333,0.0161,3.3902,22.6498
ffc159_Rep2_s7.png,0.2823,0.0226,-1.6468,0.3903,0.5142,1.4511,2.1537,0.0628,1.8742,2.5871
ffc15_Rep1_s0.png,0.2409,0.0819,-1.0866,0.4437,0.7763,1.2762,3.4285,0.0109,5.8963,58.4286
ffc15_Rep1_s1.png,0.2742,0.1011,-0.9953,0.502,0.7606,1.2648,3.0767,0.0136,4.9304,44.4949
ffc15_Rep1_s2.png,0.0123,0.3088,-0.5103,0.643,0.9093,0.8335,43.8301,0.0897,1.0271,0.3102
ffc15_Rep1_s3.png,0.062,0.2162,-0.6652,0.7792,0.8896,1.2126,12.9247,0.0308,2.3118,5.4958
ffc15_Rep1_s4.png,0.2714,0.0212,-1.6733,0.4737,0.7675,1.4808,2.4696,0.0255,2.9262,13.2015
ffc15_Rep1_s5.png,0.0737,0.331,-0.4802,0.806,0.882,1.1674,11.1195,0.0061,1.2935,2.8335
ffc15_Rep1_s6.png,0.2885,0.0815,-1.0886,0.4711,0.7757,1.2966,2.9069,0.0104,5.8946,69.3774
ffc15_Rep1_s7.png,0.3021,0.0247,-1.6073,0.4321,0.3324,1.4466,2.1151,0.0753,2.0532,3.283
ffc15_Rep2_s0.png,0.0686,0.4899,-0.3099,0.8983,0.8455,1.1318,12.1301,0.0187,3.0727,10.5675
ffc15_Rep2_s1.png,0.0767,0.4877,-0.3119,0.8932,0.8944,1.1534,10.8961,0.0205,3.4164,14.526
ffc15_Rep2_s2.png,0.0136,0.357,-0.4473,0.8511,0.9748,0.9607,40.9478,0.0554,2.632,8.2555
ffc15_Rep2_s3.png,0.1463,0.0815,-1.0887,0.4871,0.9397,1.3051,5.3096,0.0119,3.9136,21.1219
ffc15_Rep2_s4.png,0.2707,0.038,-1.42,0.5554,0.7921,1.4112,2.8581,0.0182,2.9227,14.1914
ffc15_Rep2_s5.png,0.062,0.3418,-0.4663,0.8285,0.8433,1.208,13.0413,0.0214,4.6609,27.1177
ffc15_Rep2_s6.png,0.1741,0.1393,-0.8561,0.5897,0.9303,1.2478,4.811,0.0155,5.5802,41.6905
ffc15_Rep2_s7.png,0.3269,0.0189,-1.7225,0.4595,0.429,1.4987,1.9035,0.0596,1.7967,2.5706
ffc160_Rep1_s0.png,0.2736,0.0741,-1.1302,0.4699,0.8119,1.296,3.0451,0.0104,4.2952,36.6397
ffc160_Rep1_s1.png,0.09,0.1176,-0.9295,0.6153,0.4155,1.2312,7.7762,0.063,1.4129,0.6058
ffc160_Rep1_s2.png,0.0447,0.2579,-0.5886,0.7573,0.9664,1.1235,16.6053,0.0234,2.4643,8.3096
ffc160_Rep1_s3.png,0.0538,0.1761,-0.7543,0.7367,0.8011,1.2695,13.7039,0.0238,4.1808,21.2498
ffc160_Rep1_s4.png,0.0769,0.095,-1.0223,0.693,0.9072,1.3184,9.7502,0.0122,3.8731,23.4867
ffc160_Rep1_s5.png,0.0942,0.1153,-0.9383,0.605,0.2184,1.2354,7.4363,0.0674,1.4101,0.6617
ffc160_Rep1_s6.png,0.4278,0.1367,-0.8641,0.6859,0.7919,1.2598,2.1,0.0153,12.1712,198.2963
ffc160_Rep1_s7.png,0.1823,0.0138,-1.8602,0.2558,0.6018,1.4497,2.7027,0.0388,3.9767,18.2262
ffc160_Rep2_s0.png,0.2597,0.074,-1.1311,0.459,0.7915,1.2961,3.195,0.0089,3.5676,26.3295
ffc160_Rep2_s1.png,0.0163,0.2612,-0.583,0.557,0.877,0.8837,31.9363,0.073,1.1759,0.2968
ffc160_Rep2_s2.png,0.0282,0.3135,-0.5037,0.7827,0.9778,1.0241,23.4575,0.0316,1.2357,1.9248
ffc160_Rep2_s3.png,0.0735,0.4259,-0.3707,0.859,0.8442,1.1939,11.534,0.0245,3.6304,16.2656
ffc160_Rep2_s4.png,0.0593,0.2227,-0.6522,0.7817,0.7291,1.257,13.1602,0.0215,3.1188,12.5288
ffc160_Rep2_s5.png,0.0976,0.1089,-0.9629,0.6215,0.3175,1.2501,7.2158,0.0674,1.4042,0.6733
ffc160_Rep2_s6.png,0.0712,0.4468,-0.3499,0.8767,0.8931,1.1341,11.6364,0.0074,1.9181,6.7564
ffc160_Rep2_s7.png,0.182,0.0138,-1.8612,0.2562,0.5884,1.4489,2.7763,0.0448,3.9206,16.8985
ffc162_Rep1_s0.png,0.2814,0.0817,-1.0875,0.4858,0.7779,1.2947,2.9864,0.0106,6.3812,69.3693
ffc162_Rep1_s1.png,0.1156,0.0831,-1.0806,0.3922,0.937,1.2979,6.386,0.0125,5.7461,54.9075
ffc162_Rep1_s2.png,0.3669,0.2,-0.6989,0.7159,0.8105,1.1909,2.4593,0.0169,10.9015,157.9797
ffc162_Rep1_s3.png,0.0025,1.0,0.0,0.9583,0.4051,0.8197,140.417,0.0652,0.5397,-0.9579
ffc162_Rep1_s4.png,0.2827,0.1243,-0.9056,0.5464,0.783,1.2399,3.0555,0.011,3.762,25.5966
ffc162_Rep1_s5.png,0.0711,0.5352,-0.2715,0.8989,0.8374,1.1668,11.8352,0.0119,3.5086,17.3542
ffc162_Rep1_s6.png,0.301,0.0902,-1.0449,0.4934,0.7746,1.2868,2.833,0.0094,5.8527,88.8993
ffc162_Rep1_s7.png,0.341,0.0222,-1.6543,0.474,0.3996,1.4818,1.8773,0.0777,2.1464,4.1775
ffc162_Rep2_s0.png,0.2437,0.069,-1.1608,0.4447,0.7862,1.2978,3.3594,0.0083,4.2937,35.7068
ffc162_Rep2_s1.png,0.2377,0.1004,-0.9983,0.4211,0.8215,1.2286,3.5148,0.0049,1.3849,3.6671
ffc162_Rep2_s2.png,0.2198,0.1333,-0.8753,0.6438,0.9018,1.2654,3.909,0.0093,8.1705,126.5563
ffc162_Rep2_s3.png,0.2426,0.0683,-1.1657,0.3999,0.7996,1.2949,3.3468,0.0133,4.6453,32.1287
ffc162_Rep2_s4.png,0.2264,0.0736,-1.133,0.4379,0.7928,1.3087,3.5934,0.0118,3.8431,22.8024
ffc162_Rep2_s5.png,0.0804,0.5697,-0.2444,0.9463,0.8808,1.1279,10.623,0.0139,3.3942,14.936
ffc162_Rep2_s6.png,0.2957,0.0651,-1.1864,0.477,0.7621,1.3302,2.8205,0.0117,4.2021,25.6184
ffc162_Rep2_s7.png,0.3122,0.022,-1.6584,0.4319,0.3413,1.4686,2.0047,0.0856,1.9108,2.6562
ffc164_Rep1_s0.png,0.0763,0.1354,-0.8685,0.6572,0.926,1.2464,9.89,0.0083,2.6597,11.1132
ffc164_Rep1_s1.png,0.2601,0.0716,-1.1449,0.4429,0.7326,1.2981,3.1848,0.0106,3.2217,17.3502
ffc164_Rep1_s2.png,0.3374,0.0974,-1.0116,0.7225,0.8269,1.2968,2.5856,0.02,6.1165,48.0736
ffc164_Rep1_s3.png,0.0613,0.2334,-0.6319,0.8016,0.8902,1.2214,12.6329,0.0246,3.3947,14.7236
ffc164_Rep1_s4.png,0.251,0.0756,-1.1218,0.4589,0.7998,1.2995,3.2962,0.0139,3.0636,15.1543
ffc164_Rep1_s5.png,0.0619,0.3479,-0.4586,0.8016,0.7887,1.1362,13.0307,0.026,2.8891,8.7272
ffc164_Rep1_s6.png,0.0585,0.1612,-0.7925,0.6913,0.9232,1.238,13.0832,0.0157,2.5562,7.9978
ffc164_Rep1_s7.png,0.2256,0.0135,-1.8693,0.3326,0.5131,1.4882,2.3429,0.0702,2.4664,5.4858
ffc164_Rep2_s0.png,0.0742,0.3634,-0.4397,0.8268,0.7995,1.1367,11.4268,0.0289,3.9746,18.6034
ffc164_Rep2_s1.png,0.075,0.434,-0.3625,0.8486,0.8288,1.1719,11.4658,0.0079,2.2167,7.5035
ffc164_Rep2_s2.png,0.0772,0.1194,-0.923,0.7393,0.9214,1.3041,10.0384,0.0117,3.189,15.8244
ffc164_Rep2_s3.png,0.0031,1.0,0.0,0.9665,0.3665,0.8829,128.7606,0.0924,0.5604,-1.3002
ffc164_Rep2_s4.png,0.2388,0.0445,-1.3515,0.5264,0.7893,1.375,3.2366,0.0197,4.6741,34.1911
ffc164_Rep2_s5.png,0.0572,0.4448,-0.3518,0.8772,0.8081,1.162,14.2709,0.0194,3.5008,13.4001
ffc164_Rep2_s6.png,0.2998,0.0642,-1.1925,0.4243,0.5846,1.3176,2.7404,0.014,4.8399,41.5412
ffc164_Rep2_s7.png,0.3175,0.0221,-1.6562,0.4534,0.4146,1.4752,1.9861,0.0732,1.9877,2.9915
ffc165_Rep1_s0.png,0.0608,0.4387,-0.3579,0.8805,0.7828,1.1653,13.8237,0.0452,3.5482,13.4141
ffc165_Rep1_s1.png,0.0809,0.1686,-0.7731,0.7412,0.8988,1.2528,10.03,0.0092,2.4878,9.539
ffc165_Rep1_s2.png,0.0683,0.2102,-0.6775,0.6994,0.3965,1.1111,10.8884,0.0581,1.53,1.4654
ffc165_Rep1_s3.png,0.042,0.229,-0.6402,0.6059,0.8369,1.0515,16.1509,0.0595,1.6975,2.4368
ffc165_Rep1_s4.png,0.2358,0.0657,-1.1821,0.4206,0.785,1.3216,3.4468,0.0144,3.4567,18.9557
ffc165_Rep1_s5.png,0.0558,0.4742,-0.3241,0.8838,0.807,1.1503,14.6422,0.0363,3.568,12.9371
ffc165_Rep1_s6.png,0.0482,0.2553,-0.593,0.7657,0.7652,1.2042,15.9228,0.0315,3.2365,11.1988
ffc165_Rep1_s7.png,0.304,0.0216,-1.6651,0.4315,0.4792,1.4701,2.0428,0.0677,2.144,4.2842
ffc165_Rep2_s0.png,0.0663,0.4878,-0.3118,0.8916,0.8352,1.1678,12.6227,0.0412,4.2649,20.3449
ffc165_Rep2_s1.png,0.0797,0.1413,-0.8498,0.7136,0.9086,1.2735,9.8767,0.0086,2.245,7.0743
ffc165_Rep2_s2.png,0.2158,0.0945,-1.0246,0.585,0.9082,1.3184,3.8773,0.0199,6.6758,61.7704
ffc165_Rep2_s3.png,0.0339,0.1734,-0.7609,0.5378,0.8813,1.0529,18.042,0.0748,1.6972,2.547
ffc165_Rep2_s4.png,0.2368,0.0611,-1.2137,0.3997,0.7653,1.3103,3.3935,0.0126,3.9782,26.6614
ffc165_Rep2_s5.png,0.0499,0.2862,-0.5433,0.7445,0.8157,1.1502,15.4337,0.0222,2.7934,7.8447
ffc165_Rep2_s6.png,0.0661,0.2752,-0.5604,0.7902,0.8517,1.1986,12.1618,0.0224,3.2772,11.646
ffc165_Rep2_s7.png,0.2887,0.0205,-1.6873,0.404,0.3919,1.4678,2.0926,0.0723,1.9769,3.1291
ffc166_Rep1_s0.png,0.2687,0.1252,-0.9024,0.4939,0.7873,1.2413,3.1792,0.0106,4.646,33.1941
ffc166_Rep1_s1.png,0.0514,0.2202,-0.6572,0.7903,0.7599,1.2171,15.3048,0.0128,2.8533,11.7061
ffc166_Rep1_s2.png,0.0709,0.3619,-0.4414,0.8635,0.7388,1.1459,11.9261,0.0131,3.4878,18.9635
ffc166_Rep1_s3.png,0.0022,1.0,0.0,0.9592,0.3951,0.4124,146.9319,0.1225,0.1817,-1.6378
ffc166_Rep1_s4.png,0.2358,0.0462,-1.3351,0.527,0.7956,1.3518,3.297,0.0181,3.3343,18.3314
ffc166_Rep1_s5.png,0.0761,0.2454,-0.6102,0.6873,0.9058,1.153,10.5153,0.0057,1.2086,2.5258
ffc166_Rep1_s6.png,0.0145,0.2778,-0.5563,0.675,0.9828,1.0299,35.6693,0.0218,0.8362,0.0107
ffc166_Rep1_s7.png,0.3225,0.0212,-1.6733,0.4459,0.4034,1.479,1.9434,0.0541,1.9361,3.1975
ffc166_Rep2_s0.png,0.2587,0.1224,-0.9123,0.4742,0.7886,1.2444,3.2852,0.01,4.3916,32.2324
ffc166_Rep2_s1.png,0.0698,0.4284,-0.3681,0.8428,0.8113,1.1486,12.2824,0.0094,2.6428,10.2327
ffc166_Rep2_s2.png,0.4824,0.1999,-0.6992,0.7858,0.7645,1.2166,1.9061,0.0153,9.123,111.8098
ffc166_Rep2_s3.png,0.0028,1.0,0.0,0.9635,0.3708,0.8896,133.4647,0.0807,0.4135,-1.3304
ffc166_Rep2_s4.png,0.2677,0.0652,-1.1858,0.6085,0.7419,1.3301,3.0343,0.0143,3.0879,18.9078
ffc166_Rep2_s5.png,0.1351,0.1115,-0.9526,0.5279,0.9536,1.2587,5.9184,0.0091,5.6067,75.706
ffc166_Rep2_s6.png,0.2812,0.1291,-0.8892,0.4886,0.7557,1.2372,3.0478,0.0071,2.0819,8.1758
ffc166_Rep2_s7.png,0.3231,0.0212,-1.6741,0.4459,0.4031,1.4776,1.9378,0.0571,1.8493,2.6363
ffc167_Rep1_s0.png,0.2836,0.1148,-0.9399,0.5148,0.7727,1.2719,3.0195,0.0095,5.0457,43.9341
ffc167_Rep1_s1.png,0.1216,0.0855,-1.0678,0.4165,0.9333,1.2797,6.1327,0.012,5.6874,55.0704
ffc167_Rep1_s2.png,0.0673,0.2468,-0.6077,0.7485,0.8019,1.1591,11.8914,0.0259,5.8139,42.8953
ffc167_Rep1_s3.png,0.0029,0.971,-0.0128,0.9497,0.4552,0.8698,132.0736,0.0806,0.5433,-1.1515
ffc167_Rep1_s4.png,0.2455,0.0814,-1.0894,0.4212,0.7929,1.2791,3.3766,0.0135,3.2388,17.5799
ffc167_Rep1_s5.png,0.0656,0.3742,-0.4269,0.7936,0.828,1.1256,12.5607,0.0101,2.8076,10.7283
ffc167_Rep1_s6.png,0.2879,0.0913,-1.0397,0.4739,0.7703,1.2758,2.9329,0.008,6.0641,131.5841
ffc167_Rep1_s7.png,0.3313,0.0215,-1.6676,0.464,0.2426,1.4817,1.9354,0.0606,2.1687,4.4225
ffc167_Rep2_s0.png,0.2096,0.1063,-0.9734,0.409,0.8389,1.2091,3.9271,0.0144,6.6948,70.1806
ffc167_Rep2_s1.png,0.2501,0.0787,-1.1039,0.3965,0.7149,1.269,3.2829,0.011,4.988,47.1415
ffc167_Rep2_s2.png,0.0666,0.4411,-0.3555,0.85,0.7683,1.177,12.515,0.0383,2.9707,9.7045
ffc167_Rep2_s3.png,0.2781,0.1079,-0.9669,0.5086,0.835,1.2638,3.0998,0.013,5.1015,37.4784
ffc167_Rep2_s4.png,0.0732,0.2231,-0.6514,0.7779,0.8435,1.2181,11.0136,0.0257,2.5948,7.3759
ffc167_Rep2_s5.png,0.0624,0.4832,-0.3158,0.8839,0.7547,1.1272,13.5932,0.0172,3.088,11.2752
ffc167_Rep2_s6.png,0.0583,0.3327,-0.478,0.8488,0.7951,1.178,14.2321,0.0249,2.9613,9.9699
ffc167_Rep2_s7.png,0.3696,0.0224,-1.6502,0.4993,0.3726,1.491,1.7705,0.062,2.1593,3.9382
ffc169_Rep1_s0.png,0.2687,0.0792,-1.1015,0.4806,0.787,1.3086,3.1064,0.0092,2.6349,12.8926
ffc169_Rep1_s1.png,0.0909,0.1296,-0.8874,0.6493,0.2959,1.2291,7.9155,0.0581,1.364,0.6324
ffc169_Rep1_s2.png,0.2687,0.0861,-1.0652,0.5041,0.8121,1.2861,3.1148,0.0152,8.9775,126.0749
ffc169_Rep1_s3.png,0.1998,0.0625,-1.2038,0.3517,0.858,1.289,3.9421,0.0179,4.4533,25.975
ffc169_Rep1_s4.png,0.0813,0.0824,-1.0843,0.5833,0.9276,1.3132,9.1735,0.0095,2.0949,6.7247
ffc169_Rep1_s5.png,0.0954,0.1298,-0.8866,0.6709,0.3346,1.2271,7.6618,0.0606,1.4062,0.922
ffc169_Rep1_s6.png,0.1725,0.1011,-0.9952,0.5439,0.9369,1.2744,4.7368,0.0178,7.729,93.3285
ffc169_Rep1_s7.png,0.1716,0.0125,-1.9036,0.235,0.5893,1.4563,2.7383,0.0382,4.7502,27.1543
ffc169_Rep2_s0.png,0.0858,0.2066,-0.6848,0.7843,0.9363,1.1393,9.4065,0.0099,2.7535,14.2148
ffc169_Rep2_s1.png,0.0436,0.1876,-0.7268,0.5661,0.7586,1.0727,15.0856,0.0674,1.1944,0.1325
ffc169_Rep2_s2.png,0.0107,0.4084,-0.3889,0.8083,0.923,1.0712,50.206,0.0437,2.8614,8.5555
ffc169_Rep2_s3.png,0.1979,0.0773,-1.1117,0.3877,0.8819,1.2659,4.0715,0.0176,4.1646,22.2082
ffc169_Rep2_s4.png,0.2561,0.0389,-1.4102,0.3795,0.478,1.363,2.966,0.0115,3.6432,20.4516
ffc169_Rep2_s5.png,0.2408,0.0709,-1.1493,0.4596,0.8424,1.3106,3.3869,0.0149,4.4622,26.5012
ffc169_Rep2_s6.png,0.0703,0.13,-0.8861,0.7124,0.875,1.2537,11.054,0.01,3.1417,13.768
ffc169_Rep2_s7.png,0.293,0.021,-1.6788,0.3935,0.3399,1.4705,2.0538,0.071,1.6873,1.777
ffc16_Rep1_s0.png,0.0708,0.4432,-0.3534,0.8672,0.8624,1.151,11.8098,0.0291,2.7458,8.471
ffc16_Rep1_s1.png,0.0729,0.4607,-0.3365,0.8722,0.8601,1.1107,11.7846,0.0085,2.5746,10.1801
ffc16_Rep1_s2.png,0.1623,0.1104,-0.9569,0.5407,0.9424,1.2671,5.0629,0.0147,7.0556,120.7183
ffc16_Rep1_s3.png,0.2585,0.1126,-0.9486,0.4771,0.836,1.2448,3.3197,0.0129,4.9724,35.0178
ffc16_Rep1_s4.png,0.0709,0.1952,-0.7094,0.7708,0.8417,1.2321,11.2788,0.0243,2.805,8.8349
ffc16_Rep1_s5.png,0.0604,0.5403,-0.2674,0.8974,0.7913,1.1154,14.0086,0.0191,3.0058,9.908
ffc16_Rep1_s6.png,0.0786,0.2137,-0.6702,0.7511,0.898,1.2178,10.4476,0.0192,3.8164,17.354
ffc16_Rep1_s7.png,0.3148,0.0191,-1.7181,0.4454,0.51,1.487,1.9226,0.0555,1.7789,2.9878
ffc16_Rep2_s0.png,0.2711,0.0607,-1.2171,0.4321,0.7406,1.3279,2.9951,0.0129,5.5225,54.1033
ffc16_Rep2_s1.png,0.0851,0.2868,-0.5424,0.801,0.887,1.1884,9.8823,0.0068,1.9797,7.9384
ffc16_Rep2_s2.png,0.0833,0.3148,-0.502,0.8495,0.8588,1.1721,10.1176,0.0072,1.2015,2.2485
ffc16_Rep2_s3.png,0.2877,0.141,-0.8507,0.5258,0.8317,1.2241,3.0476,0.0114,5.0315,39.8715
ffc16_Rep2_s4.png,0.1968,0.0984,-1.0071,0.5615,0.9112,1.2874,4.2379,0.0145,4.0465,28.6339
ffc16_Rep2_s5.png,0.058,0.4947,-0.3057,0.8792,0.775,1.1053,14.5442,0.0189,2.9425,9.432
ffc16_Rep2_s6.png,0.0882,0.253,-0.5969,0.8157,0.9083,1.2017,9.4945,0.0166,4.6121,30.4569
ffc16_Rep2_s7.png,0.3285,0.0205,-1.6881,0.4681,0.4682,1.4863,1.9087,0.0668,1.8903,3.22
ffc170_Rep1_s0.png,0.2264,0.1288,-0.89,0.4931,0.8691,1.2293,3.7359,0.0163,4.1537,27.9276
ffc170_Rep1_s1.png,0.3426,0.1627,-0.7887,0.6601,0.7978,1.2195,2.6011,0.0127,3.2156,17.4105
ffc170_Rep1_s2.png,0.3328,0.1135,-0.9451,0.5682,0.8129,1.2831,2.6125,0.0198,5.1306,38.5805
ffc170_Rep1_s3.png,0.2667,0.1377,-0.8612,0.5359,0.8574,1.2337,3.2398,0.0091,4.4344,33.5917
ffc170_Rep1_s4.png,0.2768,0.1105,-0.9568,0.5441,0.7959,1.2589,3.1076,0.0086,2.2791,10.5261
ffc170_Rep1_s5.png,0.7015,0.667,-0.1759,0.956,0.3484,1.1131,1.3618,0.0127,10.0247,157.886
ffc170_Rep1_s6.png,0.4749,0.2237,-0.6503,0.7821,0.7609,1.2296,1.9409,0.0142,13.8775,251.2015
ffc170_Rep1_s7.png,0.2914,0.0206,-1.6867,0.4127,0.4035,1.4712,2.0847,0.0871,2.0195,3.1196
ffc170_Rep2_s0.png,0.2251,0.1377,-0.8611,0.5808,0.9057,1.2768,3.8095,0.0142,4.4976,36.3781
ffc170_Rep2_s1.png,0.226,0.0989,-1.0049,0.4429,0.808,1.2359,3.6367,0.0063,1.9512,8.4951
ffc170_Rep2_s2.png,0.4888,0.244,-0.6126,0.819,0.7438,1.2038,1.8909,0.0195,6.8636,66.5084
ffc170_Rep2_s3.png,0.2977,0.1254,-0.9018,0.5834,0.8502,1.2513,2.9211,0.0119,4.6679,37.0921
ffc170_Rep2_s4.png,0.2839,0.1085,-0.9644,0.6044,0.8257,1.2608,3.0378,0.0103,3.6191,23.1107
ffc170_Rep2_s5.png,0.7024,0.666,-0.1765,0.9567,0.3454,1.1223,1.3597,0.0112,5.6838,58.3107
ffc170_Rep2_s6.png,0.1714,0.0775,-1.1107,0.3489,0.8206,1.24,4.4607,0.006,1.3884,3.9039
ffc170_Rep2_s7.png,0.259,0.028,-1.5521,0.3942,0.4261,1.4074,2.4317,0.0823,2.1777,3.9245
ffc171_Rep1_s0.png,0.064,0.2328,-0.633,0.6766,0.957,1.1522,12.0061,0.0096,2.3391,11.7548
ffc171_Rep1_s1.png,0.0708,0.1439,-0.8421,0.6006,0.4829,1.1739,9.8533,0.0615,1.2568,0.2959
ffc171_Rep1_s2.png,0.0554,0.1663,-0.7791,0.7155,0.8037,1.2832,13.7568,0.0227,4.9726,40.8868
ffc171_Rep1_s3.png,0.1871,0.1037,-0.9843,0.6002,0.8925,1.2876,4.4688,0.0064,2.2304,8.6495
ffc171_Rep1_s4.png,0.0021,1.0,0.0,0.9583,0.5005,0.3819,147.7845,0.1287,0.756,-1.0173
ffc171_Rep1_s5.png,0.2255,0.107,-0.9707,0.4341,0.8185,1.2487,3.6707,0.0093,2.4494,9.2877
ffc171_Rep1_s6.png,0.4776,0.1349,-0.8701,0.7068,0.5961,1.2666,1.8751,0.0103,3.9071,25.7513
ffc171_Rep1_s7.png,0.196,0.0123,-1.9085,0.2718,0.5498,1.4756,2.4834,0.0451,4.4561,22.7984
ffc171_Rep2_s0.png,0.1374,0.0864,-1.0634,0.4175,0.9084,1.2195,5.6112,0.0112,4.2398,33.1259
ffc171_Rep2_s1.png,0.0851,0.1581,-0.8011,0.6545,0.4028,1.1876,8.5896,0.0597,1.3427,0.4741
ffc171_Rep2_s2.png,0.0145,0.52,-0.284,0.875,0.9228,1.0838,43.1326,0.0214,3.278,12.2011
ffc171_Rep2_s3.png,0.2529,0.0786,-1.1043,0.4296,0.819,1.2848,3.2841,0.0141,4.7012,29.9229
ffc171_Rep2_s4.png,0.0734,0.0672,-1.1728,0.6133,0.9271,1.3552,9.7529,0.0092,2.1399,6.9171
ffc171_Rep2_s5.png,0.0622,0.2923,-0.5342,0.7973,0.7996,1.1552,13.0115,0.0104,2.2537,6.6342
ffc171_Rep2_s6.png,0.7396,0.7746,-0.1109,0.9835,0.1688,1.1004,1.2956,0.0153,6.9955,68.4465
ffc171_Rep2_s7.png,0.2005,0.0134,-1.8741,0.2795,0.5602,1.4694,2.4647,0.0375,4.9354,29.097
ffc173_Rep1_s0.png,0.3067,0.0824,-1.0839,0.5249,0.7856,1.3095,2.775,0.0117,5.6162,50.5123
ffc173_Rep1_s1.png,0.0603,0.4357,-0.3608,0.9031,0.8641,1.1785,13.6629,0.0199,2.3322,6.2451
ffc173_Rep1_s2.png,0.0692,0.2208,-0.656,0.7454,0.75,1.1959,11.5593,0.0281,5.5005,37.6001
ffc173_Rep1_s3.png,0.0028,1.0,0.0,0.9731,0.4538,0.8618,134.4388,0.078,0.4659,-1.0908
ffc173_Rep1_s4.png,0.2066,0.1224,-0.9122,0.6516,0.9318,1.2602,4.1266,0.0112,2.1503,8.4917
ffc173_Rep1_s5.png,0.0634,0.4989,-0.302,0.8933,0.8136,1.1186,13.1542,0.0087,2.6657,9.8965
ffc173_Rep1_s6.png,0.0587,0.2866,-0.5428,0.7785,0.8079,1.1888,13.5558,0.0214,4.1608,24.0154
ffc173_Rep1_s7.png,0.227,0.018,-1.7438,0.3382,0.1813,1.4461,2.5117,0.0742,2.545,6.0001
ffc173_Rep2_s0.png,0.2809,0.1155,-0.9375,0.5148,0.7797,1.2808,3.0491,0.0097,4.6347,35.4546
ffc173_Rep2_s1.png,0.1032,0.17,-0.7696,0.5372,0.9055,1.2294,7.7833,0.0123,3.8968,21.657
ffc173_Rep2_s2.png,0.2525,0.081,-1.0917,0.6097,0.8806,1.3299,3.3368,0.013,8.3075,119.5488
ffc173_Rep2_s3.png,0.0116,0.1306,-0.8839,0.4553,0.9872,0.998,37.0852,0.036,0.9227,0.222
ffc173_Rep2_s4.png,0.2038,0.1161,-0.9351,0.5955,0.9292,1.2671,4.161,0.0111,2.3268,10.066
ffc173_Rep2_s5.png,0.0712,0.3794,-0.421,0.8875,0.8826,1.186,11.5957,0.0144,3.8566,19.9051
ffc173_Rep2_s6.png,0.2917,0.1278,-0.8936,0.5094,0.7547,1.2421,2.9551,0.0069,2.4719,11.2857
ffc173_Rep2_s7.png,0.3257,0.0225,-1.6479,0.4603,0.4249,1.4744,1.9518,0.0707,2.1558,3.9682
ffc174_Rep1_s0.png,0.2944,0.1005,-0.9977,0.5016,0.7689,1.2722,2.9015,0.0106,4.6943,34.6009
ffc174_Rep1_s1.png,0.0812,0.2256,-0.6468,0.7446,0.9007,1.1904,10.05,0.0171,3.1614,12.4446
ffc174_Rep1_s2.png,0.0607,0.2276,-0.6428,0.7795,0.767,1.2492,12.9276,0.0208,3.2781,14.581
ffc174_Rep1_s3.png,0.0028,1.0,0.0,0.9731,0.4028,0.8709,134.5128,0.0906,0.4647,-1.3896
ffc174_Rep1_s4.png,0.0865,0.2228,-0.6521,0.7425,0.889,1.2013,9.6147,0.0109,1.284,2.0398
ffc174_Rep1_s5.png,0.0595,0.3299,-0.4816,0.7805,0.8359,1.1241,13.6856,0.0178,3.3445,14.3547
ffc174_Rep1_s6.png,0.0583,0.5492,-0.2602,0.895,0.7987,1.0991,14.6301,0.0134,2.317,6.8963
ffc174_Rep1_s7.png,0.3325,0.0188,-1.7257,0.4649,0.438,1.5006,1.8788,0.0589,1.9048,3.4013
ffc174_Rep2_s0.png,0.222,0.1121,-0.9502,0.6004,0.9101,1.2963,3.8025,0.0136,4.11,26.4563
ffc174_Rep2_s1.png,0.2438,0.0914,-1.0392,0.4579,0.8069,1.2699,3.4071,0.0101,3.4835,21.6879
ffc174_Rep2_s2.png,0.007,0.8593,-0.0659,0.9424,0.6047,0.6941,80.7102,0.0782,1.0811,0.0054
ffc174_Rep2_s3.png,0.0047,0.77,-0.1135,0.9035,0.7333,0.5439,101.1364,0.0879,0.9149,-0.3942
ffc174_Rep2_s4.png,0.3087,0.1565,-0.8054,0.6279,0.8083,1.2155,2.8615,0.0123,2.9164,15.844
ffc174_Rep2_s5.png,0.6763,0.5915,-0.228,0.9449,0.3177,1.128,1.409,0.0153,7.1289,71.083
ffc174_Rep2_s6.png,0.6681,0.5138,-0.2892,0.9352,0.4121,1.1539,1.4221,0.0099,5.5167,85.8493
ffc174_Rep2_s7.png,0.3055,0.0206,-1.687,0.4292,0.4265,1.4742,2.0203,0.057,2.2779,5.3065
ffc176_Rep1_s0.png,0.2032,0.0917,-1.0377,0.4056,0.8036,1.2309,3.985,0.0137,5.5752,46.7223
ffc176_Rep1_s1.png,0.1656,0.1353,-0.8688,0.5323,0.9293,1.2477,4.969,0.0153,4.3111,26.5425
ffc176_Rep1_s2.png,0.0488,0.2977,-0.5262,0.7718,0.8302,1.1567,15.7985,0.0157,6.7503,74.8218
ffc176_Rep1_s3.png,0.2234,0.0865,-1.063,0.443,0.8488,1.2628,3.6449,0.0155,4.6556,28.9023
ffc176_Rep1_s4.png,0.2447,0.0891,-1.0502,0.4669,0.7757,1.2776,3.3977,0.0122,3.4801,19.1838
ffc176_Rep1_s5.png,0.0625,0.6029,-0.2197,0.9188,0.8183,1.0957,13.3875,0.0152,3.1573,12.2565
ffc176_Rep1_s6.png,0.2795,0.0863,-1.0638,0.467,0.713,1.2519,3.0082,0.008,3.9319,34.6555
ffc176_Rep1_s7.png,0.3201,0.0194,-1.7119,0.444,0.5008,1.4929,1.9242,0.0617,1.8661,2.6415
ffc176_Rep2_s0.png,0.2266,0.0724,-1.1402,0.4438,0.8043,1.2829,3.5904,0.0166,5.6226,45.3707
ffc176_Rep2_s1.png,0.248,0.1145,-0.9412,0.457,0.8021,1.2208,3.387,0.0115,4.6666,31.513
ffc176_Rep2_s2.png,0.0739,0.1933,-0.7138,0.7461,0.9434,1.2044,10.6754,0.0135,2.8897,14.3075
ffc176_Rep2_s3.png,0.2547,0.0919,-1.0365,0.4655,0.7631,1.2585,3.2793,0.0083,3.1183,18.7637
ffc176_Rep2_s4.png,0.2764,0.1145,-0.9412,0.5223,0.7748,1.2527,3.0956,0.0127,3.6523,21.5387
ffc176_Rep2_s5.png,0.072,0.3723,-0.4291,0.8748,0.8819,1.1609,11.4866,0.0063,1.431,3.1719
ffc176_Rep2_s6.png,0.2959,0.1014,-0.994,0.4869,0.7038,1.2418,2.8759,0.0112,5.1478,41.2533
ffc176_Rep2_s7.png,0.3044,0.018,-1.7439,0.4268,0.421,1.4997,1.9464,0.0578,1.7414,2.1814
ffc177_Rep1_s0.png,0.1426,0.1013,-0.9942,0.4391,0.9307,1.2725,5.5324,0.0129,3.7823,21.1738
ffc177_Rep1_s1.png,0.0967,0.0979,-1.0091,0.4851,0.9096,1.23,7.8419,0.0073,1.6237,3.2936
ffc177_Rep1_s2.png,0.0523,0.2435,-0.6135,0.7527,0.708,1.203,14.6496,0.0186,2.538,9.2024
ffc177_Rep1_s3.png,0.2403,0.115,-0.9395,0.4343,0.7887,1.2327,3.5119,0.0082,2.7647,15.1653
ffc177_Rep1_s4.png,0.2297,0.0763,-1.1172,0.4489,0.7819,1.2893,3.5615,0.0101,2.3552,9.5361
ffc177_Rep1_s5.png,0.0635,0.5703,-0.2439,0.916,0.8389,1.109,13.144,0.0139,3.5567,16.6
ffc177_Rep1_s6.png,0.264,0.0894,-1.0488,0.4493,0.73,1.2536,3.158,0.0065,1.7888,5.7742
ffc177_Rep1_s7.png,0.3082,0.0231,-1.637,0.4301,0.2208,1.4627,2.0492,0.0662,1.9465,3.3091
ffc177_Rep2_s0.png,0.2695,0.0811,-1.0908,0.4867,0.7793,1.2896,3.1223,0.0108,4.3012,30.2936
ffc177_Rep2_s1.png,0.276,0.1433,-0.8437,0.5075,0.7794,1.2243,3.111,0.0107,4.602,32.4933
ffc177_Rep2_s2.png,0.3672,0.0824,-1.0842,0.5602,0.5806,1.309,2.3321,0.0108,6.6484,79.4555
ffc177_Rep2_s3.png,0.2137,0.0835,-1.0785,0.404,0.7819,1.2493,3.7657,0.0062,1.2439,2.5932
ffc177_Rep2_s4.png,0.2706,0.0984,-1.0068,0.5346,0.7889,1.2796,3.1526,0.0098,3.2409,18.6945
ffc177_Rep2_s5.png,0.0646,0.515,-0.2882,0.8815,0.8153,1.1147,12.8665,0.0109,5.309,52.7343
ffc177_Rep2_s6.png,0.2619,0.1124,-0.9493,0.4855,0.7805,1.2656,3.2478,0.0068,2.0641,8.1204
ffc177_Rep2_s7.png,0.2977,0.0193,-1.7153,0.4273,0.4504,1.483,2.0302,0.085,1.8986,2.8282
ffc177_Rep3_s0.png,0.2541,0.0731,-1.136,0.4603,0.7785,1.3023,3.2593,0.0095,4.6312,35.9772
ffc177_Rep3_s1.png,0.079,0.3981,-0.4,0.8617,0.8362,1.158,10.7655,0.0068,1.8258,5.1612
ffc177_Rep3_s2.png,0.0694,0.4095,-0.3877,0.8523,0.7575,1.168,12.1631,0.0132,5.4239,70.5909
ffc177_Rep3_s3.png,0.2688,0.0876,-1.0576,0.4918,0.7976,1.2924,3.142,0.0113,4.578,32.6045
ffc177_Rep3_s4.png,0.0641,0.2956,-0.5293,0.8156,0.8808,1.2399,12.4283,0.0148,3.0055,11.0395
ffc177_Rep3_s5.png,0.0656,0.5082,-0.294,0.9048,0.8294,1.1713,12.7053,0.0117,3.1192,13.4772
ffc177_Rep3_s6.png,0.2739,0.0893,-1.0491,0.4672,0.7391,1.2849,3.0739,0.0076,2.771,13.3358
ffc177_Rep3_s7.png,0.2721,0.0247,-1.6066,0.3786,0.4855,1.4278,2.273,0.0613,1.8369,2.4005
ffc177_Rep4_s0.png,0.329,0.081,-1.0916,0.4898,0.4587,1.2813,2.5726,0.0146,5.0072,38.2364
ffc177_Rep4_s1.png,0.1288,0.0846,-1.0726,0.4353,0.9345,1.2825,5.9352,0.0111,5.3514,52.7362
ffc177_Rep4_s2.png,0.0735,0.3743,-0.4267,0.8343,0.7893,1.1946,11.4511,0.0114,3.0281,14.0176
ffc177_Rep4_s3.png,0.0024,1.0,0.0,0.9755,0.475,0.8349,140.9905,0.0694,0.6146,-0.9353
ffc177_Rep4_s4.png,0.2631,0.0826,-1.0831,0.5103,0.7895,1.2945,3.1892,0.0109,4.2019,28.2918
ffc177_Rep4_s5.png,0.066,0.5692,-0.2448,0.9126,0.8191,1.1076,12.7145,0.0117,3.4487,16.6429
ffc177_Rep4_s6.png,0.2689,0.1121,-0.9503,0.4657,0.7596,1.2437,3.1489,0.0066,2.1245,8.499
ffc177_Rep4_s7.png,0.334,0.0209,-1.6792,0.4586,0.3952,1.4862,1.8902,0.059,2.092,3.898
ffc178_Rep1_s0.png,0.2952,0.124,-0.9067,0.5428,0.7664,1.2563,2.9276,0.0098,4.3531,31.7275
ffc178_Rep1_s1.png,0.2531,0.1261,-0.8994,0.4809,0.8081,1.2377,3.3345,0.014,5.4191,43.9304
ffc178_Rep1_s2.png,0.3529,0.1084,-0.9649,0.6373,0.7966,1.2875,2.4699,0.0184,9.1975,112.006
ffc178_Rep1_s3.png,0.2551,0.0889,-1.051,0.4728,0.7887,1.2665,3.2742,0.008,2.8663,14.4824
ffc178_Rep1_s4.png,0.2323,0.0835,-1.0784,0.4776,0.8152,1.2919,3.5578,0.0136,3.696,20.7735
ffc178_Rep1_s5.png,0.0626,0.4809,-0.3179,0.8984,0.839,1.1558,13.2394,0.0134,3.224,13.8239
ffc178_Rep1_s6.png,0.304,0.0932,-1.0305,0.4962,0.7641,1.2841,2.8102,0.0114,6.1332,123.9827
ffc178_Rep1_s7.png,0.3238,0.0168,-1.7752,0.4382,0.2936,1.516,1.8285,0.0804,1.9465,3.1753
ffc178_Rep2_s0.png,0.2768,0.0804,-1.0949,0.523,0.794,1.3184,3.048,0.0127,5.4758,45.2487
ffc178_Rep2_s1.png,0.281,0.1429,-0.8449,0.5143,0.7836,1.2184,3.0687,0.012,5.0595,38.8058
ffc178_Rep2_s2.png,0.3446,0.1065,-0.9727,0.5886,0.7762,1.2702,2.523,0.0179,8.1017,86.8155
ffc178_Rep2_s3.png,0.2364,0.1025,-0.9892,0.473,0.8572,1.2503,3.5261,0.0204,6.2566,52.5371
ffc178_Rep2_s4.png,0.2544,0.0981,-1.0083,0.528,0.8019,1.2763,3.3195,0.011,2.9706,15.9818
ffc178_Rep2_s5.png,0.0699,0.3775,-0.4231,0.8771,0.8613,1.2119,11.7428,0.0058,1.0326,1.6301
ffc178_Rep2_s6.png,0.284,0.0779,-1.1086,0.4724,0.7692,1.2953,2.9533,0.0128,7.0797,132.8263
ffc178_Rep2_s7.png,0.2334,0.0154,-1.8118,0.3356,0.5527,1.4801,2.3128,0.0693,2.4246,5.5314
ffc178_Rep3_s0.png,0.2096,0.079,-1.1022,0.4416,0.8518,1.2832,3.9033,0.0147,4.6338,27.7774
ffc178_Rep3_s1.png,0.2592,0.1174,-0.9304,0.4791,0.7702,1.2387,3.2553,0.0093,4.0512,26.24
ffc178_Rep3_s2.png,0.3175,0.0795,-1.0997,0.5203,0.7528,1.3032,2.6834,0.0104,4.1468,37.9809
ffc178_Rep3_s3.png,0.1832,0.0765,-1.1161,0.3949,0.8817,1.2607,4.3685,0.0111,3.8462,24.9611
ffc178_Rep3_s4.png,0.3071,0.0773,-1.1118,0.6379,0.8002,1.3095,2.7446,0.0141,3.4914,23.3854
ffc178_Rep3_s5.png,0.0708,0.4917,-0.3083,0.9022,0.8236,1.171,11.8545,0.014,3.4834,16.3881
ffc178_Rep3_s6.png,0.2683,0.1186,-0.9258,0.4724,0.7577,1.2477,3.1645,0.0073,2.314,9.5547
ffc178_Rep3_s7.png,0.3341,0.0197,-1.7058,0.4798,0.3621,1.4927,1.8736,0.061,1.913,3.0233
ffc178_Rep4_s0.png,0.3009,0.1412,-0.8501,0.5387,0.7502,1.238,2.8882,0.0098,5.1801,48.4307
ffc178_Rep4_s1.png,0.3508,0.1475,-0.8313,0.647,0.7818,1.236,2.53,0.0121,4.2525,33.3225
ffc178_Rep4_s2.png,0.3412,0.1044,-0.9813,0.5786,0.7944,1.2706,2.5488,0.0182,8.702,99.3307
ffc178_Rep4_s3.png,0.0861,0.1286,-0.8907,0.69,0.9323,1.2635,9.1792,0.0081,1.8949,4.9892
ffc178_Rep4_s4.png,0.3113,0.121,-0.9172,0.6225,0.799,1.257,2.816,0.0097,2.5393,15.9878
ffc178_Rep4_s5.png,0.0603,0.4941,-0.3062,0.8742,0.7956,1.1742,13.7099,0.0102,2.6654,9.7971
ffc178_Rep4_s6.png,0.0703,0.2048,-0.6886,0.7594,0.9029,1.1785,11.3688,0.0088,2.7772,14.3484
ffc178_Rep4_s7.png,0.2919,0.0221,-1.6546,0.4124,0.1597,1.4585,2.1224,0.0882,2.0424,3.2416
ffc179_Rep1_s0.png,0.2698,0.0997,-1.0013,0.5131,0.8068,1.2799,3.1556,0.0148,4.5641,27.4245
ffc179_Rep1_s1.png,0.2466,0.1057,-0.976,0.4656,0.7895,1.2522,3.395,0.0125,4.4225,28.6232
ffc179_Rep1_s2.png,0.3289,0.1221,-0.9133,0.5732,0.7658,1.2548,2.6539,0.0105,4.5895,40.5707
ffc179_Rep1_s3.png,0.292,0.1295,-0.8876,0.5583,0.8211,1.2477,2.9721,0.0081,2.9985,19.4845
ffc179_Rep1_s4.png,0.3102,0.1508,-0.8215,0.6174,0.8006,1.2324,2.8417,0.0123,3.3306,19.9517
ffc179_Rep1_s5.png,0.0676,0.3749,-0.426,0.8615,0.8754,1.2176,12.1445,0.0194,4.4964,25.402
ffc179_Rep1_s6.png,0.2684,0.115,-0.9393,0.4687,0.7568,1.2515,3.1652,0.0091,3.3617,20.4413
ffc179_Rep1_s7.png,0.2905,0.0215,-1.6666,0.412,0.4594,1.4605,2.1054,0.0603,1.8902,2.6487
ffc179_Rep2_s0.png,0.2623,0.1497,-0.8249,0.5069,0.8018,1.2203,3.2759,0.0123,4.5704,27.4376
ffc179_Rep2_s1.png,0.2903,0.1358,-0.8672,0.5495,0.794,1.242,2.9874,0.0129,4.5302,36.8542
ffc179_Rep2_s2.png,0.3023,0.0995,-1.0021,0.529,0.7832,1.2868,2.8415,0.0092,3.3355,21.6703
ffc179_Rep2_s3.png,0.2229,0.1038,-0.9837,0.4349,0.855,1.2494,3.7534,0.0112,4.4456,39.2897
ffc179_Rep2_s4.png,0.3164,0.1544,-0.8113,0.6359,0.81,1.2166,2.7929,0.0116,3.2005,18.662
ffc179_Rep2_s5.png,0.0754,0.3959,-0.4024,0.857,0.8746,1.1725,11.0089,0.006,1.0771,1.963
ffc179_Rep2_s6.png,0.1685,0.156,-0.8068,0.5074,0.9358,1.2107,4.9625,0.0139,4.1714,23.7333
ffc179_Rep2_s7.png,0.3358,0.0198,-1.7025,0.4694,0.1323,1.49,1.8735,0.0732,2.0356,3.6056
ffc17_Rep1_s0.png,0.1381,0.108,-0.9666,0.4722,0.9235,1.2664,5.7489,0.0191,4.7142,38.3631
ffc17_Rep1_s1.png,0.0573,0.3744,-0.4267,0.8549,0.8201,1.1905,14.1211,0.0186,3.1657,12.2121
ffc17_Rep1_s2.png,0.0549,0.3231,-0.4907,0.798,0.7695,1.2054,14.6475,0.0269,3.6195,17.3731
ffc17_Rep1_s3.png,0.0028,0.9119,-0.04,0.9394,0.6905,0.4794,130.3684,0.093,0.5436,-0.551
ffc17_Rep1_s4.png,0.216,0.0442,-1.3548,0.387,0.8287,1.3493,3.517,0.0166,2.01,6.3284
ffc17_Rep1_s5.png,0.0674,0.3515,-0.4541,0.8382,0.8801,1.1681,12.0809,0.0067,1.4536,3.2418
ffc17_Rep1_s6.png,0.1206,0.2108,-0.6761,0.5331,0.9355,1.1718,6.7316,0.0185,3.8757,18.0933
ffc17_Rep1_s7.png,0.3196,0.0201,-1.6978,0.4513,0.4797,1.4865,1.9505,0.0541,1.9482,3.5464
ffc17_Rep2_s0.png,0.0605,0.435,-0.3615,0.8825,0.8513,1.1619,13.4987,0.0117,2.4098,7.6428
ffc17_Rep2_s1.png,0.0791,0.4893,-0.3104,0.9119,0.8708,1.0922,10.6805,0.0183,3.8909,18.9144
ffc17_Rep2_s2.png,0.0701,0.5381,-0.2691,0.8991,0.8612,1.119,11.9707,0.0212,3.7261,17.2036
ffc17_Rep2_s3.png,0.2499,0.108,-0.9664,0.4695,0.805,1.2512,3.3617,0.0077,3.0367,17.0186
ffc17_Rep2_s4.png,0.2806,0.0357,-1.4478,0.5574,0.7963,1.4103,2.6816,0.0242,2.9362,13.5533
ffc17_Rep2_s5.png,0.0726,0.4584,-0.3387,0.9186,0.8836,1.1432,11.5151,0.0171,2.4834,7.2214
ffc17_Rep2_s6.png,0.0612,0.1918,-0.7172,0.6862,0.9267,1.247,11.9494,0.0264,2.4801,6.5176
ffc17_Rep2_s7.png,0.2887,0.021,-1.6783,0.4165,0.4911,1.4714,2.1148,0.0553,1.7987,2.7432
ffc180_Rep1_s0.png,0.2426,0.1273,-0.8952,0.4432,0.7768,1.222,3.4672,0.0114,5.1116,41.916
ffc180_Rep1_s1.png,0.0634,0.4836,-0.3155,0.9077,0.8647,1.1586,13.0967,0.0193,2.7099,8.5365
ffc180_Rep1_s2.png,0.0073,0.66,-0.1804,0.8678,0.7585,0.7406,76.1034,0.0783,0.6976,-0.188
ffc180_Rep1_s3.png,0.0404,0.3185,-0.4969,0.6625,0.7145,0.9954,17.702,0.0618,1.7997,2.3875
ffc180_Rep1_s4.png,0.0965,0.048,-1.3185,0.3721,0.794,1.2695,6.3979,0.0255,2.1442,6.2743
ffc180_Rep1_s5.png,0.0755,0.3541,-0.4508,0.8314,0.8532,1.1507,10.9975,0.0062,1.4217,3.3719
ffc180_Rep1_s6.png,0.0626,0.2957,-0.5291,0.8084,0.8471,1.1446,13.1108,0.0187,2.6377,9.4226
ffc180_Rep1_s7.png,0.2713,0.0199,-1.7017,0.3898,0.433,1.4676,2.205,0.0747,2.4914,5.5369
ffc180_Rep2_s0.png,0.0658,0.4698,-0.3281,0.903,0.8421,1.1138,12.6432,0.0187,5.8799,57.0845
ffc180_Rep2_s1.png,0.0715,0.3307,-0.4806,0.7924,0.841,1.1729,11.757,0.0075,2.4104,10.8595
ffc180_Rep2_s2.png,0.0572,0.4076,-0.3897,0.8566,0.8786,1.1285,14.5294,0.0221,2.7957,10.7042
ffc180_Rep2_s3.png,0.1629,0.107,-0.9704,0.4476,0.9327,1.2758,5.0193,0.0127,3.9244,23.2526
ffc180_Rep2_s4.png,0.3937,0.0337,-1.4718,0.6213,0.2098,1.4482,1.9748,0.0176,2.9934,15.3753
ffc180_Rep2_s5.png,0.0961,0.2464,-0.6083,0.8082,0.9172,1.1932,8.5948,0.0078,1.9647,6.2957
ffc180_Rep2_s6.png,0.071,0.2849,-0.5454,0.8014,0.8976,1.1364,11.5711,0.0231,2.9816,9.3037
ffc180_Rep2_s7.png,0.3492,0.0197,-1.7046,0.4805,0.344,1.5005,1.8248,0.0505,2.0384,3.8913
ffc181_Rep1_s0.png,0.2927,0.1031,-0.9868,0.5668,0.7997,1.2843,2.9388,0.0126,5.082,36.7999
ffc181_Rep1_s1.png,0.224,0.0746,-1.1274,0.4253,0.7924,1.2971,3.6135,0.0091,2.9493,12.6155
ffc181_Rep1_s2.png,0.0098,0.7742,-0.1111,0.9194,0.5905,0.7662,64.4444,0.0632,1.2953,1.0144
ffc181_Rep1_s3.png,0.2473,0.1448,-0.8392,0.5291,0.8783,1.186,3.5244,0.0174,6.7584,63.4183
ffc181_Rep1_s4.png,0.38,0.0825,-1.0834,0.7824,0.7511,1.3416,2.2732,0.014,2.8877,15.6798
ffc181_Rep1_s5.png,0.0052,0.5707,-0.2436,0.8995,0.9468,0.9864,87.5973,0.045,0.8529,0.0686
ffc181_Rep1_s6.png,0.2678,0.1197,-0.9219,0.4758,0.7604,1.2371,3.1718,0.0082,2.7012,13.4057
ffc181_Rep1_s7.png,0.3018,0.0202,-1.6937,0.4185,0.4643,1.4735,2.0197,0.0685,1.9382,2.8771
ffc181_Rep2_s0.png,0.2816,0.1214,-0.9156,0.5341,0.7897,1.2613,3.0576,0.0108,4.5282,30.554
ffc181_Rep2_s1.png,0.0611,0.5821,-0.235,0.9111,0.8281,1.0247,13.8884,0.0214,2.0221,5.1181
ffc181_Rep2_s2.png,0.3169,0.1508,-0.8215,0.5645,0.7324,1.215,2.7588,0.0166,5.5148,43.3223
ffc181_Rep2_s3.png,0.084,0.2958,-0.529,0.7878,0.9049,1.1533,9.9892,0.0249,2.9565,9.7114
ffc181_Rep2_s4.png,0.3416,0.1128,-0.9475,0.7184,0.7955,1.2832,2.5594,0.0141,3.203,17.011
ffc181_Rep2_s5.png,0.0623,0.4176,-0.3793,0.887,0.8305,1.173,13.1205,0.0129,5.5161,52.223
ffc181_Rep2_s6.png,0.0768,0.2198,-0.658,0.7519,0.9054,1.1803,10.5906,0.0097,2.9169,17.2968
ffc181_Rep2_s7.png,0.3145,0.0218,-1.6608,0.4463,0.4462,1.4737,2.0063,0.0584,1.9062,2.8912
ffc183_Rep1_s0.png,0.2505,0.1031,-0.9868,0.4747,0.82,1.2666,3.3553,0.0123,5.3869,45.3536
ffc183_Rep1_s1.png,0.1925,0.0679,-1.1678,0.3433,0.8505,1.2702,4.0758,0.011,3.6136,21.7222
ffc183_Rep1_s2.png,0.3188,0.0973,-1.0117,0.5851,0.8199,1.2854,2.7055,0.0208,9.4585,110.3161
ffc183_Rep1_s3.png,0.0052,0.6924,-0.1596,0.8776,0.8725,0.5965,88.8982,0.0618,0.351,-0.3849
ffc183_Rep1_s4.png,0.1267,0.0615,-1.2111,0.5489,0.5834,1.3022,5.5259,0.0214,3.0982,13.7646
ffc183_Rep1_s5.png,0.0707,0.4258,-0.3707,0.8583,0.821,1.1585,11.7664,0.0057,1.2113,2.5395
ffc183_Rep1_s6.png,0.061,0.2096,-0.6786,0.7938,0.8493,1.2304,12.7949,0.0099,2.2023,5.8352
ffc183_Rep1_s7.png,0.3181,0.0194,-1.7133,0.4483,0.3886,1.4868,1.9516,0.0676,1.9564,3.0541
ffc183_Rep2_s0.png,0.205,0.0735,-1.1339,0.4187,0.8381,1.2789,3.9287,0.0148,4.3192,23.9104
ffc183_Rep2_s1.png,0.1556,0.1102,-0.9577,0.4779,0.9171,1.2528,5.1581,0.0054,1.7044,6.1358
ffc183_Rep2_s2.png,0.3052,0.1044,-0.9813,0.5482,0.8172,1.2556,2.8308,0.0152,9.8424,150.7491
ffc183_Rep2_s3.png,0.0024,0.967,-0.0146,0.9521,0.464,0.5935,140.3233,0.0913,0.2679,-1.291
ffc183_Rep2_s4.png,0.3318,0.0283,-1.5475,0.6031,0.7308,1.4725,2.2394,0.0191,3.2662,20.8009
ffc183_Rep2_s5.png,0.073,0.4365,-0.36,0.8658,0.8219,1.1562,11.4443,0.006,1.2832,2.8059
ffc183_Rep2_s6.png,0.2596,0.1077,-0.9678,0.4828,0.7786,1.2682,3.2537,0.0094,3.6041,21.2602
ffc183_Rep2_s7.png,0.3109,0.0214,-1.6686,0.4544,0.32,1.4747,2.018,0.0698,1.9315,2.7618
ffc184_Rep1_s0.png,0.2422,0.084,-1.0756,0.4239,0.7685,1.2739,3.4037,0.0079,4.0476,37.0443
ffc184_Rep1_s1.png,0.0855,0.284,-0.5466,0.8003,0.9054,1.1613,9.7706,0.0073,2.0144,6.6972
ffc184_Rep1_s2.png,0.0183,0.2134,-0.6709,0.5969,0.987,1.096,29.0218,0.0128,1.0813,1.5179
ffc184_Rep1_s3.png,0.075,0.2798,-0.5532,0.7709,0.8934,1.13,11.1017,0.0267,2.8724,9.6734
ffc184_Rep1_s4.png,0.0877,0.0524,-1.2806,0.3824,0.5362,1.2602,6.8015,0.0312,2.1743,6.743
ffc184_Rep1_s5.png,0.1056,0.1268,-0.8969,0.4061,0.8941,1.1899,7.4239,0.0118,2.9253,11.4765
ffc184_Rep1_s6.png,0.1251,0.1822,-0.7395,0.493,0.9212,1.2022,6.4598,0.0068,1.6624,6.0932
ffc184_Rep1_s7.png,0.312,0.0226,-1.6453,0.4425,0.3935,1.4645,2.0263,0.0568,2.0066,3.5004
ffc184_Rep2_s0.png,0.2123,0.1301,-0.8856,0.6379,0.9218,1.2602,4.0286,0.0174,5.6138,44.8047
ffc184_Rep2_s1.png,0.2108,0.0839,-1.0764,0.3906,0.7408,1.2685,3.8006,0.0063,1.7582,6.2509
ffc184_Rep2_s2.png,0.2277,0.0661,-1.1796,0.4087,0.7883,1.2864,3.5292,0.0101,3.4092,21.8991
ffc184_Rep2_s3.png,0.2418,0.0819,-1.0865,0.4473,0.7949,1.2654,3.4081,0.0076,2.5166,11.7348
ffc184_Rep2_s4.png,0.3449,0.0481,-1.3177,0.6884,0.7453,1.3989,2.3368,0.0148,2.7933,12.9756
ffc184_Rep2_s5.png,0.0655,0.5112,-0.2914,0.886,0.8353,1.1619,12.7276,0.0111,3.0845,13.9694
ffc184_Rep2_s6.png,0.2729,0.0961,-1.0172,0.4613,0.7262,1.246,3.0799,0.0071,2.3242,11.8494
ffc184_Rep2_s7.png,0.3231,0.0203,-1.6931,0.4486,0.3642,1.4857,1.9199,0.0618,2.0417,3.3938
ffc185_Rep1_s0.png,0.0765,0.3403,-0.4681,0.8497,0.8396,1.1313,10.9328,0.0303,5.463,34.473
ffc185_Rep1_s1.png,0.0618,0.4673,-0.3304,0.8605,0.8546,1.0833,13.6454,0.0166,2.3907,7.6277
ffc185_Rep1_s2.png,0.0089,0.8912,-0.05,0.9589,0.6758,0.7084,68.9894,0.0344,1.8021,6.4266
ffc185_Rep1_s3.png,0.2096,0.0828,-1.0822,0.3738,0.8369,1.2576,3.8592,0.0142,4.0185,22.8137
ffc185_Rep1_s4.png,0.2245,0.0212,-1.673,0.4404,0.6723,1.4549,2.6984,0.0246,1.9117,5.3431
ffc185_Rep1_s5.png,0.083,0.25,-0.6021,0.7731,0.8844,1.1718,9.8115,0.006,1.4755,3.6955
ffc185_Rep1_s6.png,0.0734,0.4487,-0.348,0.861,0.877,1.0737,11.5506,0.0169,2.4136,7.8619
ffc185_Rep1_s7.png,0.3113,0.0204,-1.6895,0.4357,0.3625,1.4734,1.9956,0.0596,1.9976,3.2777
ffc185_Rep2_s0.png,0.271,0.0902,-1.0446,0.5069,0.7973,1.3046,3.1091,0.0101,4.3434,26.7728
ffc185_Rep2_s1.png,0.2209,0.0738,-1.1322,0.4121,0.7401,1.2771,3.665,0.0056,1.0416,1.7656
ffc185_Rep2_s2.png,0.3248,0.0922,-1.0354,0.5548,0.7908,1.2995,2.6608,0.0132,11.61,194.769
ffc185_Rep2_s3.png,0.0041,0.1996,-0.6999,0.7094,0.9956,0.8961,57.8484,0.0177,0.3694,-0.8926
ffc185_Rep2_s4.png,0.2316,0.0707,-1.1507,0.4304,0.8414,1.3067,3.5307,0.0176,3.3065,16.353
ffc185_Rep2_s5.png,0.0799,0.2,-0.6989,0.7511,0.9195,1.2224,10.0034,0.0095,2.1073,6.1571
ffc185_Rep2_s6.png,0.2527,0.0876,-1.0577,0.4542,0.7543,1.269,3.2907,0.0066,2.1364,8.5083
ffc185_Rep2_s7.png,0.3157,0.0194,-1.7133,0.4499,0.3999,1.4881,1.9539,0.0729,1.93,2.8314
ffc185_Rep3_s0.png,0.1356,0.076,-1.1191,0.5052,0.9414,1.2873,5.7248,0.0106,3.8598,26.7134
ffc185_Rep3_s1.png,0.0596,0.1208,-0.9179,0.6787,0.846,1.335,12.8533,0.0127,3.4665,19.3785
ffc185_Rep3_s2.png,0.0094,0.9043,-0.0437,0.9626,0.6606,0.7247,66.2951,0.0521,1.66,3.147
ffc185_Rep3_s3.png,0.0605,0.1449,-0.8389,0.7123,0.9037,1.2955,12.0269,0.0234,4.1224,23.5685
ffc185_Rep3_s4.png,0.2902,0.0668,-1.1755,0.5217,0.8046,1.3332,2.8874,0.0102,2.2755,9.302
ffc185_Rep3_s5.png,0.0714,0.3146,-0.5023,0.8214,0.8707,1.2013,11.4097,0.006,1.1709,2.4466
ffc185_Rep3_s6.png,0.2961,0.0901,-1.0452,0.4876,0.7625,1.2861,2.8558,0.009,3.35,22.4951
ffc185_Rep3_s7.png,0.3025,0.0228,-1.6416,0.4315,0.3439,1.4611,2.0664,0.0682,1.9621,3.1454
ffc185_Rep4_s0.png,0.2597,0.1138,-0.9437,0.4895,0.8019,1.2562,3.2726,0.0134,5.1928,36.8877
ffc185_Rep4_s1.png,0.0923,0.1044,-0.9814,0.3803,0.9295,1.248,7.9386,0.0086,2.1378,7.2557
ffc185_Rep4_s2.png,0.2709,0.0602,-1.2201,0.4613,0.7667,1.3331,3.0168,0.0107,6.1191,81.8435
ffc185_Rep4_s3.png,0.0028,0.9964,-0.0016,0.9581,0.3444,0.4352,133.8674,0.0971,0.6396,-0.4679
ffc185_Rep4_s4.png,0.3536,0.0403,-1.3952,0.6636,0.6928,1.4409,2.2059,0.0183,3.3065,22.4372
ffc185_Rep4_s5.png,0.0719,0.3051,-0.5155,0.8203,0.9007,1.2042,11.271,0.0138,3.856,21.7301
ffc185_Rep4_s6.png,0.2625,0.1098,-0.9595,0.473,0.7693,1.2518,3.2144,0.007,2.3878,10.8306
ffc185_Rep4_s7.png,0.306,0.0222,-1.6538,0.4433,0.3935,1.4635,2.042,0.0596,1.9573,3.2252
ffc186_Rep1_s0.png,0.0664,0.427,-0.3696,0.8898,0.8725,1.1268,12.4185,0.0106,3.9884,30.6913
ffc186_Rep1_s1.png,0.0787,0.1204,-0.9195,0.5887,0.9174,1.2852,9.7887,0.0075,2.5377,10.2744
ffc186_Rep1_s2.png,0.0086,0.825,-0.0836,0.9308,0.4824,0.7225,70.7636,0.0757,1.1598,0.3636
ffc186_Rep1_s3.png,0.2428,0.0945,-1.0245,0.4634,0.7938,1.2596,3.4212,0.0081,3.7802,28.294
ffc186_Rep1_s4.png,0.3058,0.1019,-0.9918,0.627,0.8103,1.2798,2.8185,0.012,2.3767,12.2024
ffc186_Rep1_s5.png,0.0774,0.339,-0.4698,0.8149,0.884,1.1651,10.6561,0.0056,0.9665,1.4758
ffc186_Rep1_s6.png,0.2411,0.1034,-0.9855,0.4493,0.7758,1.2634,3.4626,0.0115,4.3663,28.6462
ffc186_Rep1_s7.png,0.3126,0.0207,-1.683,0.434,0.4349,1.4787,1.9972,0.0673,1.9173,2.862
ffc186_Rep2_s0.png,0.0719,0.4037,-0.3939,0.8835,0.8828,1.1019,11.5416,0.0133,3.3375,15.0705
ffc186_Rep2_s1.png,0.2859,0.1286,-0.8908,0.4969,0.741,1.2256,2.9922,0.0116,4.6983,40.6307
ffc186_Rep2_s2.png,0.0827,0.3173,-0.4985,0.7937,0.7969,1.1391,10.0589,0.0238,4.3104,25.6346
ffc186_Rep2_s3.png,0.2658,0.1457,-0.8365,0.4705,0.8069,1.2024,3.2105,0.0098,4.0407,29.4929
ffc186_Rep2_s4.png,0.3086,0.0547,-1.2621,0.6114,0.8159,1.3641,2.669,0.0174,3.4711,19.4214
ffc186_Rep2_s5.png,0.0658,0.4788,-0.3198,0.8925,0.8415,1.1337,12.676,0.0075,1.4292,3.8369
ffc186_Rep2_s6.png,0.1864,0.1356,-0.8676,0.577,0.9238,1.2506,4.526,0.0088,3.1263,15.7775
ffc186_Rep2_s7.png,0.3342,0.0205,-1.6891,0.4713,0.4127,1.4895,1.8845,0.0797,2.0609,3.7239
ffc186_Rep3_s0.png,0.2407,0.1238,-0.9073,0.4538,0.7992,1.2422,3.5009,0.0115,4.4077,27.7585
ffc186_Rep3_s1.png,0.1332,0.0885,-1.0532,0.4376,0.9331,1.2908,5.774,0.0082,2.9152,14.069
ffc186_Rep3_s2.png,0.0081,0.3927,-0.4059,0.7352,0.9549,0.8229,76.7196,0.0261,1.6972,3.1823
ffc186_Rep3_s3.png,0.009,0.2024,-0.6937,0.5513,0.9854,0.9718,54.6995,0.0192,1.2814,3.5912
ffc186_Rep3_s4.png,0.4269,0.0495,-1.305,0.685,0.5105,1.4204,1.9412,0.0171,3.4755,24.6268
ffc186_Rep3_s5.png,0.0683,0.4891,-0.3106,0.8841,0.8351,1.1247,12.5424,0.0152,3.0866,13.6527
ffc186_Rep3_s6.png,0.0859,0.3197,-0.4953,0.8045,0.8998,1.1443,9.7575,0.0069,1.9203,7.0485
ffc186_Rep3_s7.png,0.3345,0.0195,-1.7101,0.4691,0.4225,1.4963,1.8748,0.0575,1.9603,3.3857
ffc186_Rep4_s0.png,0.0667,0.377,-0.4236,0.8564,0.8245,1.1138,12.545,0.0287,3.411,13.4456
ffc186_Rep4_s1.png,0.0752,0.296,-0.5288,0.7832,0.8662,1.1899,11.1501,0.0062,1.4928,4.343
ffc186_Rep4_s2.png,0.0095,0.8965,-0.0474,0.9615,0.5947,0.6383,65.9205,0.0443,1.5498,2.4322
ffc186_Rep4_s3.png,0.0948,0.127,-0.8963,0.6685,0.9305,1.2453,8.3806,0.0084,2.0708,6.0802
ffc186_Rep4_s4.png,0.2497,0.0198,-1.7027,0.4003,0.6065,1.4692,2.4035,0.0292,1.9413,5.2062
ffc186_Rep4_s5.png,0.0666,0.5347,-0.2719,0.9062,0.8324,1.1172,12.8857,0.0137,2.6901,9.4836
ffc186_Rep4_s6.png,0.1791,0.1465,-0.8342,0.4987,0.9279,1.2256,4.6666,0.0124,3.9055,29.2259
ffc186_Rep4_s7.png,0.3393,0.0197,-1.706,0.4769,0.2933,1.4993,1.855,0.0586,2.0083,3.4753
ffc187_Rep1_s0.png,0.0722,0.3384,-0.4706,0.8152,0.8814,1.1949,11.3315,0.0195,3.5194,14.9874
ffc187_Rep1_s1.png,0.0735,0.2725,-0.5647,0.8111,0.8604,1.198,11.3633,0.0066,1.6686,5.0943
ffc187_Rep1_s2.png,0.2264,0.0295,-1.5295,0.5024,0.7243,1.4201,2.8778,0.0362,2.048,4.2584
ffc187_Rep1_s3.png,0.0829,0.3246,-0.4886,0.7871,0.8579,1.1319,10.2626,0.0214,4.1633,20.449
ffc187_Rep1_s4.png,0.3162,0.0356,-1.448,0.5622,0.6695,1.4317,2.3564,0.0203,1.8738,4.6859
ffc187_Rep1_s5.png,0.0683,0.3633,-0.4397,0.8587,0.8631,1.2225,12.0211,0.006,0.9774,1.4575
ffc187_Rep1_s6.png,0.1203,0.1682,-0.7743,0.5013,0.9232,1.201,6.6895,0.0058,1.07,2.3679
ffc187_Rep1_s7.png,0.3526,0.0211,-1.6757,0.505,0.3404,1.4935,1.8409,0.051,1.9063,3.1085
ffc187_Rep2_s0.png,0.2455,0.1149,-0.9396,0.4571,0.7816,1.2513,3.4305,0.011,4.5051,33.3504
ffc187_Rep2_s1.png,0.3084,0.1048,-0.9795,0.5854,0.7835,1.2784,2.8025,0.013,4.4569,35.5004
ffc187_Rep2_s2.png,0.0062,0.1594,-0.7974,0.5904,0.97,0.9918,50.9692,0.0509,1.77,2.7465
ffc187_Rep2_s3.png,0.0617,0.2507,-0.6009,0.7727,0.8759,1.1826,13.071,0.0303,2.4465,6.251
ffc187_Rep2_s4.png,0.3687,0.0652,-1.1859,0.7155,0.7027,1.3679,2.2802,0.0172,2.8773,16.8495
ffc187_Rep2_s5.png,0.0898,0.1768,-0.7525,0.6634,0.5801,1.1671,8.3918,0.061,1.5251,1.2704
ffc187_Rep2_s6.png,0.0653,0.5554,-0.2554,0.9179,0.8635,1.1216,13.144,0.0276,2.6784,8.4594
ffc187_Rep2_s7.png,0.2825,0.0204,-1.6911,0.4078,0.5245,1.4651,2.1462,0.0652,1.8256,2.7311
ffc188_Rep1_s0.png,0.2088,0.0771,-1.1129,0.4088,0.8257,1.2843,3.8782,0.0144,4.3164,23.3037
ffc188_Rep1_s1.png,0.0819,0.2428,-0.6148,0.667,0.8417,1.1494,10.0874,0.0057,1.5703,4.3719
ffc188_Rep1_s2.png,0.0681,0.4261,-0.3705,0.9061,0.8811,1.1472,12.1279,0.0234,4.4573,25.3613
ffc188_Rep1_s3.png,0.2741,0.1131,-0.9466,0.535,0.8077,1.2591,3.1199,0.0088,3.0666,16.8372
ffc188_Rep1_s4.png,0.3184,0.1091,-0.9622,0.6258,0.7931,1.2744,2.7385,0.0118,2.4242,10.7461
ffc188_Rep1_s5.png,0.0613,0.393,-0.4056,0.8719,0.8195,1.1841,13.2878,0.0138,5.069,42.799
ffc188_Rep1_s6.png,0.2599,0.1117,-0.9519,0.4678,0.7632,1.2546,3.247,0.0076,2.3314,10.06
ffc188_Rep1_s7.png,0.277,0.0192,-1.7161,0.3991,0.2692,1.4749,2.1448,0.0689,2.0155,3.334
ffc188_Rep2_s0.png,0.2323,0.1045,-0.9809,0.43,0.7913,1.25,3.5809,0.011,4.421,28.804
ffc188_Rep2_s1.png,0.066,0.3971,-0.4011,0.8489,0.7807,1.1527,12.9214,0.0112,3.6367,21.0868
ffc188_Rep2_s2.png,0.0503,0.3614,-0.442,0.8567,0.8441,1.1373,16.2401,0.0157,2.3938,8.7388
ffc188_Rep2_s3.png,0.0562,0.1346,-0.871,0.6423,0.947,1.2578,12.9798,0.022,6.7087,57.0979
ffc188_Rep2_s4.png,0.1979,0.0381,-1.4185,0.3713,0.7712,1.3486,3.6942,0.016,2.6291,11.4969
ffc188_Rep2_s5.png,0.1597,0.1028,-0.988,0.4622,0.9383,1.2777,5.031,0.0099,2.7583,11.2167
ffc188_Rep2_s6.png,0.1103,0.1555,-0.8082,0.4558,0.9267,1.1952,7.1041,0.0066,1.7273,5.9727
ffc188_Rep2_s7.png,0.3206,0.0206,-1.6851,0.4483,0.418,1.4835,1.9378,0.0652,1.8846,3.075
ffc188_Rep3_s0.png,0.278,0.0847,-1.0721,0.4369,0.5617,1.2582,2.9298,0.0119,4.9371,39.6702
ffc188_Rep3_s1.png,0.076,0.4177,-0.3791,0.8241,0.8405,1.1293,11.2683,0.0099,2.4634,8.6067
ffc188_Rep3_s2.png,0.1592,0.1051,-0.9782,0.5365,0.9313,1.2596,5.1146,0.0192,3.9643,21.3381
ffc188_Rep3_s3.png,0.0023,1.0,0.0,0.961,0.412,0.3767,144.6314,0.1129,0.1857,-1.5435
ffc188_Rep3_s4.png,0.3417,0.0368,-1.4341,0.6169,0.4046,1.4276,2.2478,0.0199,3.4031,20.8287
ffc188_Rep3_s5.png,0.0629,0.5221,-0.2823,0.8877,0.7955,1.1202,13.453,0.006,1.6915,8.6242
ffc188_Rep3_s6.png,0.1436,0.1363,-0.8656,0.4841,0.9415,1.2704,5.7008,0.0098,5.4886,86.5113
ffc188_Rep3_s7.png,0.3589,0.0207,-1.6835,0.5003,0.366,1.5019,1.8008,0.0586,1.9981,3.4189
ffc188_Rep4_s0.png,0.281,0.1043,-0.9819,0.5213,0.7744,1.2698,3.0414,0.0086,3.6611,22.7102
ffc188_Rep4_s1.png,0.185,0.0874,-1.0587,0.5534,0.9197,1.295,4.458,0.0087,1.9679,8.5779
ffc188_Rep4_s2.png,0.2216,0.0337,-1.4727,0.5142,0.825,1.4011,3.0891,0.033,1.9437,4.5289
ffc188_Rep4_s3.png,0.0779,0.3347,-0.4753,0.7842,0.8818,1.1221,10.8398,0.0254,2.9658,10.3973
ffc188_Rep4_s4.png,0.3353,0.0283,-1.548,0.5154,0.5847,1.4653,2.2227,0.0203,2.8229,13.5147
ffc188_Rep4_s5.png,0.0523,0.202,-0.6947,0.7261,0.775,1.2436,14.7644,0.0096,1.9502,5.9806
ffc188_Rep4_s6.png,0.2657,0.1133,-0.9456,0.4839,0.7652,1.2489,3.1959,0.007,2.079,9.0399
ffc188_Rep4_s7.png,0.2963,0.0216,-1.6658,0.4272,0.4234,1.4665,2.0843,0.0811,1.928,2.6953
ffc18_Rep1_s0.png,0.0605,0.6069,-0.2169,0.9182,0.7668,1.123,14.1471,0.0327,2.6589,7.9267
ffc18_Rep1_s1.png,0.0521,0.4315,-0.365,0.8892,0.8157,1.1486,15.5888,0.027,2.4744,6.4991
ffc18_Rep1_s2.png,0.0628,0.2434,-0.6136,0.7292,0.3002,1.0846,12.0333,0.0549,1.4201,1.0655
ffc18_Rep1_s3.png,0.0457,0.2391,-0.6215,0.623,0.8271,1.0274,15.2474,0.0613,1.5218,1.4284
ffc18_Rep1_s4.png,0.2976,0.0226,-1.6461,0.4863,0.638,1.4758,2.3164,0.0253,2.4059,9.2687
ffc18_Rep1_s5.png,0.0558,0.4654,-0.3322,0.8702,0.7827,1.1461,14.622,0.0365,3.5301,12.6239
ffc18_Rep1_s6.png,0.0501,0.3328,-0.4778,0.8043,0.7525,1.1838,15.6699,0.0328,3.9845,19.8344
ffc18_Rep1_s7.png,0.3134,0.0191,-1.7186,0.4494,0.3035,1.4889,1.9722,0.0706,2.0572,3.6595
ffc18_Rep2_s0.png,0.1626,0.1569,-0.8043,0.5293,0.9172,1.2225,5.0889,0.0149,4.1041,26.7919
ffc18_Rep2_s1.png,0.248,0.0947,-1.0235,0.4964,0.8545,1.2563,3.4108,0.0101,2.9919,19.6513
ffc18_Rep2_s2.png,0.2698,0.0687,-1.163,0.4643,0.7664,1.3095,3.0601,0.0185,7.0572,72.4354
ffc18_Rep2_s3.png,0.0733,0.2782,-0.5557,0.763,0.8897,1.125,11.384,0.0262,2.8167,9.3565
ffc18_Rep2_s4.png,0.1784,0.0586,-1.2319,0.5719,0.8479,1.3217,4.1612,0.0161,2.0608,7.2323
ffc18_Rep2_s5.png,0.198,0.0979,-1.0093,0.3616,0.8905,1.2305,4.14,0.017,5.4897,41.0422
ffc18_Rep2_s6.png,0.3092,0.0999,-1.0003,0.5102,0.7992,1.264,2.7722,0.0088,4.5701,38.6951
ffc18_Rep2_s7.png,0.3101,0.0224,-1.6492,0.4368,0.3737,1.4636,2.0365,0.0659,2.0252,3.4945
ffc190_Rep1_s0.png,0.1592,0.0644,-1.1911,0.4799,0.9352,1.328,4.9178,0.0183,3.7835,17.2659
ffc190_Rep1_s1.png,0.2133,0.0797,-1.0986,0.3986,0.7715,1.2628,3.7462,0.0053,1.4113,3.6101
ffc190_Rep1_s2.png,0.3586,0.1273,-0.8951,0.6289,0.7772,1.247,2.4612,0.0131,4.2346,26.4191
ffc190_Rep1_s3.png,0.1304,0.1296,-0.8873,0.5082,0.935,1.263,6.0462,0.0142,5.664,50.8355
ffc190_Rep1_s4.png,0.278,0.1087,-0.9639,0.5607,0.7954,1.2657,3.0993,0.0086,1.9689,8.0288
ffc190_Rep1_s5.png,0.1263,0.1649,-0.7829,0.5333,0.947,1.1877,6.403,0.0054,1.1808,2.9047
ffc190_Rep1_s6.png,0.2811,0.1057,-0.976,0.4689,0.7343,1.2404,3.0103,0.0069,2.1248,8.1434
ffc190_Rep1_s7.png,0.3068,0.0216,-1.6657,0.4296,0.2881,1.4677,2.0194,0.0745,2.0948,3.5351
ffc190_Rep2_s0.png,0.0641,0.4606,-0.3367,0.8797,0.8412,1.0878,12.8757,0.0131,2.7355,8.9307
ffc190_Rep2_s1.png,0.2308,0.1114,-0.9531,0.4362,0.8082,1.237,3.586,0.0107,4.385,30.2477
ffc190_Rep2_s2.png,0.0075,0.9286,-0.0322,0.9647,0.5563,0.7077,78.1078,0.0377,0.5783,0.7046
ffc190_Rep2_s3.png,0.1687,0.1113,-0.9533,0.4941,0.8812,1.2643,4.8473,0.0084,2.7898,13.7993
ffc190_Rep2_s4.png,0.1994,0.0715,-1.1456,0.3928,0.8005,1.278,3.9892,0.0143,3.6059,18.389
ffc190_Rep2_s5.png,0.0624,0.621,-0.2069,0.9156,0.8094,1.0771,13.4025,0.0134,3.1853,13.3713
ffc190_Rep2_s6.png,0.2718,0.1086,-0.9642,0.4824,0.751,1.2383,3.1302,0.0094,4.0828,30.3979
ffc190_Rep2_s7.png,0.3121,0.0192,-1.7167,0.4289,0.4353,1.4911,1.9539,0.0738,1.9567,2.9474
ffc190_Rep3_s0.png,0.2589,0.1118,-0.9517,0.4773,0.7935,1.262,3.2727,0.0109,4.7415,34.1827
ffc190_Rep3_s1.png,0.0729,0.4048,-0.3927,0.8845,0.8535,1.126,11.74,0.0194,2.6856,8.5169
ffc190_Rep3_s2.png,0.0513,0.1494,-0.8256,0.7111,0.846,1.279,14.5068,0.0229,2.0852,5.346
ffc190_Rep3_s3.png,0.0803,0.4229,-0.3737,0.8559,0.8758,1.1423,10.7035,0.0236,2.8141,9.3478
ffc190_Rep3_s4.png,0.2935,0.0388,-1.411,0.5042,0.7031,1.4154,2.5327,0.0194,1.9877,4.8697
ffc190_Rep3_s5.png,0.0999,0.1066,-0.9724,0.3803,0.8986,1.208,7.5656,0.0115,2.6867,9.6853
ffc190_Rep3_s6.png,0.0926,0.28,-0.5529,0.783,0.9239,1.1768,9.0619,0.0208,3.2243,13.4979
ffc190_Rep3_s7.png,0.3072,0.0214,-1.6697,0.4338,0.4643,1.4694,2.026,0.0698,2.0441,3.4289
ffc190_Rep4_s0.png,0.2708,0.1223,-0.9124,0.5054,0.8018,1.2639,3.1573,0.0124,5.1072,35.5763
ffc190_Rep4_s1.png,0.0681,0.3457,-0.4613,0.8483,0.837,1.1835,12.292,0.0223,2.4396,6.9468
ffc190_Rep4_s2.png,0.3958,0.1583,-0.8006,0.6757,0.7743,1.2329,2.2697,0.0155,10.5332,151.8736
ffc190_Rep4_s3.png,0.0824,0.3093,-0.5096,0.8033,0.8727,1.181,10.3218,0.02,3.787,16.4255
ffc190_Rep4_s4.png,0.1891,0.0295,-1.5297,0.5035,0.8782,1.4068,3.5581,0.0217,5.0936,39.3849
ffc190_Rep4_s5.png,0.1371,0.0638,-1.1955,0.4978,0.9111,1.3294,5.4401,0.0135,4.1354,21.8694
ffc190_Rep4_s6.png,0.0716,0.5118,-0.2909,0.9122,0.8816,1.1477,11.9584,0.0179,2.3271,6.3285
ffc190_Rep4_s7.png,0.3255,0.0195,-1.7091,0.463,0.5037,1.4936,1.9052,0.0572,1.821,2.7277
ffc191_Rep1_s0.png,0.075,0.3426,-0.4652,0.8215,0.887,1.1935,10.9525,0.0186,3.3147,12.5584
ffc191_Rep1_s1.png,0.1042,0.1562,-0.8062,0.4519,0.9132,1.2065,7.4512,0.0065,1.3795,3.0564
ffc191_Rep1_s2.png,0.0685,0.2413,-0.6175,0.7827,0.9057,1.1967,11.8309,0.0196,2.1768,6.2591
ffc191_Rep1_s3.png,0.1151,0.1049,-0.979,0.4612,0.9041,1.22,6.7637,0.008,1.8994,5.6625
ffc191_Rep1_s4.png,0.1341,0.0823,-1.0846,0.6826,0.5538,1.2458,5.8025,0.0208,5.7572,43.633
ffc191_Rep1_s5.png,0.2524,0.076,-1.1195,0.4403,0.7922,1.3088,3.2555,0.0074,1.9682,6.4241
ffc191_Rep1_s6.png,0.066,0.2621,-0.5815,0.7909,0.9118,1.1386,12.2259,0.0103,3.0056,13.1191
ffc191_Rep1_s7.png,0.3356,0.0188,-1.7262,0.4611,0.2408,1.4986,1.8504,0.0583,2.2282,4.9001
ffc191_Rep2_s0.png,0.2018,0.0724,-1.1403,0.4135,0.8499,1.2863,3.9636,0.0164,3.9863,19.3727
ffc191_Rep2_s1.png,0.2677,0.136,-0.8664,0.4854,0.7744,1.2178,3.1758,0.0093,4.2158,26.3535
ffc191_Rep2_s2.png,0.3179,0.0952,-1.0216,0.5675,0.789,1.2783,2.7038,0.0173,6.6442,60.1558
ffc191_Rep2_s3.png,0.0491,0.1882,-0.7255,0.7864,0.8348,1.2596,15.0913,0.013,2.3017,6.7193
ffc191_Rep2_s4.png,0.2751,0.0996,-1.0017,0.5329,0.7923,1.2849,3.1014,0.0102,2.2197,8.5813
ffc191_Rep2_s5.png,0.0678,0.492,-0.308,0.9011,0.8257,1.1214,12.2721,0.0101,3.2674,17.8325
ffc191_Rep2_s6.png,0.2682,0.1036,-0.9845,0.4626,0.7489,1.2573,3.1494,0.0079,2.7161,13.4486
ffc191_Rep2_s7.png,0.3056,0.018,-1.7449,0.4272,0.4071,1.4969,1.9485,0.0811,1.7907,2.2105
ffc191_Rep3_s0.png,0.074,0.2796,-0.5534,0.7862,0.9029,1.1998,10.8719,0.024,3.639,14.6844
ffc191_Rep3_s1.png,0.0726,0.3586,-0.4453,0.8062,0.8278,1.1544,11.6772,0.0077,2.3028,8.2126
ffc191_Rep3_s2.png,0.2677,0.0557,-1.2543,0.4427,0.7317,1.3291,3.049,0.009,2.5589,11.0193
ffc191_Rep3_s3.png,0.2161,0.0826,-1.0828,0.3828,0.8432,1.2564,3.7723,0.0137,3.9851,22.6611
ffc191_Rep3_s4.png,0.221,0.0251,-1.6009,0.4899,0.6654,1.4293,2.8462,0.0251,1.9844,5.3973
ffc191_Rep3_s5.png,0.0679,0.4486,-0.3481,0.8798,0.8399,1.1578,12.5012,0.0157,3.0142,11.3308
ffc191_Rep3_s6.png,0.0717,0.5379,-0.2693,0.9163,0.8787,1.1357,11.9476,0.0165,2.1623,5.4869
ffc191_Rep3_s7.png,0.3268,0.0205,-1.6877,0.4765,0.2781,1.4894,1.9212,0.0614,1.901,2.8965
ffc191_Rep4_s0.png,0.0669,0.5093,-0.2931,0.9147,0.8511,1.1639,12.4512,0.0159,4.9977,43.819
ffc191_Rep4_s1.png,0.0762,0.4497,-0.3471,0.8546,0.8246,1.1082,11.308,0.0101,3.3604,19.4116
ffc191_Rep4_s2.png,0.2184,0.0728,-1.1377,0.3859,0.7742,1.2729,3.6211,0.0139,4.3496,28.0953
ffc191_Rep4_s3.png,0.0027,0.9877,-0.0054,0.9568,0.2807,0.8888,135.6883,0.0714,0.3648,-1.23
ffc191_Rep4_s4.png,0.2299,0.0309,-1.5102,0.5331,0.7874,1.4219,3.035,0.0256,3.0819,15.25
ffc191_Rep4_s5.png,0.0628,0.5075,-0.2945,0.8928,0.7849,1.121,13.5897,0.0082,10.7221,207.0322
ffc191_Rep4_s6.png,0.1105,0.1727,-0.7627,0.4598,0.9235,1.1901,7.1332,0.006,1.2134,2.9353
ffc191_Rep4_s7.png,0.3176,0.0206,-1.6859,0.455,0.4443,1.4828,1.9536,0.0686,1.9983,3.3056
ffc192_Rep1_s0.png,0.1938,0.0714,-1.1465,0.365,0.7966,1.2571,4.0581,0.0116,4.0802,29.9903
ffc192_Rep1_s1.png,0.0805,0.1631,-0.7877,0.7345,0.9065,1.2383,9.9117,0.0081,2.0625,5.9217
ffc192_Rep1_s2.png,0.089,0.3844,-0.4153,0.8664,0.767,1.1383,9.5762,0.0257,3.9146,19.64
ffc192_Rep1_s3.png,0.2896,0.1892,-0.7232,0.5525,0.8477,1.1859,3.0635,0.0113,5.2682,42.8252
ffc192_Rep1_s4.png,0.2424,0.0797,-1.0988,0.4418,0.8473,1.2802,3.4179,0.0149,3.0494,14.6293
ffc192_Rep1_s5.png,0.0659,0.3623,-0.4409,0.8416,0.8299,1.2235,12.4402,0.0066,1.2802,2.7626
ffc192_Rep1_s6.png,0.0739,0.2235,-0.6508,0.759,0.878,1.1588,11.0616,0.0109,6.0997,61.6201
ffc192_Rep1_s7.png,0.1858,0.0164,-1.7862,0.2707,0.646,1.4333,2.8317,0.0436,3.5899,15.0637
ffc192_Rep2_s0.png,0.1402,0.0833,-1.0795,0.4012,0.9012,1.2307,5.5213,0.0135,2.9772,14.1255
ffc192_Rep2_s1.png,0.2578,0.1098,-0.9595,0.5099,0.8426,1.2925,3.3041,0.0102,2.7627,12.8235
ffc192_Rep2_s2.png,0.0493,0.258,-0.5883,0.8381,0.832,1.1602,15.5658,0.0227,1.9162,4.1748
ffc192_Rep2_s3.png,0.3003,0.0634,-1.1981,0.4667,0.7688,1.3204,2.7568,0.0139,5.1212,38.3107
ffc192_Rep2_s4.png,0.2362,0.1141,-0.9427,0.4469,0.7955,1.2242,3.5408,0.0109,2.9322,17.7787
ffc192_Rep2_s5.png,0.0998,0.1835,-0.7363,0.7026,0.3654,1.1804,7.7848,0.0599,1.5922,1.5606
ffc192_Rep2_s6.png,0.3377,0.0746,-1.1272,0.5187,0.7402,1.3189,2.4983,0.0114,3.5376,20.7704
ffc192_Rep2_s7.png,0.3335,0.02,-1.6994,0.4504,0.3993,1.4913,1.8755,0.0682,2.2767,4.7124
ffc192_Rep3_s0.png,0.2827,0.1285,-0.8912,0.5277,0.7881,1.2581,3.0513,0.0123,4.7537,30.8334
ffc192_Rep3_s1.png,0.1866,0.0917,-1.0376,0.4581,0.7824,1.2388,4.3818,0.0085,1.4021,2.7445
ffc192_Rep3_s2.png,0.0108,0.8019,-0.0959,0.9427,0.7248,0.6539,59.1976,0.065,1.4645,1.4661
ffc192_Rep3_s3.png,0.2173,0.0877,-1.0572,0.388,0.8438,1.2513,3.7701,0.0155,3.9545,21.3007
ffc192_Rep3_s4.png,0.2704,0.1126,-0.9485,0.5548,0.8116,1.2662,3.1826,0.0101,3.7237,25.1276
ffc192_Rep3_s5.png,0.079,0.1502,-0.8233,0.5959,0.5112,1.1724,9.0414,0.056,1.2993,0.6804
ffc192_Rep3_s6.png,0.1613,0.1441,-0.8412,0.4743,0.941,1.2035,5.1314,0.0168,4.8311,34.9168
ffc192_Rep3_s7.png,0.3259,0.0181,-1.7429,0.4612,0.4536,1.506,1.8733,0.0759,1.8326,2.8242
ffc192_Rep4_s0.png,0.2853,0.1206,-0.9186,0.5089,0.754,1.2433,3.0063,0.0103,4.6004,37.515
ffc192_Rep4_s1.png,0.3318,0.1757,-0.7552,0.6279,0.7989,1.2115,2.6778,0.0111,3.1358,15.6462
ffc192_Rep4_s2.png,0.3042,0.0917,-1.0376,0.5377,0.7894,1.2849,2.8049,0.0123,4.1061,25.1487
ffc192_Rep4_s3.png,0.2183,0.0816,-1.0883,0.3881,0.8409,1.2591,3.7447,0.0153,4.2368,25.9785
ffc192_Rep4_s4.png,0.3123,0.1331,-0.8759,0.6259,0.8086,1.2432,2.8117,0.0113,2.347,10.9932
ffc192_Rep4_s5.png,0.0947,0.1564,-0.8058,0.6703,0.4885,1.1992,7.8816,0.0614,1.5718,1.4727
ffc192_Rep4_s6.png,0.0706,0.2637,-0.5788,0.8257,0.9071,1.1584,11.5556,0.0074,1.3187,2.1685
ffc192_Rep4_s7.png,0.3092,0.0181,-1.7415,0.4409,0.3232,1.4944,1.9236,0.0842,1.8737,2.388
ffc193_Rep1_s0.png,0.2717,0.1047,-0.9802,0.5215,0.8146,1.2695,3.1359,0.0119,5.0023,34.3778
ffc193_Rep1_s1.png,0.2007,0.1356,-0.8677,0.6247,0.9372,1.234,4.2555,0.0125,4.1522,31.5012
ffc193_Rep1_s2.png,0.1869,0.034,-1.4689,0.4445,0.8218,1.3756,3.4936,0.0294,1.9621,5.0029
ffc193_Rep1_s3.png,0.2136,0.0766,-1.1159,0.3791,0.8372,1.2667,3.7898,0.014,4.1033,24.4102
ffc193_Rep1_s4.png,0.4077,0.0353,-1.4519,0.6499,0.5471,1.4658,1.9434,0.0182,3.6903,26.151
ffc193_Rep1_s5.png,0.1131,0.116,-0.9355,0.369,0.8863,1.2011,6.8981,0.0087,2.164,6.9234
ffc193_Rep1_s6.png,0.0737,0.286,-0.5436,0.8438,0.8733,1.151,11.2696,0.007,1.6317,5.4348
ffc193_Rep1_s7.png,0.3511,0.0206,-1.6856,0.4936,0.216,1.4954,1.8356,0.0636,1.9837,3.2903
ffc193_Rep2_s0.png,0.3467,0.1186,-0.9259,0.6229,0.795,1.2568,2.5302,0.0084,4.6506,36.6518
ffc193_Rep2_s1.png,0.0579,0.3193,-0.4958,0.8221,0.8337,1.1833,14.1194,0.0241,2.2706,7.0667
ffc193_Rep2_s2.png,0.1348,0.034,-1.468,0.3301,0.7404,1.3309,4.399,0.0305,2.0363,5.6919
ffc193_Rep2_s3.png,0.0695,0.4657,-0.3319,0.8685,0.8197,1.1381,12.4075,0.022,3.7662,16.2656
ffc193_Rep2_s4.png,0.3757,0.0417,-1.3802,0.5981,0.5814,1.4311,2.0818,0.0206,2.1071,6.0115
ffc193_Rep2_s5.png,0.1338,0.0855,-1.0679,0.4763,0.9258,1.2848,5.7366,0.0085,2.2501,8.0806
ffc193_Rep2_s6.png,0.0665,0.291,-0.536,0.8343,0.8972,1.1204,12.2853,0.0073,2.2645,9.722
ffc193_Rep2_s7.png,0.3162,0.0208,-1.6811,0.4393,0.395,1.477,1.9781,0.0598,2.0168,3.3965
ffc194_Rep1_s0.png,0.1569,0.105,-0.9789,0.5038,0.937,1.2742,5.1322,0.0166,3.9605,18.6155
ffc194_Rep1_s1.png,0.3106,0.0559,-1.2529,0.458,0.2843,1.3328,2.6175,0.0109,4.9161,36.0556
ffc194_Rep1_s2.png,0.2241,0.0315,-1.5013,0.4718,0.7793,1.4041,3.0056,0.0342,1.7497,2.729
ffc194_Rep1_s3.png,0.0984,0.3152,-0.5014,0.807,0.8916,1.1395,8.7478,0.0219,4.4358,23.859
ffc194_Rep1_s4.png,0.3742,0.0337,-1.4724,0.5773,0.4549,1.4564,2.0347,0.0229,2.2044,5.9362
ffc194_Rep1_s5.png,0.1073,0.1169,-0.932,0.3876,0.8898,1.2057,7.2213,0.0118,2.9399,11.3307
ffc194_Rep1_s6.png,0.0705,0.5243,-0.2805,0.9136,0.8852,1.138,12.1668,0.0192,2.6008,10.1562
ffc194_Rep1_s7.png,0.3071,0.0211,-1.6765,0.4366,0.3751,1.4716,2.0123,0.0566,1.9894,3.3528
ffc194_Rep2_s0.png,0.1509,0.1046,-0.9804,0.5218,0.9402,1.2715,5.2995,0.0177,3.8777,17.6016
ffc194_Rep2_s1.png,0.0566,0.3503,-0.4556,0.8297,0.8449,1.1563,14.4293,0.0252,1.7636,3.2892
ffc194_Rep2_s2.png,0.0073,0.8181,-0.0872,0.928,0.4929,0.6221,78.5346,0.0902,1.2649,0.7047
ffc194_Rep2_s3.png,0.0784,0.337,-0.4723,0.8001,0.8535,1.1637,10.8494,0.0217,4.0176,19.111
ffc194_Rep2_s4.png,0.3727,0.0354,-1.4512,0.5893,0.5604,1.4488,2.0573,0.0203,2.127,6.0409
ffc194_Rep2_s5.png,0.0686,0.4482,-0.3486,0.8735,0.8362,1.1633,12.4124,0.0177,3.0536,11.7735
ffc194_Rep2_s6.png,0.0718,0.6062,-0.2174,0.9363,0.8751,1.1187,12.0793,0.0171,2.3957,7.1172
ffc194_Rep2_s7.png,0.3164,0.0203,-1.6918,0.4491,0.2464,1.4837,1.9622,0.0613,1.9848,3.2107
ffc19_Rep1_s0.png,0.2217,0.0746,-1.1274,0.4209,0.8136,1.2997,3.6479,0.0139,3.7006,19.1538
ffc19_Rep1_s1.png,0.2135,0.0836,-1.078,0.3979,0.7844,1.2674,3.7608,0.0116,4.0825,22.9823
ffc19_Rep1_s2.png,0.0707,0.2566,-0.5908,0.7451,0.9063,1.1576,11.2274,0.0098,2.4916,10.6305
ffc19_Rep1_s3.png,0.002,0.9821,-0.0078,0.9348,0.4232,0.3606,151.0073,0.1247,0.1989,-1.6313
ffc19_Rep1_s4.png,0.2149,0.0815,-1.0889,0.4536,0.8246,1.2787,3.7925,0.014,3.8014,20.6717
ffc19_Rep1_s5.png,0.0723,0.4318,-0.3647,0.8991,0.8721,1.1418,11.5321,0.0175,2.6314,8.9125
ffc19_Rep1_s6.png,0.0693,0.5211,-0.2831,0.9201,0.8885,1.1069,12.1129,0.0141,3.9507,23.4777
ffc19_Rep1_s7.png,0.3058,0.0226,-1.6459,0.4266,0.4273,1.4678,2.038,0.0574,1.8867,2.9409
ffc19_Rep2_s0.png,0.1822,0.0608,-1.2159,0.3463,0.8165,1.2998,4.2241,0.01,4.0743,25.9155
ffc19_Rep2_s1.png,0.1363,0.1228,-0.911,0.4493,0.9243,1.2335,5.9234,0.0087,2.4116,8.7438
ffc19_Rep2_s2.png,0.2378,0.1007,-0.9968,0.7428,0.9114,1.3237,3.5938,0.0176,6.5844,89.7856
ffc19_Rep2_s3.png,0.2544,0.0823,-1.0844,0.4588,0.8265,1.2907,3.3072,0.0128,5.3503,40.8706
ffc19_Rep2_s4.png,0.2271,0.0769,-1.1139,0.4622,0.806,1.2966,3.6159,0.0139,3.9542,23.1483
ffc19_Rep2_s5.png,0.0709,0.5243,-0.2804,0.9244,0.854,1.1648,11.8539,0.0113,2.6531,10.5435
ffc19_Rep2_s6.png,0.1962,0.081,-1.0914,0.3566,0.7763,1.2678,4.0099,0.0075,2.8246,15.2545
ffc19_Rep2_s7.png,0.3329,0.0219,-1.6604,0.4637,0.4075,1.4776,1.8952,0.06,1.9581,3.3641
ffc1_Rep1_s0.png,0.2506,0.104,-0.983,0.4689,0.7817,1.2635,3.3577,0.0113,6.1415,62.4577
ffc1_Rep1_s1.png,0.2372,0.1002,-0.9989,0.4468,0.8424,1.2402,3.5257,0.0115,4.1637,27.3666
ffc1_Rep1_s2.png,0.2733,0.0906,-1.0427,0.4885,0.798,1.2709,3.0782,0.013,8.2031,107.5411
ffc1_Rep1_s3.png,0.0902,0.0933,-1.03,0.5561,0.9223,1.2998,8.5477,0.0078,2.1053,6.8989
ffc1_Rep1_s4.png,0.3171,0.1456,-0.8368,0.6367,0.7969,1.2307,2.7773,0.011,2.8458,19.4525
ffc1_Rep1_s5.png,0.149,0.0905,-1.0435,0.5103,0.9161,1.2934,5.2802,0.0091,2.0774,6.1324
ffc1_Rep1_s6.png,0.0719,0.5101,-0.2923,0.9033,0.8703,1.141,11.927,0.0195,2.5921,9.0911
ffc1_Rep1_s7.png,0.3095,0.0219,-1.6587,0.433,0.4311,1.4696,2.0133,0.0719,2.0274,3.1635
ffc1_Rep2_s0.png,0.2708,0.0981,-1.0085,0.5101,0.7958,1.2882,3.1323,0.0159,4.6891,28.8092
ffc1_Rep2_s1.png,0.0779,0.4389,-0.3576,0.8645,0.8622,1.0823,11.035,0.0213,3.0619,11.948
ffc1_Rep2_s2.png,0.2956,0.091,-1.0408,0.4907,0.6557,1.2738,2.8568,0.0137,6.7017,73.3299
ffc1_Rep2_s3.png,0.1829,0.073,-1.1364,0.3971,0.8886,1.2647,4.3776,0.0124,4.5688,32.0131
ffc1_Rep2_s4.png,0.0943,0.1486,-0.8279,0.7401,0.8414,1.2597,8.5655,0.0084,1.3639,3.3375
ffc1_Rep2_s5.png,0.1472,0.0879,-1.0562,0.5247,0.9213,1.3034,5.3202,0.0095,2.4099,8.5766
ffc1_Rep2_s6.png,0.07,0.4899,-0.3099,0.898,0.8713,1.1559,12.1066,0.0221,2.7551,9.3263
ffc1_Rep2_s7.png,0.3001,0.0189,-1.7228,0.4298,0.4701,1.4884,1.9949,0.0618,1.9983,3.2588
ffc20_Rep1_s0.png,0.0667,0.5484,-0.2609,0.8999,0.7825,1.127,12.8808,0.0414,3.7681,15.7961
ffc20_Rep1_s1.png,0.0036,0.1635,-0.7865,0.6263,0.9961,0.8741,55.6214,0.0614,-0.0036,-0.6957
ffc20_Rep1_s2.png,0.0724,0.2098,-0.6782,0.6998,0.2996,1.1174,10.3695,0.053,1.3605,0.9267
ffc20_Rep1_s3.png,0.0471,0.2383,-0.623,0.6249,0.8136,1.0383,14.9191,0.0632,1.5302,1.4332
ffc20_Rep1_s4.png,0.2278,0.0654,-1.1845,0.4085,0.7957,1.3053,3.5525,0.0141,3.191,15.261
ffc20_Rep1_s5.png,0.0452,0.3594,-0.4444,0.8222,0.7483,1.161,17.2522,0.033,2.9869,8.7999
ffc20_Rep1_s6.png,0.0035,0.9316,-0.0307,0.9426,0.3137,0.7217,121.346,0.1084,0.5763,-1.1399
ffc20_Rep1_s7.png,0.3074,0.0205,-1.6884,0.432,0.3763,1.472,2.0159,0.0691,2.0498,3.505
ffc20_Rep2_s0.png,0.0707,0.3368,-0.4727,0.8208,0.8796,1.1942,11.5508,0.0157,3.6586,18.6753
ffc20_Rep2_s1.png,0.0799,0.4867,-0.3127,0.8961,0.8786,1.1322,10.5543,0.0203,3.7348,16.9612
ffc20_Rep2_s2.png,0.1428,0.079,-1.1023,0.4739,0.9383,1.3112,5.386,0.0136,4.2148,27.5794
ffc20_Rep2_s3.png,0.1841,0.1185,-0.9264,0.5892,0.9328,1.2681,4.5186,0.0099,4.8641,37.3165
ffc20_Rep2_s4.png,0.3502,0.0535,-1.272,0.6582,0.7291,1.3965,2.316,0.0158,2.8247,13.3996
ffc20_Rep2_s5.png,0.1268,0.0731,-1.136,0.4,0.9484,1.3266,5.8738,0.0207,4.3981,25.1572
ffc20_Rep2_s6.png,0.2469,0.0735,-1.1339,0.4443,0.7914,1.3024,3.3284,0.0109,4.8859,44.3733
ffc20_Rep2_s7.png,0.3208,0.0216,-1.6656,0.4517,0.4581,1.4759,1.9698,0.0581,1.9148,3.0446
ffc22_Rep1_s0.png,0.0681,0.5259,-0.2791,0.8818,0.8197,1.1523,12.5918,0.0194,3.4464,16.2799
ffc22_Rep1_s1.png,0.0909,0.2213,-0.655,0.7655,0.9081,1.1688,9.1701,0.0102,4.3894,53.9214
ffc22_Rep1_s2.png,0.0605,0.1834,-0.7365,0.767,0.7685,1.2658,12.8126,0.0161,3.7157,20.107
ffc22_Rep1_s3.png,0.0028,1.0,0.0,0.9734,0.3215,0.8841,134.0269,0.0844,0.4008,-1.4049
ffc22_Rep1_s4.png,0.2262,0.0869,-1.0612,0.4477,0.8148,1.2698,3.645,0.0213,5.3,41.1962
ffc22_Rep1_s5.png,0.0647,0.5709,-0.2434,0.9158,0.7829,1.1018,13.341,0.0116,4.8106,43.5276
ffc22_Rep1_s6.png,0.0581,0.4574,-0.3397,0.8577,0.8,1.1325,14.5262,0.0106,2.1405,6.9028
ffc22_Rep1_s7.png,0.344,0.0214,-1.6706,0.4914,0.4733,1.4878,1.8647,0.0539,2.039,3.7777
ffc22_Rep2_s0.png,0.2056,0.0851,-1.0702,0.3788,0.779,1.2692,3.8794,0.0109,5.3857,45.1785
ffc22_Rep2_s1.png,0.2366,0.0955,-1.0199,0.4338,0.772,1.2528,3.542,0.0091,6.3551,131.9653
ffc22_Rep2_s2.png,0.3144,0.2116,-0.6745,0.8466,0.881,1.2262,2.908,0.0139,5.2665,42.6132
ffc22_Rep2_s3.png,0.2925,0.1642,-0.7847,0.5402,0.8243,1.1992,3.0086,0.0117,5.2393,40.4728
ffc22_Rep2_s4.png,0.122,0.066,-1.1804,0.4087,0.9365,1.349,6.118,0.0119,3.2891,17.0664
ffc22_Rep2_s5.png,0.0746,0.3985,-0.3996,0.8747,0.8657,1.1683,11.1707,0.0063,1.5008,3.7258
ffc22_Rep2_s6.png,0.153,0.1959,-0.7081,0.5433,0.9265,1.2175,5.4452,0.0118,4.5187,31.2349
ffc22_Rep2_s7.png,0.3235,0.0226,-1.6452,0.4526,0.5064,1.4714,1.95,0.0585,1.8935,2.8775
ffc23_Rep1_s0.png,0.2779,0.1273,-0.8952,0.5055,0.7726,1.2557,3.0813,0.0111,4.5103,33.109
ffc23_Rep1_s1.png,0.1412,0.0754,-1.1226,0.3961,0.9305,1.2843,5.4801,0.0079,1.8203,4.3534
ffc23_Rep1_s2.png,0.3658,0.1106,-0.9564,0.6115,0.6872,1.2752,2.379,0.0166,5.4148,40.0145
ffc23_Rep1_s3.png,0.0095,0.286,-0.5436,0.6329,0.9233,0.8841,49.1435,0.0549,0.3785,-0.6661
ffc23_Rep1_s4.png,0.382,0.0289,-1.5386,0.6285,0.6013,1.4832,1.9864,0.0175,3.5681,21.5772
ffc23_Rep1_s5.png,0.0802,0.2126,-0.6725,0.7422,0.9037,1.1933,9.9484,0.0061,1.1749,2.1679
ffc23_Rep1_s6.png,0.141,0.1146,-0.9406,0.4128,0.9224,1.2477,5.5737,0.0174,4.6214,26.7322
ffc23_Rep1_s7.png,0.3316,0.022,-1.6576,0.4581,0.4343,1.4777,1.9104,0.0594,2.088,3.8189
ffc23_Rep2_s0.png,0.0706,0.4508,-0.346,0.9004,0.8394,1.1496,11.9336,0.0321,3.9554,20.0017
ffc23_Rep2_s1.png,0.0694,0.5083,-0.2939,0.8793,0.8457,1.1294,12.389,0.0114,2.8187,11.1851
ffc23_Rep2_s2.png,0.0702,0.3056,-0.5149,0.8223,0.7953,1.1508,11.6176,0.0248,6.0188,46.5516
ffc23_Rep2_s3.png,0.2396,0.0957,-1.0193,0.4994,0.8559,1.2624,3.5197,0.0136,5.0538,36.9538
ffc23_Rep2_s4.png,0.2297,0.0847,-1.072,0.4214,0.7942,1.2861,3.5564,0.0212,5.3046,40.085
ffc23_Rep2_s5.png,0.058,0.483,-0.3161,0.8842,0.7923,1.1049,14.5475,0.015,3.029,13.2289
ffc23_Rep2_s6.png,0.0553,0.2616,-0.5824,0.8012,0.7761,1.2123,14.5828,0.011,1.9048,5.3725
ffc23_Rep2_s7.png,0.3422,0.0203,-1.6918,0.4665,0.3322,1.4919,1.8534,0.0533,2.0476,3.9156
ffc24_Rep1_s0.png,0.1812,0.0633,-1.1984,0.3457,0.801,1.2829,4.248,0.0114,5.2365,43.5684
ffc24_Rep1_s1.png,0.2295,0.0804,-1.0946,0.4241,0.7455,1.2742,3.5202,0.0121,4.6746,37.6664
ffc24_Rep1_s2.png,0.0071,0.2334,-0.6319,0.6132,0.9639,0.9892,57.7091,0.0439,2.3064,6.8893
ffc24_Rep1_s3.png,0.2329,0.0842,-1.0748,0.4332,0.8053,1.267,3.5153,0.0074,2.7928,14.5444
ffc24_Rep1_s4.png,0.2605,0.0283,-1.5484,0.5421,0.8165,1.4464,2.656,0.0221,2.8596,12.5965
ffc24_Rep1_s5.png,0.0713,0.3523,-0.4531,0.8578,0.8722,1.1862,11.5259,0.0056,0.9181,1.3098
ffc24_Rep1_s6.png,0.0761,0.4685,-0.3293,0.8967,0.8833,1.1454,11.0418,0.0163,3.5736,15.4173
ffc24_Rep1_s7.png,0.2837,0.0214,-1.6692,0.4049,0.4292,1.4597,2.1527,0.0611,1.8413,2.51
ffc24_Rep2_s0.png,0.0739,0.4181,-0.3787,0.8689,0.8485,1.1675,11.6893,0.0196,5.9084,47.1738
ffc24_Rep2_s1.png,0.0784,0.3963,-0.402,0.8402,0.8607,1.1352,10.8539,0.0188,2.5275,7.4472
ffc24_Rep2_s2.png,0.0067,0.924,-0.0343,0.9607,0.4077,0.6732,84.2653,0.0521,0.6403,-0.5035
ffc24_Rep2_s3.png,0.0028,0.9955,-0.0019,0.9476,0.4446,0.8706,134.4613,0.0874,0.4504,-1.3114
ffc24_Rep2_s4.png,0.0746,0.107,-0.9707,0.5278,0.7724,1.1673,9.2619,0.0391,1.7308,3.1176
ffc24_Rep2_s5.png,0.0567,0.4271,-0.3695,0.8742,0.7708,1.1372,14.7081,0.012,4.8768,45.3209
ffc24_Rep2_s6.png,0.0427,0.2406,-0.6187,0.695,0.7839,1.21,17.4659,0.023,2.8754,11.6713
ffc24_Rep2_s7.png,0.3067,0.0221,-1.6552,0.4491,0.3991,1.4685,2.0682,0.0608,2.0298,3.4509
ffc25_Rep1_s0.png,0.0671,0.5313,-0.2747,0.9291,0.8639,1.1582,12.4738,0.0118,1.9146,4.8982
ffc25_Rep1_s1.png,0.0803,0.1802,-0.7441,0.7426,0.9133,1.222,10.0157,0.0086,2.0033,4.9173
ffc25_Rep1_s2.png,0.274,0.0934,-1.0298,0.5165,0.8363,1.2847,3.0648,0.0155,4.304,28.27
ffc25_Rep1_s3.png,0.2688,0.1246,-0.9043,0.5217,0.854,1.2421,3.1941,0.0156,6.335,59.0268
ffc25_Rep1_s4.png,0.3255,0.0228,-1.6421,0.5724,0.7069,1.501,2.1535,0.0214,3.2827,17.0004
ffc25_Rep1_s5.png,0.0724,0.2541,-0.5951,0.7774,0.8922,1.1596,11.0998,0.0066,1.529,3.8279
ffc25_Rep1_s6.png,0.0531,0.2241,-0.6496,0.803,0.8492,1.252,14.3392,0.0133,3.1976,15.3317
ffc25_Rep1_s7.png,0.2963,0.0258,-1.5882,0.4187,0.2826,1.4401,2.1692,0.0597,2.094,4.0447
ffc25_Rep2_s0.png,0.1311,0.0933,-1.0301,0.4116,0.9238,1.262,5.861,0.0164,4.4951,27.683
ffc25_Rep2_s1.png,0.2893,0.0646,-1.1897,0.4396,0.5507,1.3057,2.7938,0.0104,5.2804,48.3543
ffc25_Rep2_s2.png,0.3065,0.0597,-1.2243,0.4789,0.6355,1.3307,2.665,0.0108,4.02,26.9642
ffc25_Rep2_s3.png,0.3137,0.1261,-0.8991,0.5949,0.8363,1.2493,2.7971,0.0087,4.8044,57.9844
ffc25_Rep2_s4.png,0.2811,0.0822,-1.0853,0.4884,0.7869,1.2858,2.9868,0.0126,4.5143,45.844
ffc25_Rep2_s5.png,0.073,0.3767,-0.424,0.8544,0.8767,1.1709,11.3535,0.0069,1.7227,4.9542
ffc25_Rep2_s6.png,0.1879,0.1332,-0.8755,0.5594,0.9139,1.2578,4.4423,0.0099,4.4566,33.3727
ffc25_Rep2_s7.png,0.2936,0.0217,-1.6632,0.4131,0.4737,1.4631,2.113,0.0671,1.8864,2.6745
ffc26_Rep1_s0.png,0.1606,0.1338,-0.8735,0.5078,0.9271,1.2488,5.1121,0.0161,3.9539,24.4911
ffc26_Rep1_s1.png,0.0884,0.1359,-0.8669,0.6292,0.9449,1.2658,8.905,0.0065,1.7302,4.8227
ffc26_Rep1_s2.png,0.3147,0.0753,-1.1233,0.5302,0.8061,1.3159,2.6757,0.0171,6.4872,57.0673
ffc26_Rep1_s3.png,0.2769,0.0787,-1.104,0.5237,0.8317,1.3135,3.0312,0.0094,4.8742,42.7629
ffc26_Rep1_s4.png,0.312,0.1511,-0.8208,0.6367,0.8205,1.2345,2.8291,0.0131,2.9931,17.5168
ffc26_Rep1_s5.png,0.0717,0.6144,-0.2115,0.9472,0.8549,1.1387,11.8174,0.0133,3.2454,15.1473
ffc26_Rep1_s6.png,0.1456,0.214,-0.6696,0.5569,0.931,1.2033,5.6976,0.0159,5.2002,46.129
ffc26_Rep1_s7.png,0.3156,0.0194,-1.7131,0.4463,0.4607,1.4907,1.9202,0.076,1.9326,2.9405
ffc26_Rep2_s0.png,0.202,0.09,-1.0457,0.3794,0.826,1.2462,3.9852,0.0171,3.608,18.9279
ffc26_Rep2_s1.png,0.249,0.0788,-1.1033,0.4572,0.7852,1.2783,3.3184,0.0059,1.8605,6.9838
ffc26_Rep2_s2.png,0.0074,0.2217,-0.6543,0.7022,0.9931,0.9993,45.4996,0.0434,1.8356,4.7001
ffc26_Rep2_s3.png,0.1395,0.1228,-0.9109,0.4046,0.9137,1.2375,5.6258,0.0174,4.6377,30.9186
ffc26_Rep2_s4.png,0.313,0.1545,-0.8111,0.6342,0.8202,1.2228,2.8194,0.0138,3.3087,20.7299
ffc26_Rep2_s5.png,0.075,0.6238,-0.205,0.9509,0.8591,1.1477,11.3494,0.0153,3.6487,20.4086
ffc26_Rep2_s6.png,0.285,0.1246,-0.9046,0.4933,0.7438,1.2348,3.0116,0.0075,2.4775,10.9078
ffc26_Rep2_s7.png,0.2823,0.0215,-1.6675,0.407,0.2638,1.4681,2.1598,0.0856,1.907,2.7467
ffc27_Rep1_s0.png,0.2269,0.0887,-1.0519,0.4328,0.795,1.2509,3.6448,0.0154,5.8128,49.1812
ffc27_Rep1_s1.png,0.2506,0.1097,-0.9599,0.4534,0.8485,1.2853,3.362,0.0121,6.1582,59.6564
ffc27_Rep1_s2.png,0.0704,0.2252,-0.6475,0.7564,0.9454,1.175,11.2018,0.0173,3.6076,20.0856
ffc27_Rep1_s3.png,0.174,0.1401,-0.8536,0.5084,0.877,1.2368,4.759,0.0077,2.6661,12.6788
ffc27_Rep1_s4.png,0.2758,0.1268,-0.8968,0.5242,0.791,1.2375,3.1128,0.0131,3.2127,19.9734
ffc27_Rep1_s5.png,0.0695,0.3665,-0.4359,0.839,0.864,1.1033,11.8249,0.006,1.2386,2.7861
ffc27_Rep1_s6.png,0.2099,0.1711,-0.7668,0.6114,0.9089,1.2187,4.0988,0.0163,5.33,34.9221
ffc27_Rep1_s7.png,0.3011,0.0221,-1.6565,0.4166,0.3327,1.4675,2.0688,0.0684,2.0734,3.578
ffc27_Rep2_s0.png,0.2042,0.1044,-0.9815,0.3782,0.8143,1.2147,3.9778,0.0161,5.9041,50.3913
ffc27_Rep2_s1.png,0.0772,0.3471,-0.4596,0.8561,0.8188,1.1339,11.118,0.024,3.4283,14.3853
ffc27_Rep2_s2.png,0.0685,0.3609,-0.4426,0.8443,0.721,1.1803,12.3472,0.0133,3.4266,21.1546
ffc27_Rep2_s3.png,0.1154,0.052,-1.2841,0.448,0.9476,1.3486,6.1515,0.0242,3.2253,12.0926
ffc27_Rep2_s4.png,0.075,0.1397,-0.8548,0.6584,0.8592,1.2425,10.6722,0.0104,1.0766,1.3888
ffc27_Rep2_s5.png,0.0617,0.4853,-0.314,0.8487,0.83,1.0708,13.6758,0.0206,3.2583,13.0871
ffc27_Rep2_s6.png,0.0713,0.4722,-0.3259,0.8744,0.8669,1.0928,11.9745,0.0167,4.9618,42.8845
ffc27_Rep2_s7.png,0.3207,0.0192,-1.7157,0.4463,0.4085,1.491,1.9208,0.0765,1.9932,3.4597
ffc29_Rep1_s0.png,0.2103,0.1012,-0.9948,0.3981,0.8089,1.2193,3.8669,0.0144,3.8396,22.6983
ffc29_Rep1_s1.png,0.2361,0.0645,-1.1907,0.4329,0.7516,1.3116,3.4288,0.0068,3.2406,23.915
ffc29_Rep1_s2.png,0.0125,0.5397,-0.2679,0.9082,0.9168,1.0792,48.3218,0.0391,2.1355,4.5664
ffc29_Rep1_s3.png,0.2281,0.0923,-1.0347,0.4852,0.8955,1.2608,3.6409,0.0108,7.267,111.4927
ffc29_Rep1_s4.png,0.2127,0.0581,-1.2357,0.3838,0.7792,1.3351,3.7216,0.0143,4.1163,24.8465
ffc29_Rep1_s5.png,0.0727,0.2673,-0.573,0.8147,0.8024,1.191,11.1903,0.0124,3.8148,20.6978
ffc29_Rep1_s6.png,0.0696,0.3328,-0.4778,0.803,0.8293,1.142,11.8176,0.0098,2.7299,11.565
ffc29_Rep1_s7.png,0.1838,0.0117,-1.9336,0.2666,0.5992,1.4676,2.6617,0.041,4.22,19.7703
ffc29_Rep2_s0.png,0.2474,0.0753,-1.1232,0.4395,0.786,1.3021,3.3186,0.01,2.9971,15.4518
ffc29_Rep2_s1.png,0.2629,0.0645,-1.1903,0.4029,0.6563,1.2882,3.0967,0.01,4.2229,26.9841
ffc29_Rep2_s2.png,0.0246,0.2072,-0.6837,0.547,0.9835,1.1017,23.5611,0.0079,1.3766,2.4873
ffc29_Rep2_s3.png,0.0757,0.119,-0.9244,0.7094,0.9295,1.2819,10.2779,0.0141,4.661,30.2472
ffc29_Rep2_s4.png,0.0665,0.3546,-0.4503,0.8644,0.8464,1.1589,12.3222,0.0153,4.3194,26.5547
ffc29_Rep2_s5.png,0.0941,0.1401,-0.8536,0.6653,0.3754,1.211,7.7892,0.0624,1.3984,0.7577
ffc29_Rep2_s6.png,0.3382,0.0794,-1.1001,0.5768,0.8427,1.2989,2.5327,0.0088,2.7874,16.2611
ffc29_Rep2_s7.png,0.206,0.0133,-1.8765,0.2808,0.573,1.4719,2.4963,0.0408,3.977,18.4126
ffc2_Rep1_s0.png,0.2526,0.0873,-1.0591,0.4231,0.7284,1.2496,3.2681,0.0136,6.2451,62.196
ffc2_Rep1_s1.png,0.0737,0.3936,-0.4049,0.8418,0.84,1.1461,11.5522,0.0091,2.5151,10.7503
ffc2_Rep1_s2.png,0.0636,0.2418,-0.6166,0.7852,0.7619,1.2449,12.5382,0.0181,3.2441,14.6186
ffc2_Rep1_s3.png,0.2504,0.0789,-1.103,0.4748,0.8192,1.2945,3.347,0.0168,5.0714,34.213
ffc2_Rep1_s4.png,0.1868,0.0659,-1.1811,0.3519,0.7836,1.3049,4.1356,0.0182,3.7667,18.2491
ffc2_Rep1_s5.png,0.0643,0.2902,-0.5374,0.7672,0.8446,1.1654,12.7502,0.0205,3.8805,21.1091
ffc2_Rep1_s6.png,0.0688,0.299,-0.5243,0.7776,0.8578,1.1676,12.1257,0.0107,7.5381,112.4068
ffc2_Rep1_s7.png,0.3506,0.0209,-1.6794,0.4781,0.313,1.4916,1.8263,0.0591,1.7455,2.2305
ffc2_Rep2_s0.png,0.2507,0.1357,-0.8675,0.479,0.8201,1.1993,3.4096,0.0115,9.2835,140.2792
ffc2_Rep2_s1.png,0.1833,0.1309,-0.8829,0.5221,0.9297,1.2324,4.6104,0.0072,2.0694,6.8354
ffc2_Rep2_s2.png,0.0685,0.3564,-0.4481,0.8287,0.8323,1.1272,12.0949,0.019,5.7842,47.5852
ffc2_Rep2_s3.png,0.2885,0.1393,-0.8562,0.5273,0.8222,1.2253,3.0355,0.0121,5.2008,39.9873
ffc2_Rep2_s4.png,0.0794,0.1975,-0.7044,0.7522,0.8782,1.233,10.2549,0.0179,2.7779,8.8684
ffc2_Rep2_s5.png,0.0553,0.3817,-0.4183,0.862,0.7605,1.1436,15.0573,0.0176,3.0115,10.1659
ffc2_Rep2_s6.png,0.058,0.4018,-0.396,0.8464,0.82,1.1391,14.4108,0.0201,2.7947,9.313
ffc2_Rep2_s7.png,0.2175,0.0141,-1.8508,0.3082,0.5904,1.4783,2.4229,0.0612,2.3381,5.0625
ffc30_Rep1_s0.png,0.063,0.426,-0.3706,0.8702,0.8651,1.089,13.0008,0.0136,2.8605,10.0271
ffc30_Rep1_s1.png,0.0696,0.504,-0.2976,0.904,0.8813,1.1921,12.0486,0.02,3.253,14.1822
ffc30_Rep1_s2.png,0.0102,0.8031,-0.0952,0.9212,0.543,0.6469,62.551,0.0628,1.0648,0.1347
ffc30_Rep1_s3.png,0.2496,0.0878,-1.0565,0.485,0.8225,1.2773,3.3293,0.0075,3.0963,20.2173
ffc30_Rep1_s4.png,0.3155,0.1353,-0.8688,0.6276,0.8049,1.2441,2.7801,0.0134,4.4204,36.5802
ffc30_Rep1_s5.png,0.0703,0.5056,-0.2962,0.8878,0.8518,1.1225,11.9451,0.0126,2.8517,10.7743
ffc30_Rep1_s6.png,0.2394,0.1063,-0.9735,0.4343,0.7584,1.2157,3.4909,0.01,4.1651,30.342
ffc30_Rep1_s7.png,0.2917,0.0202,-1.6941,0.4287,0.4107,1.4749,2.0757,0.0619,1.8086,2.4324
ffc30_Rep2_s0.png,0.0594,0.4247,-0.3719,0.8649,0.8585,1.0926,13.7114,0.0153,3.0359,11.4496
ffc30_Rep2_s1.png,0.2036,0.0798,-1.0979,0.3813,0.7935,1.2771,3.8933,0.0135,4.2655,26.541
ffc30_Rep2_s2.png,0.0096,0.7416,-0.1298,0.901,0.6461,0.7603,64.6458,0.0474,1.1495,0.8352
ffc30_Rep2_s3.png,0.2439,0.084,-1.0756,0.4443,0.7446,1.2636,3.3663,0.0087,3.6687,27.3139
ffc30_Rep2_s4.png,0.2934,0.0563,-1.2498,0.5735,0.7894,1.3564,2.7691,0.0184,3.651,25.1358
ffc30_Rep2_s5.png,0.0667,0.4646,-0.3329,0.8685,0.858,1.1274,12.3908,0.008,1.6998,4.4553
ffc30_Rep2_s6.png,0.1207,0.1447,-0.8396,0.4975,0.924,1.1826,6.546,0.021,3.7616,19.0784
ffc30_Rep2_s7.png,0.3172,0.0212,-1.6738,0.452,0.4829,1.4752,1.9799,0.0591,1.8357,2.5423
ffc31_Rep1_s0.png,0.0752,0.4843,-0.3149,0.8953,0.8358,1.1632,11.4699,0.0204,3.836,20.935
ffc31_Rep1_s1.png,0.2286,0.0899,-1.0461,0.4086,0.7438,1.2556,3.6155,0.0084,4.5817,73.6921
ffc31_Rep1_s2.png,0.1623,0.1068,-0.9712,0.5166,0.941,1.2693,5.0618,0.0109,7.9906,189.9281
ffc31_Rep1_s3.png,0.3008,0.124,-0.9066,0.551,0.8249,1.2485,2.9097,0.0123,5.5628,45.2088
ffc31_Rep1_s4.png,0.1514,0.1591,-0.7984,0.5851,0.9034,1.2019,5.509,0.0108,1.6603,3.9298
ffc31_Rep1_s5.png,0.0587,0.5186,-0.2852,0.8938,0.765,1.1099,14.3802,0.0169,3.0951,10.8969
ffc31_Rep1_s6.png,0.0802,0.2402,-0.6195,0.7816,0.9041,1.2013,10.259,0.0144,4.0148,26.7834
ffc31_Rep1_s7.png,0.3542,0.0219,-1.6599,0.4961,0.334,1.4858,1.8379,0.0569,2.145,4.3929
ffc31_Rep2_s0.png,0.0711,0.4529,-0.344,0.8925,0.8547,1.14,11.8599,0.0225,3.0224,11.5898
ffc31_Rep2_s1.png,0.0882,0.2659,-0.5753,0.7603,0.8911,1.2174,9.4651,0.0072,2.4421,11.7934
ffc31_Rep2_s2.png,0.1697,0.1177,-0.9291,0.5308,0.9385,1.2693,4.9064,0.0098,4.9314,77.2359
ffc31_Rep2_s3.png,0.2658,0.0865,-1.0628,0.4918,0.8456,1.2833,3.2097,0.0132,5.3576,40.6523
ffc31_Rep2_s4.png,0.248,0.0406,-1.3913,0.5218,0.6062,1.3814,3.047,0.0203,3.0951,14.49
ffc31_Rep2_s5.png,0.058,0.4083,-0.389,0.8606,0.7855,1.1542,14.3111,0.0159,3.3415,13.6339
ffc31_Rep2_s6.png,0.0824,0.2265,-0.645,0.7797,0.903,1.2171,10.0074,0.0151,4.6273,33.739
ffc31_Rep2_s7.png,0.325,0.0199,-1.7006,0.46,0.3771,1.4927,1.9231,0.055,1.9628,3.5401
ffc32_Rep1_s0.png,0.26,0.1248,-0.9038,0.489,0.8003,1.248,3.271,0.0108,4.3576,28.222
ffc32_Rep1_s1.png,0.2613,0.0546,-1.2626,0.3842,0.6152,1.3143,3.0262,0.0107,4.5328,37.959
ffc32_Rep1_s2.png,0.3199,0.1176,-0.9296,0.6556,0.842,1.2607,2.731,0.0203,9.2357,107.7832
ffc32_Rep1_s3.png,0.0438,0.212,-0.6736,0.5959,0.8352,1.0478,15.3852,0.068,1.4385,1.0005
ffc32_Rep1_s4.png,0.3048,0.15,-0.8238,0.6188,0.8054,1.2227,2.8855,0.0112,2.6061,12.3252
ffc32_Rep1_s5.png,0.0709,0.3262,-0.4865,0.8527,0.8899,1.1929,11.5168,0.0092,2.8019,12.5614
ffc32_Rep1_s6.png,0.0722,0.2689,-0.5705,0.775,0.9206,1.1983,10.9236,0.0237,3.3939,14.0319
ffc32_Rep1_s7.png,0.2745,0.0219,-1.659,0.3937,0.5002,1.4503,2.1973,0.0661,1.828,2.4419
ffc32_Rep2_s0.png,0.0662,0.5449,-0.2637,0.9301,0.8875,1.0921,12.5953,0.0216,3.4838,15.9281
ffc32_Rep2_s1.png,0.0794,0.6024,-0.2201,0.947,0.8758,1.0806,10.7278,0.0197,3.2352,12.1245
ffc32_Rep2_s2.png,0.0674,0.3958,-0.4025,0.8637,0.8662,1.0974,12.2417,0.027,3.1368,11.2212
ffc32_Rep2_s3.png,0.2292,0.1029,-0.9875,0.482,0.8654,1.2468,3.6317,0.0132,4.3882,26.398
ffc32_Rep2_s4.png,0.2944,0.1727,-0.7628,0.6122,0.8103,1.1984,2.9912,0.0122,3.6709,26.7586
ffc32_Rep2_s5.png,0.0662,0.4114,-0.3858,0.8384,0.8658,1.1498,12.439,0.0123,2.0367,6.5089
ffc32_Rep2_s6.png,0.1262,0.2036,-0.6911,0.5404,0.9392,1.1832,6.4689,0.0156,4.4085,25.7818
ffc32_Rep2_s7.png,0.2704,0.0228,-1.642,0.3873,0.4675,1.4421,2.2667,0.0526,1.9591,3.4859
ffc33_Rep1_s0.png,0.2593,0.097,-1.0132,0.4881,0.8017,1.2739,3.2565,0.0097,5.1046,43.8239
ffc33_Rep1_s1.png,0.0767,0.2562,-0.5915,0.7507,0.9178,1.1503,10.73,0.0089,1.8967,4.6875
ffc33_Rep1_s2.png,0.2999,0.0746,-1.127,0.5295,0.8133,1.2932,2.8102,0.0197,9.5577,120.8403
ffc33_Rep1_s3.png,0.0071,0.4863,-0.3131,0.8175,0.9598,0.678,65.169,0.0696,0.8622,0.0392
ffc33_Rep1_s4.png,0.27,0.0455,-1.3417,0.4022,0.527,1.3366,2.9096,0.0109,3.0209,16.5285
ffc33_Rep1_s5.png,0.064,0.316,-0.5002,0.8014,0.8229,1.1429,12.6407,0.0093,2.7476,10.1529
ffc33_Rep1_s6.png,0.2045,0.0737,-1.1325,0.3997,0.8362,1.2739,3.9328,0.0132,5.1786,36.3879
ffc33_Rep1_s7.png,0.3268,0.0223,-1.6509,0.4612,0.3591,1.4753,1.9521,0.0606,2.1138,3.745
ffc33_Rep2_s0.png,0.2232,0.0914,-1.0393,0.426,0.847,1.2614,3.6924,0.0146,4.802,48.8049
ffc33_Rep2_s1.png,0.0643,0.2117,-0.6743,0.8039,0.9294,1.1626,12.4854,0.0108,2.0425,5.3305
ffc33_Rep2_s2.png,0.0046,0.9815,-0.0081,0.965,0.2537,0.719,105.9116,0.0482,0.3021,-0.6879
ffc33_Rep2_s3.png,0.003,0.9967,-0.0014,0.9652,0.4006,0.9079,130.853,0.0751,0.3384,-1.4318
ffc33_Rep2_s4.png,0.3667,0.0351,-1.4545,0.5887,0.5779,1.4328,2.17,0.0165,3.8041,21.7751
ffc33_Rep2_s5.png,0.0593,0.4959,-0.3046,0.8923,0.7796,1.1234,14.2702,0.0168,2.8793,9.6033
ffc33_Rep2_s6.png,0.0825,0.4126,-0.3845,0.8863,0.8846,1.1201,10.1609,0.0213,4.4476,24.7956
ffc33_Rep2_s7.png,0.3198,0.0233,-1.6329,0.4479,0.388,1.4653,1.9859,0.0646,2.1494,3.9263
ffc34_Rep1_s0.png,0.2053,0.0767,-1.1153,0.4246,0.8436,1.2848,3.945,0.0131,4.6906,32.8574
ffc34_Rep1_s1.png,0.0855,0.5161,-0.2873,0.9271,0.8742,1.0855,9.9805,0.017,3.6013,15.4987
ffc34_Rep1_s2.png,0.0506,0.2222,-0.6532,0.7516,0.7532,1.2397,14.862,0.0297,5.5412,38.5792
ffc34_Rep1_s3.png,0.2708,0.1201,-0.9206,0.535,0.8479,1.2515,3.1615,0.0075,3.1714,20.5411
ffc34_Rep1_s4.png,0.2737,0.0631,-1.2,0.5618,0.8092,1.3352,2.9849,0.0134,2.5263,11.8589
ffc34_Rep1_s5.png,0.1569,0.1016,-0.993,0.5193,0.938,1.3045,5.0902,0.0113,3.743,23.6892
ffc34_Rep1_s6.png,0.0591,0.2855,-0.5444,0.8258,0.857,1.2357,13.3803,0.0142,3.3118,15.0966
ffc34_Rep1_s7.png,0.2814,0.0225,-1.6487,0.4,0.4673,1.4506,2.1692,0.0612,1.8169,2.2841
ffc34_Rep2_s0.png,0.2575,0.1117,-0.952,0.4752,0.7904,1.2644,3.2905,0.0098,5.0386,45.7037
ffc34_Rep2_s1.png,0.0867,0.096,-1.0177,0.4224,0.9369,1.2344,8.4558,0.0073,2.1443,6.9012
ffc34_Rep2_s2.png,0.0066,0.7203,-0.1425,0.8663,0.4266,0.6236,82.6896,0.0732,0.7918,-0.298
ffc34_Rep2_s3.png,0.0026,1.0,0.0,0.9718,0.3868,0.8479,137.18,0.0644,0.3771,-1.1749
ffc34_Rep2_s4.png,0.3025,0.0277,-1.5583,0.5507,0.7255,1.4623,2.372,0.0199,3.2485,17.8566
ffc34_Rep2_s5.png,0.0635,0.3615,-0.4419,0.8216,0.8194,1.1315,12.811,0.0116,2.9951,11.2461
ffc34_Rep2_s6.png,0.068,0.2525,-0.5978,0.787,0.9056,1.1833,11.9163,0.0075,1.8783,6.495
ffc34_Rep2_s7.png,0.3231,0.0215,-1.6684,0.4508,0.3707,1.4762,1.9407,0.0612,2.0292,3.4477
ffc36_Rep1_s0.png,0.1844,0.1498,-0.8246,0.6152,0.9222,1.2448,4.5974,0.0159,3.9948,23.5474
ffc36_Rep1_s1.png,0.0665,0.5209,-0.2833,0.8807,0.8176,1.0993,13.0084,0.0093,2.6214,10.8583
ffc36_Rep1_s2.png,0.0865,0.3657,-0.4368,0.9069,0.8682,1.168,9.9672,0.0205,3.6046,17.0063
ffc36_Rep1_s3.png,0.2473,0.0774,-1.1111,0.4641,0.7975,1.2922,3.3642,0.0121,4.9016,37.2154
ffc36_Rep1_s4.png,0.2479,0.0275,-1.5609,0.4829,0.6982,1.4161,2.9031,0.0226,3.8788,21.1032
ffc36_Rep1_s5.png,0.0633,0.5695,-0.2445,0.9094,0.7983,1.106,13.4957,0.0116,7.171,97.2579
ffc36_Rep1_s6.png,0.065,0.4183,-0.3785,0.844,0.8106,1.1301,13.0838,0.01,2.4059,9.5349
ffc36_Rep1_s7.png,0.311,0.0216,-1.6665,0.4412,0.5074,1.4713,2.0171,0.0552,2.0771,3.8308
ffc36_Rep2_s0.png,0.2582,0.1378,-0.8608,0.4773,0.7948,1.2258,3.3028,0.0106,4.366,26.9735
ffc36_Rep2_s1.png,0.0546,0.2429,-0.6145,0.8379,0.7451,1.2166,14.8293,0.0182,2.8668,10.3453
ffc36_Rep2_s2.png,0.0059,0.7309,-0.1362,0.9078,0.81,0.7932,87.5935,0.075,0.4825,-0.7513
ffc36_Rep2_s3.png,0.0031,0.9126,-0.0397,0.9486,0.7253,0.46,125.674,0.0741,0.4342,-1.167
ffc36_Rep2_s4.png,0.1926,0.0439,-1.3577,0.4722,0.8157,1.337,3.781,0.0215,5.1216,39.6975
ffc36_Rep2_s5.png,0.0578,0.493,-0.3071,0.887,0.7881,1.1137,14.5657,0.0187,2.9146,9.3671
ffc36_Rep2_s6.png,0.0395,0.1831,-0.7372,0.7082,0.8286,1.2304,17.4267,0.0235,2.9169,9.8361
ffc36_Rep2_s7.png,0.3511,0.0219,-1.6596,0.4934,0.3959,1.4858,1.8546,0.0632,2.1551,4.2082
ffc37_Rep1_s0.png,0.2319,0.1118,-0.9515,0.4734,0.8305,1.239,3.6142,0.013,4.6309,30.2155
ffc37_Rep1_s1.png,0.0779,0.5137,-0.2893,0.9072,0.8837,1.1004,10.8081,0.0216,3.7601,16.913
ffc37_Rep1_s2.png,0.0617,0.2197,-0.6581,0.6844,0.337,1.0967,11.938,0.0566,1.3097,0.6183
ffc37_Rep1_s3.png,0.239,0.099,-1.0045,0.4575,0.8148,1.2499,3.4465,0.0093,4.4161,31.1549
ffc37_Rep1_s4.png,0.2731,0.0739,-1.1313,0.5701,0.8284,1.3084,3.0137,0.0174,3.1064,15.7046
ffc37_Rep1_s5.png,0.0742,0.26,-0.585,0.7538,0.9027,1.1692,10.784,0.0173,4.5902,26.7614
ffc37_Rep1_s6.png,0.2982,0.0979,-1.0092,0.4849,0.7681,1.2743,2.8581,0.0099,4.8028,41.3013
ffc37_Rep1_s7.png,0.2902,0.0204,-1.6904,0.4126,0.4775,1.4662,2.0721,0.0588,1.7729,2.2433
ffc37_Rep2_s0.png,0.0753,0.3251,-0.488,0.822,0.8213,1.1568,11.1009,0.0334,4.1589,20.1733
ffc37_Rep2_s1.png,0.0652,0.5053,-0.2964,0.8998,0.8647,1.1725,12.7668,0.0285,2.9156,9.8347
ffc37_Rep2_s2.png,0.0565,0.2498,-0.6024,0.7161,0.4725,1.0594,13.171,0.0565,1.4475,1.0583
ffc37_Rep2_s3.png,0.0358,0.1948,-0.7104,0.56,0.8818,1.0459,17.6485,0.07,1.8015,2.8242
ffc37_Rep2_s4.png,0.1862,0.0863,-1.0638,0.663,0.9396,1.3067,4.411,0.0129,2.2475,9.6499
ffc37_Rep2_s5.png,0.0578,0.5523,-0.2578,0.906,0.8041,1.1438,14.3625,0.0205,3.6357,14.4075
ffc37_Rep2_s6.png,0.0506,0.2748,-0.5611,0.7453,0.8196,1.1504,15.3043,0.041,3.8493,15.2043
ffc37_Rep2_s7.png,0.2931,0.023,-1.6374,0.4167,0.3118,1.4502,2.1235,0.0655,2.036,3.4041
ffc38_Rep1_s0.png,0.2245,0.0895,-1.0481,0.4215,0.7921,1.2562,3.6518,0.0108,5.384,49.7698
ffc38_Rep1_s1.png,0.076,0.3583,-0.4457,0.7907,0.8602,1.1571,11.1633,0.0105,2.8694,12.9356
ffc38_Rep1_s2.png,0.0774,0.0905,-1.0432,0.6343,0.9463,1.3102,9.4358,0.0099,2.0603,6.0802
ffc38_Rep1_s3.png,0.0029,1.0,0.0,0.9645,0.3833,0.8829,132.0354,0.082,0.2989,-1.478
ffc38_Rep1_s4.png,0.2796,0.0247,-1.6081,0.485,0.5641,1.4487,2.3737,0.0265,1.8613,4.7248
ffc38_Rep1_s5.png,0.0619,0.3308,-0.4804,0.7711,0.8388,1.1488,13.2824,0.0162,3.6487,18.0993
ffc38_Rep1_s6.png,0.1998,0.0759,-1.1199,0.3784,0.8268,1.2805,3.9718,0.014,5.2274,36.3109
ffc38_Rep1_s7.png,0.3353,0.0211,-1.6753,0.4678,0.4032,1.4825,1.8917,0.0584,2.0707,3.6389
ffc38_Rep2_s0.png,0.2699,0.1104,-0.957,0.4956,0.786,1.2625,3.1506,0.0088,3.9313,25.0079
ffc38_Rep2_s1.png,0.0666,0.5164,-0.287,0.9009,0.8351,1.1175,12.941,0.0138,2.9571,11.7278
ffc38_Rep2_s2.png,0.0054,0.9248,-0.0339,0.9516,0.311,0.6465,96.5254,0.0577,0.1656,-1.1954
ffc38_Rep2_s3.png,0.2693,0.0995,-1.0023,0.5039,0.839,1.271,3.1929,0.0132,5.1314,39.6698
ffc38_Rep2_s4.png,0.1794,0.0365,-1.438,0.4742,0.866,1.3656,3.7868,0.0246,2.3411,8.1628
ffc38_Rep2_s5.png,0.0593,0.503,-0.2984,0.8867,0.7886,1.1135,14.2676,0.0165,3.2684,13.9826
ffc38_Rep2_s6.png,0.0536,0.2342,-0.6303,0.8009,0.8638,1.2374,14.2299,0.0166,3.2325,13.2139
ffc38_Rep2_s7.png,0.3223,0.0211,-1.6765,0.4502,0.3009,1.4764,1.9553,0.0597,2.0299,3.4921
ffc39_Rep1_s0.png,0.0669,0.3103,-0.5082,0.8439,0.836,1.237,12.2236,0.0346,4.3316,21.7745
ffc39_Rep1_s1.png,0.0941,0.1492,-0.8261,0.6235,0.8891,1.2241,8.6186,0.0107,3.6068,20.3707
ffc39_Rep1_s2.png,0.0058,0.2503,-0.6015,0.6678,0.9916,0.9217,54.6056,0.0638,0.8594,0.0662
ffc39_Rep1_s3.png,0.2168,0.0652,-1.1856,0.4203,0.8433,1.3122,3.6568,0.0131,5.1448,38.8745
ffc39_Rep1_s4.png,0.2557,0.0711,-1.1482,0.4439,0.7724,1.2899,3.2283,0.0131,3.2474,15.8283
ffc39_Rep1_s5.png,0.0599,0.3383,-0.4707,0.8175,0.8065,1.158,13.4845,0.0222,3.5339,13.5436
ffc39_Rep1_s6.png,0.0494,0.2256,-0.6467,0.7494,0.7281,1.239,15.4714,0.0272,3.3567,12.502
ffc39_Rep1_s7.png,0.3107,0.0167,-1.7767,0.4477,0.3252,1.5041,1.907,0.0735,2.4926,6.9594
ffc39_Rep2_s0.png,0.2424,0.1089,-0.9628,0.4446,0.7731,1.237,3.4518,0.0107,5.7964,56.7019
ffc39_Rep2_s1.png,0.0829,0.3105,-0.508,0.7771,0.8737,1.1745,10.201,0.0187,3.4435,15.5099
ffc39_Rep2_s2.png,0.152,0.1353,-0.8686,0.5683,0.9252,1.2605,5.376,0.0091,9.4066,192.1067
ffc39_Rep2_s3.png,0.0028,0.9955,-0.0019,0.9526,0.4149,0.8769,134.5074,0.0674,0.3753,-1.2304
ffc39_Rep2_s4.png,0.2363,0.0872,-1.0594,0.4316,0.8067,1.26,3.499,0.0138,3.7202,22.2422
ffc39_Rep2_s5.png,0.0664,0.3446,-0.4627,0.8378,0.8836,1.1625,12.2577,0.0079,2.0415,6.5383
ffc39_Rep2_s6.png,0.2919,0.0808,-1.0924,0.4707,0.756,1.2814,2.8773,0.009,7.0526,141.1442
ffc39_Rep2_s7.png,0.3312,0.0202,-1.6943,0.4485,0.3919,1.4862,1.8962,0.051,1.714,2.4855
ffc3_Rep1_s0.png,0.2657,0.1188,-0.9252,0.4934,0.7867,1.2614,3.2029,0.0086,3.9277,29.6994
ffc3_Rep1_s1.png,0.1068,0.0721,-1.1419,0.3738,0.9393,1.3058,6.7128,0.0118,4.6316,33.8731
ffc3_Rep1_s2.png,0.3342,0.0909,-1.0417,0.5963,0.7762,1.3126,2.5727,0.0191,7.7305,75.3546
ffc3_Rep1_s3.png,0.0071,0.228,-0.642,0.6039,0.9863,0.9503,66.3167,0.0267,2.1443,4.9302
ffc3_Rep1_s4.png,0.2802,0.1101,-0.9584,0.579,0.8049,1.2525,3.0759,0.0105,3.1908,21.573
ffc3_Rep1_s5.png,0.1021,0.1409,-0.8512,0.6722,0.3484,1.2228,7.2468,0.0616,1.5252,1.2423
ffc3_Rep1_s6.png,0.0737,0.2099,-0.678,0.7832,0.9076,1.1956,10.9625,0.008,2.3583,12.7276
ffc3_Rep1_s7.png,0.3343,0.0209,-1.6793,0.4623,0.4079,1.4821,1.8933,0.0598,1.9796,3.1893
ffc3_Rep2_s0.png,0.2855,0.1289,-0.8899,0.5175,0.7775,1.2442,3.0163,0.0097,4.4911,33.3144
ffc3_Rep2_s1.png,0.1248,0.0876,-1.0576,0.4305,0.9432,1.2791,6.1014,0.0127,5.4822,51.3798
ffc3_Rep2_s2.png,0.3262,0.1088,-0.9634,0.581,0.7823,1.2832,2.6659,0.0127,9.7593,144.0822
ffc3_Rep2_s3.png,0.0028,1.0,0.0,0.9684,0.3869,0.8965,133.6513,0.0778,0.455,-1.3106
ffc3_Rep2_s4.png,0.2424,0.0291,-1.5365,0.4751,0.5091,1.429,2.8843,0.021,2.8932,15.7497
ffc3_Rep2_s5.png,0.0904,0.1094,-0.9612,0.4054,0.9079,1.2291,8.3851,0.0143,3.2629,13.2282
ffc3_Rep2_s6.png,0.0637,0.2831,-0.5481,0.8234,0.902,1.1247,12.7144,0.0062,1.1458,1.9439
ffc3_Rep2_s7.png,0.3193,0.0199,-1.7003,0.4517,0.3906,1.4891,1.9361,0.0625,1.9457,3.3032
ffc40_Rep1_s0.png,0.2187,0.2189,-0.6597,0.6655,0.9119,1.1898,4.0132,0.0152,4.2836,29.1078
ffc40_Rep1_s1.png,0.2569,0.0763,-1.1173,0.4304,0.7561,1.2799,3.1994,0.0127,3.8655,20.8815
ffc40_Rep1_s2.png,0.0524,0.1948,-0.7105,0.6544,0.6158,1.0923,13.4725,0.0616,1.5718,1.5716
ffc40_Rep1_s3.png,0.067,0.2892,-0.5389,0.8017,0.8957,1.1968,11.9028,0.0255,3.9766,20.2424
ffc40_Rep1_s4.png,0.1994,0.0838,-1.0766,0.6568,0.9305,1.3152,4.1202,0.0212,4.1348,28.7629
ffc40_Rep1_s5.png,0.0612,0.3335,-0.4768,0.7982,0.8133,1.1329,13.1095,0.0219,3.2873,11.5727
ffc40_Rep1_s6.png,0.0601,0.2159,-0.6657,0.7943,0.8288,1.2285,12.9635,0.0197,2.8581,8.5574
ffc40_Rep1_s7.png,0.3178,0.0188,-1.7258,0.4599,0.3467,1.4947,1.9298,0.0546,1.8794,3.1691
ffc40_Rep2_s0.png,0.1941,0.1063,-0.9736,0.3566,0.7599,1.2019,4.1169,0.0144,3.9396,21.4146
ffc40_Rep2_s1.png,0.2521,0.0979,-1.0091,0.4425,0.7336,1.2959,3.2836,0.0098,5.0368,40.5276
ffc40_Rep2_s2.png,0.0544,0.4611,-0.3362,0.8715,0.8291,1.1813,14.8665,0.0163,4.2195,32.1561
ffc40_Rep2_s3.png,0.2603,0.0726,-1.1392,0.4628,0.7438,1.2936,3.1831,0.0072,2.537,12.7983
ffc40_Rep2_s4.png,0.2673,0.1045,-0.981,0.4912,0.7633,1.263,3.1725,0.0129,3.9723,22.7898
ffc40_Rep2_s5.png,0.0674,0.4532,-0.3437,0.8757,0.8449,1.1385,12.3231,0.0163,4.1328,23.2253
ffc40_Rep2_s6.png,0.5056,0.1434,-0.8434,0.7492,0.6862,1.2682,1.7935,0.0125,14.7109,283.4959
ffc40_Rep2_s7.png,0.3551,0.018,-1.7448,0.4684,0.3448,1.5185,1.7569,0.0493,1.9223,3.2737
ffc41_Rep1_s0.png,0.1751,0.1057,-0.9758,0.5505,0.9342,1.2856,4.6975,0.0172,4.179,22.7251
ffc41_Rep1_s1.png,0.0549,0.3169,-0.499,0.8344,0.8428,1.2146,14.4562,0.0175,2.8426,8.9261
ffc41_Rep1_s2.png,0.0064,0.7356,-0.1334,0.8957,0.5884,0.8297,85.2745,0.0515,0.9049,-0.0163
ffc41_Rep1_s3.png,0.0063,0.6553,-0.1836,0.8817,0.8881,0.6207,79.7126,0.0584,0.6522,0.8095
ffc41_Rep1_s4.png,0.2435,0.0347,-1.4592,0.4789,0.5624,1.3968,3.0084,0.0217,3.438,18.5143
ffc41_Rep1_s5.png,0.0651,0.3191,-0.4961,0.8029,0.7986,1.1418,12.5025,0.0228,3.5136,12.946
ffc41_Rep1_s6.png,0.0534,0.2533,-0.5963,0.7708,0.7979,1.1746,14.5968,0.0225,2.7506,7.623
ffc41_Rep1_s7.png,0.2998,0.0201,-1.6963,0.42,0.3515,1.4789,2.0306,0.0602,1.8326,2.4623
ffc41_Rep2_s0.png,0.1396,0.088,-1.0555,0.4438,0.9342,1.305,5.5601,0.0133,4.2246,27.2144
ffc41_Rep2_s1.png,0.1329,0.112,-0.9508,0.4529,0.9356,1.2234,6.0347,0.0075,1.9593,5.7489
ffc41_Rep2_s2.png,0.0056,0.9683,-0.014,0.9683,0.3455,0.7266,94.751,0.0544,0.2634,-0.3124
ffc41_Rep2_s3.png,0.0027,1.0,0.0,0.9835,0.3909,0.8904,135.092,0.0853,0.4787,-1.3764
ffc41_Rep2_s4.png,0.2411,0.0268,-1.5716,0.4594,0.8131,1.4276,2.9481,0.0197,2.9481,16.0157
ffc41_Rep2_s5.png,0.0733,0.3392,-0.4695,0.8364,0.8818,1.1967,11.1903,0.0071,1.7466,5.1043
ffc41_Rep2_s6.png,0.2421,0.1099,-0.9592,0.4246,0.8133,1.2167,3.443,0.0142,5.5807,43.0657
ffc41_Rep2_s7.png,0.3327,0.0218,-1.6623,0.4715,0.3893,1.4835,1.9239,0.0513,2.031,3.603
ffc43_Rep1_s0.png,0.0592,0.38,-0.4202,0.8318,0.8423,1.1122,13.6404,0.0115,2.4742,7.5538
ffc43_Rep1_s1.png,0.199,0.0849,-1.0711,0.3304,0.7627,1.2613,3.9203,0.0172,4.4211,28.9351
ffc43_Rep1_s2.png,0.047,0.2293,-0.6396,0.7011,0.8797,1.1905,15.3877,0.0315,3.9443,20.2304
ffc43_Rep1_s3.png,0.2318,0.0857,-1.0673,0.426,0.7579,1.2543,3.5146,0.0093,4.6421,40.1215
ffc43_Rep1_s4.png,0.2718,0.1155,-0.9373,0.526,0.7798,1.252,3.1444,0.0113,3.0527,16.2621
ffc43_Rep1_s5.png,0.0679,0.5218,-0.2825,0.8813,0.842,1.11,12.3591,0.0135,3.1614,13.4769
ffc43_Rep1_s6.png,0.2022,0.1783,-0.7488,0.6221,0.9138,1.1998,4.2708,0.0157,6.0125,47.0508
ffc43_Rep1_s7.png,0.3289,0.0178,-1.7497,0.4495,0.2429,1.509,1.8554,0.0631,1.9105,3.0514
ffc43_Rep2_s0.png,0.0649,0.4052,-0.3923,0.8629,0.8533,1.1506,12.6122,0.0149,2.9227,10.0091
ffc43_Rep2_s1.png,0.0741,0.3108,-0.5075,0.8455,0.9117,1.1743,10.9558,0.0236,3.8489,17.9465
ffc43_Rep2_s2.png,0.0402,0.3362,-0.4734,0.8067,0.7551,1.115,18.5495,0.0212,8.8229,93.8013
ffc43_Rep2_s3.png,0.2435,0.0931,-1.0309,0.4477,0.7652,1.2595,3.3923,0.0086,4.2209,36.0628
ffc43_Rep2_s4.png,0.2434,0.1009,-0.9959,0.4718,0.7889,1.2587,3.432,0.0153,3.9322,23.6299
ffc43_Rep2_s5.png,0.0592,0.3664,-0.4361,0.8272,0.8323,1.153,13.6568,0.0174,3.3238,14.9215
ffc43_Rep2_s6.png,0.2057,0.1481,-0.8294,0.6424,0.9122,1.2246,4.1642,0.0171,5.1056,31.1204
ffc43_Rep2_s7.png,0.2924,0.0197,-1.7052,0.4087,0.4264,1.4753,2.0411,0.0577,1.7829,2.3012
ffc44_Rep1_s0.png,0.2247,0.087,-1.0605,0.4396,0.8226,1.2792,3.6793,0.0125,4.7159,32.8352
ffc44_Rep1_s1.png,0.2343,0.0983,-1.0074,0.4491,0.7764,1.2622,3.5209,0.0125,4.5324,29.4371
ffc44_Rep1_s2.png,0.0505,0.2771,-0.5574,0.7722,0.7937,1.2165,15.0822,0.0296,3.89,18.4925
ffc44_Rep1_s3.png,0.0488,0.1549,-0.8099,0.7184,0.8532,1.2854,14.5662,0.0223,3.2704,13.2336
ffc44_Rep1_s4.png,0.274,0.0787,-1.1042,0.5677,0.8163,1.2915,3.0602,0.0121,2.3114,11.4369
ffc44_Rep1_s5.png,0.1509,0.1144,-0.9416,0.5114,0.9418,1.2769,5.3012,0.009,2.0537,6.0318
ffc44_Rep1_s6.png,0.0368,0.1771,-0.7518,0.6444,0.6256,1.2318,18.8087,0.0302,2.1106,3.8958
ffc44_Rep1_s7.png,0.2968,0.0202,-1.6948,0.42,0.4498,1.4773,2.0347,0.0648,1.9115,2.8008
ffc44_Rep2_s0.png,0.2586,0.1185,-0.9261,0.4954,0.8064,1.2678,3.2822,0.0113,4.8625,34.7844
ffc44_Rep2_s1.png,0.0844,0.5411,-0.2667,0.9234,0.8701,1.0816,10.108,0.0178,3.9425,19.2611
ffc44_Rep2_s2.png,0.4941,0.2047,-0.6889,0.7815,0.7524,1.2169,1.8628,0.0193,9.87,125.0567
ffc44_Rep2_s3.png,0.2743,0.1159,-0.9358,0.5249,0.8188,1.2546,3.1133,0.0078,3.3017,20.9585
ffc44_Rep2_s4.png,0.2775,0.1354,-0.8684,0.5666,0.7984,1.2331,3.1174,0.0115,3.541,19.951
ffc44_Rep2_s5.png,0.1616,0.107,-0.9706,0.5347,0.9366,1.2949,5.0008,0.0117,3.3884,19.4842
ffc44_Rep2_s6.png,0.0673,0.1757,-0.7553,0.7254,0.9245,1.2532,11.0244,0.0251,2.5272,6.7331
ffc44_Rep2_s7.png,0.2991,0.0202,-1.6952,0.4185,0.4123,1.4781,2.0177,0.082,1.9925,2.9743
ffc45_Rep1_s0.png,0.1346,0.136,-0.8665,0.45,0.9161,1.2254,6.0363,0.0088,3.4102,19.5567
ffc45_Rep1_s1.png,0.0727,0.347,-0.4596,0.8159,0.8502,1.1589,11.6486,0.0068,1.8668,6.8958
ffc45_Rep1_s2.png,0.0933,0.1788,-0.7476,0.7481,0.8975,1.236,8.7906,0.008,3.6982,53.3971
ffc45_Rep1_s3.png,0.2702,0.1151,-0.939,0.4881,0.8177,1.2437,3.1915,0.0094,4.2823,33.2141
ffc45_Rep1_s4.png,0.2506,0.0275,-1.5608,0.4842,0.659,1.4305,2.8739,0.0213,3.5559,17.1424
ffc45_Rep1_s5.png,0.356,0.1255,-0.9013,0.6167,0.8288,1.2699,2.4858,0.0117,4.6481,29.6069
ffc45_Rep1_s6.png,0.0687,0.3976,-0.4006,0.8541,0.8343,1.1822,12.3645,0.0188,4.6826,29.8706
ffc45_Rep1_s7.png,0.3293,0.0201,-1.6971,0.461,0.4053,1.488,1.8958,0.0654,2.0222,3.3968
ffc45_Rep2_s0.png,0.2636,0.0967,-1.0148,0.5158,0.8274,1.2858,3.1999,0.0133,5.349,42.7112
ffc45_Rep2_s1.png,0.2243,0.0897,-1.0472,0.4175,0.7849,1.2574,3.6441,0.0126,4.3534,26.9794
ffc45_Rep2_s2.png,0.0605,0.3818,-0.4182,0.8398,0.8528,1.1466,13.4519,0.0142,2.8739,12.4197
ffc45_Rep2_s3.png,0.2177,0.1094,-0.9611,0.4688,0.8899,1.2254,3.8948,0.0187,8.6905,102.7923
ffc45_Rep2_s4.png,0.2631,0.0447,-1.35,0.576,0.8494,1.3986,2.9306,0.0215,3.1418,15.0693
ffc45_Rep2_s5.png,0.0739,0.4315,-0.365,0.8799,0.8835,1.1545,11.2564,0.0096,2.4563,8.4407
ffc45_Rep2_s6.png,0.2223,0.0789,-1.1027,0.4069,0.7556,1.2737,3.6462,0.0087,3.3911,20.926
ffc45_Rep2_s7.png,0.3042,0.0197,-1.7065,0.4316,0.5199,1.4794,2.0429,0.0587,2.0279,3.6566
ffc46_Rep1_s0.png,0.2805,0.0984,-1.007,0.5034,0.7619,1.2761,3.0337,0.0078,3.8329,30.0761
ffc46_Rep1_s1.png,0.0885,0.2448,-0.6112,0.6755,0.8615,1.1758,9.3562,0.0071,2.3412,9.4041
ffc46_Rep1_s2.png,0.063,0.2422,-0.6159,0.7606,0.7422,1.156,12.4809,0.0242,4.6443,31.2267
ffc46_Rep1_s3.png,0.1755,0.0856,-1.0676,0.4398,0.9282,1.2798,4.626,0.0181,3.9053,20.8414
ffc46_Rep1_s4.png,0.2584,0.0929,-1.0322,0.5129,0.7937,1.2828,3.2615,0.0103,2.4503,11.192
ffc46_Rep1_s5.png,0.0613,0.4652,-0.3323,0.8911,0.7921,1.1729,13.5643,0.0105,2.7588,10.1107
ffc46_Rep1_s6.png,0.3147,0.0878,-1.0564,0.4994,0.7592,1.2964,2.7191,0.0075,2.5786,12.3785
ffc46_Rep1_s7.png,0.3225,0.0221,-1.6552,0.4511,0.4345,1.4707,1.9569,0.0771,2.1488,4.1416
ffc46_Rep2_s0.png,0.2603,0.0762,-1.1183,0.4857,0.8064,1.3193,3.2052,0.0092,4.0792,26.4034
ffc46_Rep2_s1.png,0.124,0.0766,-1.116,0.443,0.9333,1.2954,6.0846,0.0128,6.7921,63.5821
ffc46_Rep2_s2.png,0.082,0.2306,-0.6371,0.774,0.7849,1.2047,10.202,0.0122,6.2633,70.2647
ffc46_Rep2_s3.png,0.1258,0.1057,-0.9761,0.5144,0.9128,1.2358,6.3174,0.0081,2.2983,8.0669
ffc46_Rep2_s4.png,0.3335,0.1466,-0.834,0.6214,0.8021,1.2373,2.6474,0.0123,3.2405,19.4526
ffc46_Rep2_s5.png,0.0622,0.515,-0.2882,0.8839,0.7639,1.1234,13.6629,0.0083,2.1941,9.4284
ffc46_Rep2_s6.png,0.1623,0.1239,-0.907,0.4833,0.9402,1.2395,5.0525,0.013,3.2484,14.5338
ffc46_Rep2_s7.png,0.2932,0.0243,-1.614,0.4147,0.4197,1.4446,2.1345,0.0719,2.1833,4.1901
ffc47_Rep1_s0.png,0.2596,0.0896,-1.0477,0.4797,0.7953,1.2837,3.2182,0.0074,3.4063,22.107
ffc47_Rep1_s1.png,0.0817,0.3735,-0.4278,0.8238,0.8437,1.1529,10.431,0.0065,1.8543,5.7533
ffc47_Rep1_s2.png,0.0687,0.2047,-0.6888,0.7874,0.7725,1.2782,11.5826,0.0141,3.1584,14.3102
ffc47_Rep1_s3.png,0.0754,0.3452,-0.462,0.84,0.8622,1.1581,11.1911,0.023,2.6854,8.1405
ffc47_Rep1_s4.png,0.2203,0.0693,-1.1594,0.4621,0.8064,1.3135,3.6656,0.0103,3.1924,17.1019
ffc47_Rep1_s5.png,0.0678,0.3453,-0.4619,0.8068,0.8321,1.1347,12.2436,0.0136,4.8532,42.024
ffc47_Rep1_s6.png,0.0669,0.1819,-0.7402,0.7585,0.9034,1.2284,11.7144,0.0085,2.5216,9.1344
ffc47_Rep1_s7.png,0.3282,0.0206,-1.6869,0.4446,0.3784,1.4849,1.8971,0.0657,1.9187,2.7249
ffc47_Rep2_s0.png,0.2881,0.0871,-1.0599,0.5296,0.7983,1.3145,2.9463,0.0083,4.097,28.3934
ffc47_Rep2_s1.png,0.0791,0.3715,-0.43,0.8292,0.854,1.1106,10.7013,0.0062,1.5557,4.6737
ffc47_Rep2_s2.png,0.0695,0.197,-0.7056,0.8026,0.8631,1.1958,11.3155,0.0234,3.9684,21.8695
ffc47_Rep2_s3.png,0.0027,1.0,0.0,0.967,0.4097,0.8904,135.8696,0.0711,0.9325,-0.3857
ffc47_Rep2_s4.png,0.0647,0.3264,-0.4863,0.8454,0.854,1.1753,12.5036,0.0113,2.5472,8.8682
ffc47_Rep2_s5.png,0.0645,0.4639,-0.3336,0.9069,0.8272,1.1673,12.8495,0.012,4.0107,24.2511
ffc47_Rep2_s6.png,0.062,0.5897,-0.2294,0.9205,0.8349,1.1243,13.455,0.02,2.9872,11.7152
ffc47_Rep2_s7.png,0.3026,0.0231,-1.6366,0.4146,0.2571,1.4587,2.0577,0.0749,2.0165,3.0422
ffc48_Rep1_s0.png,0.2377,0.102,-0.9915,0.4388,0.7875,1.2269,3.4936,0.0065,1.6856,5.6202
ffc48_Rep1_s1.png,0.1576,0.0962,-1.0167,0.499,0.927,1.3026,5.1443,0.01,5.0835,48.9447
ffc48_Rep1_s2.png,0.0442,0.1639,-0.7854,0.6506,0.8511,1.1934,15.9976,0.0205,2.3114,9.3692
ffc48_Rep1_s3.png,0.0027,0.1787,-0.7478,0.5014,0.9935,0.8004,74.8273,0.0365,1.0887,1.2191
ffc48_Rep1_s4.png,0.0615,0.2079,-0.6822,0.814,0.7522,1.2561,12.824,0.0146,2.5294,8.0007
ffc48_Rep1_s5.png,0.0599,0.5154,-0.2878,0.8799,0.7845,1.1127,14.1274,0.0172,3.3662,16.0401
ffc48_Rep1_s6.png,0.0522,0.3666,-0.4358,0.8652,0.8124,1.1505,15.7689,0.0253,2.9136,9.6665
ffc48_Rep1_s7.png,0.3198,0.023,-1.638,0.4411,0.4607,1.4651,1.969,0.0583,2.0097,3.4003
ffc48_Rep2_s0.png,0.2397,0.0767,-1.115,0.4338,0.7678,1.2652,3.4351,0.008,3.7456,28.7822
ffc48_Rep2_s1.png,0.1361,0.086,-1.0657,0.4413,0.9309,1.2864,5.7241,0.0107,4.9113,41.6275
ffc48_Rep2_s2.png,0.061,0.2225,-0.6526,0.7443,0.9067,1.2065,12.5911,0.0231,1.8905,4.197
ffc48_Rep2_s3.png,0.0508,0.2032,-0.6921,0.7561,0.7935,1.2379,14.679,0.0284,1.9636,3.986
ffc48_Rep2_s4.png,0.0703,0.3956,-0.4027,0.835,0.7815,1.1408,12.0176,0.0135,2.611,13.7769
ffc48_Rep2_s5.png,0.0913,0.1732,-0.7614,0.7515,0.9137,1.2202,8.8122,0.0142,3.111,12.0544
ffc48_Rep2_s6.png,0.1676,0.1549,-0.8099,0.4971,0.9385,1.2114,4.9888,0.0164,3.8145,18.1009
ffc48_Rep2_s7.png,0.307,0.0239,-1.6219,0.4303,0.4422,1.4549,2.0483,0.0592,2.0737,3.7034
ffc4_Rep1_s0.png,0.265,0.1159,-0.9358,0.5096,0.8091,1.2589,3.2208,0.0128,5.0469,42.1767
ffc4_Rep1_s1.png,0.2018,0.0903,-1.0442,0.4094,0.8558,1.2371,4.0382,0.0067,1.985,6.9039
ffc4_Rep1_s2.png,0.075,0.2152,-0.6671,0.7424,0.1581,1.1201,10.2193,0.0534,1.3975,1.0326
ffc4_Rep1_s3.png,0.0481,0.1984,-0.7025,0.577,0.7728,1.0761,14.0919,0.068,1.3418,0.6384
ffc4_Rep1_s4.png,0.2131,0.0702,-1.154,0.6165,0.9071,1.2974,3.7914,0.0199,4.1953,27.5392
ffc4_Rep1_s5.png,0.0561,0.3631,-0.4399,0.7868,0.8293,1.1431,14.2561,0.015,2.6196,7.6357
ffc4_Rep1_s6.png,0.0597,0.5521,-0.2579,0.8993,0.7714,1.0838,13.9442,0.0254,3.0686,11.6255
ffc4_Rep1_s7.png,0.2582,0.0197,-1.7066,0.3724,0.4605,1.4615,2.2807,0.072,2.4359,5.4463
ffc4_Rep2_s0.png,0.2418,0.1115,-0.9529,0.4502,0.7819,1.24,3.4719,0.011,4.4255,29.1484
ffc4_Rep2_s1.png,0.0432,0.1804,-0.7438,0.7019,0.7871,1.2376,16.5401,0.0338,3.3107,11.9618
ffc4_Rep2_s2.png,0.0062,0.6471,-0.189,0.8482,0.5869,0.8308,85.6788,0.0629,0.7484,-0.1162
ffc4_Rep2_s3.png,0.0515,0.1232,-0.9093,0.6755,0.9029,1.29,13.1961,0.0291,2.8907,11.0044
ffc4_Rep2_s4.png,0.2631,0.0386,-1.4139,0.4951,0.6293,1.3946,2.876,0.0208,5.2243,41.6018
ffc4_Rep2_s5.png,0.0438,0.3121,-0.5057,0.8011,0.7578,1.1797,17.5447,0.0328,2.896,8.1934
ffc4_Rep2_s6.png,0.0522,0.2743,-0.5618,0.7539,0.787,1.1673,14.9822,0.0332,3.6253,14.9345
ffc4_Rep2_s7.png,0.3272,0.0213,-1.6721,0.4559,0.2728,1.4793,1.9373,0.0634,2.0774,3.7401
ffc50_Rep1_s0.png,0.2891,0.1273,-0.8953,0.5561,0.8308,1.2493,2.9949,0.0129,6.7306,77.1947
ffc50_Rep1_s1.png,0.1211,0.0849,-1.0712,0.4285,0.9446,1.2786,6.2957,0.011,3.682,21.3703
ffc50_Rep1_s2.png,0.0123,0.5688,-0.2451,0.914,0.9164,1.0564,49.3596,0.0306,3.0749,11.0792
ffc50_Rep1_s3.png,0.0026,0.9696,-0.0134,0.9399,0.2619,0.8635,137.1782,0.0682,0.644,-0.9228
ffc50_Rep1_s4.png,0.2278,0.0589,-1.2296,0.3992,0.7698,1.3181,3.5046,0.0141,3.6682,18.4616
ffc50_Rep1_s5.png,0.0666,0.3255,-0.4875,0.8165,0.7891,1.1555,12.2127,0.0113,3.0167,12.658
ffc50_Rep1_s6.png,0.0623,0.4032,-0.3944,0.858,0.8033,1.1501,13.1135,0.0105,3.4448,16.4815
ffc50_Rep1_s7.png,0.2115,0.0142,-1.8488,0.2908,0.5965,1.4733,2.4754,0.0456,4.0768,19.3783
ffc50_Rep2_s0.png,0.2417,0.1059,-0.9752,0.4317,0.8097,1.2429,3.4286,0.0167,5.9227,54.0102
ffc50_Rep2_s1.png,0.0657,0.3631,-0.4399,0.8312,0.8172,1.0805,12.6231,0.0058,1.2282,2.5965
ffc50_Rep2_s2.png,0.0775,0.2947,-0.5306,0.8082,0.7894,1.1479,10.7354,0.0123,4.369,32.631
ffc50_Rep2_s3.png,0.0022,1.0,0.0,0.953,0.2765,0.8489,146.7365,0.0671,0.0533,-1.0585
ffc50_Rep2_s4.png,0.2297,0.0572,-1.2429,0.3999,0.7675,1.3233,3.4779,0.0139,3.5927,17.1561
ffc50_Rep2_s5.png,0.0671,0.3238,-0.4897,0.8117,0.7934,1.1475,12.152,0.0114,2.8649,10.5173
ffc50_Rep2_s6.png,0.2141,0.1123,-0.9497,0.616,0.893,1.2648,3.9708,0.0057,5.1663,107.8431
ffc50_Rep2_s7.png,0.1986,0.0152,-1.8195,0.2797,0.6419,1.4501,2.7029,0.0551,3.6595,14.4059
ffc51_Rep1_s0.png,0.2789,0.0793,-1.1009,0.4957,0.7712,1.3159,3.0112,0.0106,3.4153,21.0871
ffc51_Rep1_s1.png,0.193,0.0935,-1.029,0.4172,0.8845,1.2902,4.2306,0.0061,1.8712,7.1036
ffc51_Rep1_s2.png,0.0145,0.3972,-0.401,0.7793,0.9288,1.1253,42.1512,0.021,2.6876,8.7723
ffc51_Rep1_s3.png,0.2303,0.0633,-1.1987,0.4151,0.8627,1.312,3.4937,0.013,5.7724,58.1199
ffc51_Rep1_s4.png,0.1899,0.105,-0.9787,0.5419,0.9317,1.2791,4.3668,0.0115,4.458,46.5957
ffc51_Rep1_s5.png,0.0718,0.4904,-0.3095,0.8951,0.8244,1.1235,11.7371,0.0064,1.4672,3.6222
ffc51_Rep1_s6.png,0.0681,0.4265,-0.37,0.881,0.8772,1.1483,12.1267,0.0084,1.9157,5.4449
ffc51_Rep1_s7.png,0.2246,0.0123,-1.9097,0.3037,0.5406,1.4986,2.252,0.0383,4.5301,25.0833
ffc51_Rep2_s0.png,0.2999,0.144,-0.8418,0.5785,0.7889,1.2446,2.9122,0.0119,5.3298,42.4515
ffc51_Rep2_s1.png,0.1547,0.1187,-0.9257,0.4825,0.9393,1.2628,5.2694,0.012,3.5385,17.8382
ffc51_Rep2_s2.png,0.0523,0.2376,-0.6242,0.7468,0.8022,1.239,14.4447,0.0383,4.5721,23.7997
ffc51_Rep2_s3.png,0.0419,0.1424,-0.8465,0.6467,0.8114,1.2835,15.7529,0.0186,2.3543,6.5115
ffc51_Rep2_s4.png,0.1972,0.1118,-0.9514,0.5899,0.9317,1.2665,4.261,0.011,2.9018,14.337
ffc51_Rep2_s5.png,0.0561,0.5037,-0.2978,0.8993,0.7801,1.1414,14.674,0.0138,2.8443,9.2261
ffc51_Rep2_s6.png,0.0543,0.2684,-0.5712,0.8079,0.9372,1.1875,15.0009,0.0125,1.5529,2.4687
ffc51_Rep2_s7.png,0.1927,0.0137,-1.8622,0.2828,0.4891,1.4658,2.5913,0.0374,3.9688,20.3994
ffc52_Rep1_s0.png,0.2552,0.0981,-1.0081,0.4525,0.8015,1.2521,3.287,0.0186,6.381,52.2338
ffc52_Rep1_s1.png,0.126,0.0867,-1.0621,0.4281,0.9327,1.2844,6.0361,0.0118,5.0555,43.0785
ffc52_Rep1_s2.png,0.0568,0.2386,-0.6223,0.7273,0.9635,1.1749,13.3892,0.0074,1.6165,4.2171
ffc52_Rep1_s3.png,0.0027,1.0,0.0,0.957,0.355,0.8569,135.4465,0.0773,0.377,-1.336
ffc52_Rep1_s4.png,0.2092,0.0282,-1.5498,0.4689,0.7523,1.407,3.1844,0.0239,2.947,14.2919
ffc52_Rep1_s5.png,0.0599,0.2734,-0.5633,0.7821,0.8164,1.1497,13.3342,0.0139,3.021,10.3516
ffc52_Rep1_s6.png,0.0019,1.0,0.0,0.9769,0.3904,0.3187,151.751,0.1216,0.5888,-1.0742
ffc52_Rep1_s7.png,0.3133,0.0191,-1.7199,0.4643,0.3627,1.4968,1.9609,0.0646,1.8413,2.6681
ffc52_Rep2_s0.png,0.2571,0.0725,-1.1394,0.4143,0.7294,1.2911,3.1689,0.0155,6.1305,50.8269
ffc52_Rep2_s1.png,0.118,0.078,-1.1079,0.3943,0.9338,1.2893,6.2639,0.0124,4.5362,34.4507
ffc52_Rep2_s2.png,0.0095,0.8566,-0.0672,0.9511,0.5762,0.7175,65.9975,0.0587,1.2094,0.6593
ffc52_Rep2_s3.png,0.0024,1.0,0.0,0.9753,0.4922,0.4052,141.1335,0.1109,0.4539,-1.2878
ffc52_Rep2_s4.png,0.2079,0.0279,-1.5547,0.4616,0.7999,1.4121,3.1383,0.0239,2.4554,10.1466
ffc52_Rep2_s5.png,0.0635,0.5734,-0.2415,0.9028,0.7981,1.1026,13.4834,0.0097,5.9647,76.8051
ffc52_Rep2_s6.png,0.154,0.0698,-1.1562,0.4728,0.9183,1.3176,5.0852,0.0086,3.9313,38.0029
ffc52_Rep2_s7.png,0.3309,0.0201,-1.6971,0.4711,0.3836,1.4957,1.8963,0.0594,1.9628,3.2621
ffc53_Rep1_s0.png,0.2494,0.0902,-1.0449,0.4526,0.7657,1.2602,3.3392,0.0123,4.8518,34.628
ffc53_Rep1_s1.png,0.057,0.1,-0.9999,0.6466,0.9095,1.3209,12.6888,0.0078,1.5879,3.4412
ffc53_Rep1_s2.png,0.3381,0.1171,-0.9315,0.6041,0.7934,1.2659,2.5763,0.0185,7.2736,70.3182
ffc53_Rep1_s3.png,0.1763,0.0991,-1.0041,0.5305,0.9302,1.2813,4.6181,0.0096,3.4795,17.895
ffc53_Rep1_s4.png,0.2931,0.0981,-1.0084,0.6032,0.8072,1.2705,2.9167,0.012,2.6605,15.3303
ffc53_Rep1_s5.png,0.1053,0.0634,-1.198,0.3611,0.9428,1.2811,6.8321,0.011,3.4067,21.6645
ffc53_Rep1_s6.png,0.057,0.284,-0.5466,0.7752,0.8516,1.1793,13.737,0.0186,2.9846,10.7571
ffc53_Rep1_s7.png,0.3097,0.0201,-1.6966,0.439,0.5006,1.4829,2.0006,0.0567,1.9456,3.3131
ffc53_Rep2_s0.png,0.2441,0.0854,-1.0683,0.4589,0.798,1.2888,3.4158,0.0128,3.9062,21.8104
ffc53_Rep2_s1.png,0.212,0.0766,-1.1158,0.396,0.7764,1.2809,3.8093,0.0116,4.8317,36.7649
ffc53_Rep2_s2.png,0.1013,0.0633,-1.1986,0.3887,0.4761,1.2419,6.2565,0.0425,2.074,4.4119
ffc53_Rep2_s3.png,0.1685,0.0908,-1.0419,0.4388,0.9351,1.2629,4.8377,0.0206,5.6456,45.7565
ffc53_Rep2_s4.png,0.2121,0.0366,-1.4361,0.5267,0.7208,1.3813,3.3052,0.0251,2.2411,7.6682
ffc53_Rep2_s5.png,0.1096,0.129,-0.8893,0.4031,0.8844,1.2002,7.1874,0.012,2.9121,11.3738
ffc53_Rep2_s6.png,0.0718,0.3302,-0.4812,0.8387,0.9005,1.116,11.4863,0.007,1.4019,3.3712
ffc53_Rep2_s7.png,0.3251,0.0205,-1.6891,0.4546,0.4111,1.4856,1.925,0.0554,1.9878,3.4118
ffc54_Rep1_s0.png,0.1932,0.0772,-1.1124,0.3482,0.8124,1.2475,4.0389,0.0176,4.4071,24.1179
ffc54_Rep1_s1.png,0.12,0.076,-1.119,0.4201,0.9432,1.2907,6.2327,0.0122,5.131,46.7712
ffc54_Rep1_s2.png,0.0097,0.2691,-0.5701,0.8043,0.9894,1.0124,44.0268,0.0099,1.3856,3.0673
ffc54_Rep1_s3.png,0.0029,1.0,0.0,0.9694,0.3891,0.8888,132.0011,0.0723,0.2132,-1.4239
ffc54_Rep1_s4.png,0.2528,0.0329,-1.4828,0.486,0.6453,1.4175,2.9066,0.0231,3.7739,23.6859
ffc54_Rep1_s5.png,0.0595,0.5497,-0.2599,0.8901,0.7671,1.1156,14.1548,0.0106,3.3885,19.9804
ffc54_Rep1_s6.png,0.1167,0.054,-1.2676,0.3756,0.9401,1.3038,6.1906,0.0075,1.3785,2.7923
ffc54_Rep1_s7.png,0.3327,0.019,-1.7214,0.4673,0.4496,1.5024,1.8746,0.0544,1.9373,3.4661
ffc54_Rep2_s0.png,0.2887,0.0993,-1.0032,0.5413,0.7963,1.2958,2.9667,0.01,4.771,38.1162
ffc54_Rep2_s1.png,0.0706,0.396,-0.4023,0.8425,0.8047,1.1847,12.0656,0.0085,3.3944,21.4477
ffc54_Rep2_s2.png,0.0629,0.2726,-0.5644,0.78,0.8087,1.2013,12.6207,0.0276,5.5039,40.0426
ffc54_Rep2_s3.png,0.0078,0.2414,-0.6173,0.6414,0.987,0.9114,64.5748,0.0163,0.3371,-0.6763
ffc54_Rep2_s4.png,0.2003,0.1101,-0.9583,0.6265,0.9371,1.2744,4.2261,0.0124,1.9237,5.7086
ffc54_Rep2_s5.png,0.0993,0.1185,-0.9262,0.3801,0.8943,1.1929,7.857,0.0125,3.0028,11.9145
ffc54_Rep2_s6.png,0.0869,0.2173,-0.663,0.8039,0.8985,1.2112,9.4891,0.0079,3.1267,18.5888
ffc54_Rep2_s7.png,0.2975,0.0226,-1.6461,0.4175,0.3826,1.4555,2.0986,0.0812,2.0457,3.3977
ffc55_Rep1_s0.png,0.2593,0.1126,-0.9484,0.4838,0.7855,1.2694,3.2641,0.0098,4.9873,41.3087
ffc55_Rep1_s1.png,0.0731,0.4493,-0.3475,0.8566,0.8497,1.1213,11.7124,0.0105,4.236,31.8065
ffc55_Rep1_s2.png,0.0627,0.2669,-0.5736,0.7645,0.7101,1.1665,12.7662,0.0158,4.5295,35.2381
ffc55_Rep1_s3.png,0.0023,1.0,0.0,0.9554,0.2516,0.8272,144.0244,0.064,0.0191,-1.0871
ffc55_Rep1_s4.png,0.2219,0.0669,-1.1745,0.4455,0.8384,1.297,3.6471,0.0155,4.3176,27.3564
ffc55_Rep1_s5.png,0.0688,0.3089,-0.5102,0.7251,0.867,1.1594,11.9475,0.0169,3.1251,12.3297
ffc55_Rep1_s6.png,0.0937,0.2482,-0.6052,0.8322,0.9015,1.1823,8.9215,0.0071,1.5964,4.0928
ffc55_Rep1_s7.png,0.345,0.0196,-1.7085,0.4779,0.3648,1.4989,1.8229,0.0767,2.148,4.2977
ffc55_Rep2_s0.png,0.2861,0.1014,-0.9938,0.481,0.7128,1.2385,2.9677,0.0085,5.4483,55.5967
ffc55_Rep2_s1.png,0.1587,0.1186,-0.9259,0.4649,0.9278,1.251,5.1573,0.0084,4.3521,36.8621
ffc55_Rep2_s2.png,0.0563,0.2962,-0.5284,0.8038,0.7435,1.1599,13.9886,0.0246,7.3033,66.497
ffc55_Rep2_s3.png,0.0068,0.2376,-0.6242,0.6123,0.9875,0.8854,72.7313,0.0171,0.6067,-0.0287
ffc55_Rep2_s4.png,0.2909,0.1325,-0.8779,0.5756,0.7991,1.2379,2.9935,0.0103,2.7871,15.3452
ffc55_Rep2_s5.png,0.0683,0.483,-0.3161,0.8851,0.8254,1.118,12.271,0.0066,1.831,5.7244
ffc55_Rep2_s6.png,0.3111,0.0895,-1.0484,0.5147,0.7756,1.2828,2.7612,0.007,4.1122,61.1335
ffc55_Rep2_s7.png,0.3363,0.019,-1.7203,0.4701,0.3768,1.5005,1.8562,0.0578,2.0636,3.9909
ffc57_Rep1_s0.png,0.2847,0.1081,-0.9661,0.512,0.7781,1.2696,3.0028,0.0096,4.573,34.0015
ffc57_Rep1_s1.png,0.0789,0.3141,-0.5029,0.7904,0.8606,1.198,10.6308,0.0068,2.0475,8.2281
ffc57_Rep1_s2.png,0.1908,0.0702,-1.1536,0.4985,0.903,1.3439,4.2392,0.0175,6.3542,65.0898
ffc57_Rep1_s3.png,0.0507,0.1448,-0.8394,0.7296,0.8631,1.3077,14.0049,0.0216,5.0674,35.0095
ffc57_Rep1_s4.png,0.306,0.0277,-1.5572,0.5443,0.5169,1.4489,2.3271,0.0219,2.4936,11.4349
ffc57_Rep1_s5.png,0.0761,0.2958,-0.529,0.8069,0.8505,1.1614,10.7712,0.0066,1.881,5.4907
ffc57_Rep1_s6.png,0.0719,0.1864,-0.7296,0.7171,0.9252,1.2145,10.6237,0.0217,3.3261,12.9773
ffc57_Rep1_s7.png,0.3031,0.0258,-1.5891,0.4373,0.3669,1.4431,2.1353,0.0655,2.0443,3.4889
ffc57_Rep2_s0.png,0.0765,0.4483,-0.3484,0.8519,0.8069,1.124,11.1027,0.0357,4.0869,19.4664
ffc57_Rep2_s1.png,0.2126,0.0432,-1.3641,0.3538,0.7234,1.3418,3.5805,0.01,3.6775,23.066
ffc57_Rep2_s2.png,0.3078,0.0786,-1.1045,0.5587,0.7992,1.3259,2.7673,0.0113,5.6488,51.9544
ffc57_Rep2_s3.png,0.0328,0.1592,-0.7981,0.4656,0.9285,1.0494,17.5653,0.0754,1.2837,0.7351
ffc57_Rep2_s4.png,0.2267,0.0513,-1.2895,0.5137,0.7959,1.3523,3.429,0.0178,3.5364,20.7383
ffc57_Rep2_s5.png,0.0607,0.2939,-0.5317,0.7791,0.817,1.1436,13.1834,0.0143,2.9273,9.5838
ffc57_Rep2_s6.png,0.0611,0.1221,-0.9133,0.6602,0.9364,1.2655,12.051,0.0191,2.8047,9.0802
ffc57_Rep2_s7.png,0.3056,0.0218,-1.6621,0.4305,0.4824,1.4688,2.0504,0.0702,2.0784,3.5675
ffc58_Rep1_s0.png,0.2877,0.0858,-1.0663,0.5078,0.7686,1.307,2.947,0.0105,3.7138,29.4049
ffc58_Rep1_s1.png,0.0775,0.1218,-0.9144,0.6445,0.4268,1.2038,9.0738,0.0602,1.1647,0.3382
ffc58_Rep1_s2.png,0.3534,0.093,-1.0313,0.6054,0.7787,1.2965,2.4389,0.0197,5.5877,41.6873
ffc58_Rep1_s3.png,0.1849,0.0857,-1.0668,0.454,0.9228,1.2859,4.4296,0.0182,4.3533,24.8736
ffc58_Rep1_s4.png,0.2055,0.0651,-1.1865,0.4125,0.8165,1.3129,3.8778,0.0101,2.7875,13.1715
ffc58_Rep1_s5.png,0.0981,0.1558,-0.8075,0.7016,0.2962,1.1996,7.6618,0.062,1.5595,1.2977
ffc58_Rep1_s6.png,0.0517,0.2776,-0.5566,0.81,0.8578,1.2094,14.818,0.0216,3.8321,25.705
ffc58_Rep1_s7.png,0.0805,0.0354,-1.4511,0.2912,0.6086,1.2678,6.4456,0.0126,6.2503,72.8781
ffc58_Rep2_s0.png,0.2796,0.0928,-1.0325,0.5064,0.8031,1.3056,3.0399,0.0093,3.0648,17.4918
ffc58_Rep2_s1.png,0.0772,0.1154,-0.9379,0.5848,0.3967,1.2204,8.8126,0.0607,1.298,0.5843
ffc58_Rep2_s2.png,0.0215,0.4368,-0.3597,0.8779,0.9631,1.0045,34.1024,0.0391,1.4794,2.1139
ffc58_Rep2_s3.png,0.2455,0.0886,-1.0524,0.4227,0.8312,1.2721,3.3956,0.0162,4.9141,31.9755
ffc58_Rep2_s4.png,0.2124,0.0758,-1.1201,0.4443,0.817,1.2901,3.8075,0.0091,2.6055,12.6403
ffc58_Rep2_s5.png,0.0974,0.1592,-0.7981,0.6924,0.3061,1.2017,7.7565,0.0608,1.465,1.0278
ffc58_Rep2_s6.png,0.0687,0.103,-0.9871,0.6156,0.9314,1.3082,10.7553,0.0118,3.8187,31.2935
ffc58_Rep2_s7.png,0.3162,0.0212,-1.6728,0.4227,0.4135,1.4737,1.947,0.0763,1.9207,2.643
ffc59_Rep1_s0.png,0.1235,0.1503,-0.8229,0.4586,0.9343,1.2027,6.4607,0.0236,5.3613,35.0402
ffc59_Rep1_s1.png,0.0749,0.4232,-0.3735,0.8473,0.8501,1.1432,11.3608,0.0087,2.3222,9.1633
ffc59_Rep1_s2.png,0.0744,0.2064,-0.6853,0.714,0.3946,1.1294,10.1986,0.0562,1.5041,1.3709
ffc59_Rep1_s3.png,0.0309,0.1808,-0.7429,0.4808,0.8808,1.0204,18.7938,0.0748,1.2657,0.5234
ffc59_Rep1_s4.png,0.2543,0.0513,-1.2902,0.5389,0.797,1.355,3.0999,0.0198,3.7058,21.8212
ffc59_Rep1_s5.png,0.0645,0.4289,-0.3676,0.8098,0.8474,1.1168,12.9887,0.0152,3.193,12.9231
ffc59_Rep1_s6.png,0.0467,0.4721,-0.3259,0.8561,0.7514,1.1207,17.1271,0.0281,2.6459,7.98
ffc59_Rep1_s7.png,0.3084,0.0233,-1.6333,0.4432,0.4342,1.4619,2.0612,0.0617,2.0034,3.2794
ffc59_Rep2_s0.png,0.072,0.343,-0.4647,0.8336,0.8264,1.1255,11.6522,0.0271,3.3924,13.5259
ffc59_Rep2_s1.png,0.1613,0.1146,-0.9408,0.4585,0.9327,1.2487,5.0828,0.0115,3.3827,15.2636
ffc59_Rep2_s2.png,0.0104,0.6548,-0.1839,0.8497,0.6799,0.7125,59.8124,0.0732,1.0116,0.1385
ffc59_Rep2_s3.png,0.106,0.1005,-0.9979,0.4483,0.9453,1.27,6.9544,0.0108,2.5117,9.2348
ffc59_Rep2_s4.png,0.3018,0.0341,-1.467,0.5622,0.5846,1.4261,2.5314,0.0155,2.8993,14.7909
ffc59_Rep2_s5.png,0.0529,0.3927,-0.4059,0.8474,0.7643,1.1756,15.1679,0.0063,1.269,2.9137
ffc59_Rep2_s6.png,0.0617,0.299,-0.5243,0.7818,0.7999,1.1213,12.9992,0.0188,3.9335,21.6158
ffc59_Rep2_s7.png,0.3258,0.0227,-1.6434,0.4751,0.3637,1.4744,1.959,0.0618,2.1506,4.1468
ffc5_Rep1_s0.png,0.2193,0.091,-1.0409,0.4297,0.802,1.2511,3.7325,0.0115,5.0514,42.385
ffc5_Rep1_s1.png,0.0834,0.1722,-0.7639,0.6004,0.9255,1.2322,9.544,0.0082,1.8173,4.9332
ffc5_Rep1_s2.png,0.0719,0.2298,-0.6387,0.7033,0.3134,1.1125,10.5926,0.0534,1.4476,1.2139
ffc5_Rep1_s3.png,0.0436,0.3099,-0.5088,0.6605,0.7008,0.9905,16.5716,0.0565,1.7411,2.1476
ffc5_Rep1_s4.png,0.1949,0.0755,-1.1219,0.6398,0.9339,1.3265,4.1897,0.0136,2.9347,18.1832
ffc5_Rep1_s5.png,0.0591,0.2784,-0.5553,0.778,0.8143,1.1529,13.4949,0.0209,3.4734,13.5573
ffc5_Rep1_s6.png,0.0289,0.2129,-0.6717,0.6784,0.7556,1.1644,23.4663,0.0524,2.7779,7.5189
ffc5_Rep1_s7.png,0.3098,0.0188,-1.7265,0.436,0.3493,1.4883,1.9738,0.072,1.9853,3.1501
ffc5_Rep2_s0.png,0.233,0.0901,-1.0452,0.41,0.7839,1.2312,3.5194,0.0148,6.1403,60.2992
ffc5_Rep2_s1.png,0.0651,0.5868,-0.2315,0.9042,0.7581,1.078,13.3945,0.0139,3.2107,16.2868
ffc5_Rep2_s2.png,0.068,0.3907,-0.4082,0.8492,0.8003,1.1935,12.3325,0.0091,3.2125,27.3429
ffc5_Rep2_s3.png,0.0055,0.804,-0.0948,0.9474,0.8169,0.575,91.6615,0.0526,0.8024,-0.385
ffc5_Rep2_s4.png,0.3371,0.0343,-1.4642,0.6097,0.4685,1.4358,2.2428,0.0203,3.5146,21.4843
ffc5_Rep2_s5.png,0.0593,0.5102,-0.2922,0.8855,0.7911,1.1238,14.2298,0.0102,2.4245,8.3338
ffc5_Rep2_s6.png,0.0639,0.4128,-0.3843,0.863,0.8765,1.1022,13.1758,0.022,3.4745,13.887
ffc5_Rep2_s7.png,0.3321,0.0199,-1.7022,0.4597,0.3968,1.4912,1.8816,0.06,1.8834,3.0218
ffc60_Rep1_s0.png,0.292,0.0596,-1.2248,0.5013,0.7826,1.3513,2.8354,0.0095,3.3701,25.4037
ffc60_Rep1_s1.png,0.2378,0.0869,-1.0609,0.4835,0.8416,1.2716,3.4545,0.0125,4.1397,24.2052
ffc60_Rep1_s2.png,0.2174,0.0722,-1.1415,0.4081,0.8553,1.2774,3.6534,0.0152,4.5413,31.3601
ffc60_Rep1_s3.png,0.0092,0.2239,-0.6499,0.6383,0.9883,0.9527,57.484,0.0209,0.6065,-0.1842
ffc60_Rep1_s4.png,0.0672,0.2278,-0.6425,0.8062,0.8628,1.2013,11.7127,0.0093,2.0091,6.0875
ffc60_Rep1_s5.png,0.0867,0.1409,-0.8512,0.6809,0.3622,1.1977,8.4798,0.0578,1.326,0.723
ffc60_Rep1_s6.png,0.0699,0.4483,-0.3485,0.862,0.8815,1.1426,11.827,0.0071,1.6885,5.6034
ffc60_Rep1_s7.png,0.3147,0.0223,-1.6515,0.4311,0.5284,1.4703,1.987,0.0631,1.9693,2.9076
ffc60_Rep2_s0.png,0.2581,0.11,-0.9587,0.5056,0.8178,1.2494,3.266,0.0093,4.9288,50.7768
ffc60_Rep2_s1.png,0.0707,0.3672,-0.4351,0.8284,0.7761,1.1065,11.9236,0.0146,3.9247,22.1898
ffc60_Rep2_s2.png,0.2914,0.0882,-1.0547,0.5184,0.8226,1.2885,2.8935,0.0118,5.4092,52.6175
ffc60_Rep2_s3.png,0.0102,0.2191,-0.6594,0.5525,0.9856,0.9718,51.0534,0.0273,1.2579,1.8537
ffc60_Rep2_s4.png,0.0701,0.2679,-0.5721,0.8697,0.8603,1.2106,11.5055,0.0097,2.3464,8.6232
ffc60_Rep2_s5.png,0.0842,0.1763,-0.7537,0.6661,0.4037,1.1666,8.8283,0.06,1.4934,1.0979
ffc60_Rep2_s6.png,0.0616,0.3109,-0.5074,0.822,0.8829,1.1809,13.017,0.0149,4.6292,42.7097
ffc60_Rep2_s7.png,0.2927,0.0217,-1.6644,0.4066,0.4715,1.4598,2.0907,0.0661,1.8516,2.392
ffc61_Rep1_s0.png,0.2249,0.0979,-1.0091,0.4028,0.7909,1.2187,3.6484,0.011,5.2098,46.9048
ffc61_Rep1_s1.png,0.1206,0.0836,-1.078,0.4094,0.9401,1.283,6.2856,0.0144,4.5315,33.037
ffc61_Rep1_s2.png,0.1571,0.2626,-0.5807,0.8032,0.7912,1.1469,5.564,0.0196,6.3813,53.0449
ffc61_Rep1_s3.png,0.0685,0.4221,-0.3746,0.8339,0.8226,1.1785,12.2943,0.0183,3.9267,21.6609
ffc61_Rep1_s4.png,0.0763,0.2965,-0.528,0.8281,0.8377,1.1741,11.0135,0.0231,2.8637,9.2636
ffc61_Rep1_s5.png,0.0608,0.5693,-0.2447,0.9063,0.7705,1.1026,14.0249,0.0142,3.3022,15.5081
ffc61_Rep1_s6.png,0.4656,0.1782,-0.7491,0.7589,0.7343,1.2415,1.9602,0.0141,4.8665,35.3676
ffc61_Rep1_s7.png,0.209,0.0145,-1.8386,0.2901,0.5413,1.4635,2.52,0.0558,2.9137,8.9988
ffc61_Rep2_s0.png,0.1309,0.1434,-0.8434,0.4502,0.9256,1.204,6.0632,0.0194,5.1107,38.2607
ffc61_Rep2_s1.png,0.1402,0.0992,-1.0034,0.46,0.9315,1.2788,5.6247,0.012,4.6815,37.1509
ffc61_Rep2_s2.png,0.2854,0.2022,-0.6941,0.8125,0.8968,1.2356,3.1284,0.0173,7.3012,73.2959
ffc61_Rep2_s3.png,0.2379,0.0774,-1.1112,0.445,0.8364,1.2858,3.5002,0.0115,5.0645,39.5405
ffc61_Rep2_s4.png,0.2112,0.0709,-1.1496,0.373,0.7271,1.3038,3.7822,0.0147,4.0016,20.8465
ffc61_Rep2_s5.png,0.0623,0.4859,-0.3135,0.8633,0.7823,1.1365,13.5437,0.006,1.1876,4.4905
ffc61_Rep2_s6.png,0.0564,0.4126,-0.3844,0.8626,0.7997,1.142,14.8099,0.0213,3.8871,19.0727
ffc61_Rep2_s7.png,0.1736,0.0124,-1.9059,0.2439,0.5209,1.4584,2.7346,0.0458,3.5166,14.4499
ffc62_Rep1_s0.png,0.2182,0.0708,-1.1502,0.4428,0.8221,1.2773,3.7219,0.0096,3.9742,26.2446
ffc62_Rep1_s1.png,0.1001,0.2009,-0.6971,0.6878,0.9067,1.2154,8.2257,0.0118,3.2618,14.0566
ffc62_Rep1_s2.png,0.261,0.1604,-0.7949,0.696,0.8755,1.2557,3.3857,0.0098,9.8652,173.7646
ffc62_Rep1_s3.png,0.0126,0.2493,-0.6033,0.7071,0.9876,0.9869,44.1859,0.0183,2.4933,8.9506
ffc62_Rep1_s4.png,0.269,0.1036,-0.9848,0.5244,0.7879,1.2741,3.1673,0.0109,3.3804,20.1763
ffc62_Rep1_s5.png,0.0768,0.5345,-0.272,0.9174,0.8681,1.1285,11.0621,0.0128,2.7432,9.0775
ffc62_Rep1_s6.png,0.3049,0.0897,-1.0471,0.4963,0.7759,1.2857,2.799,0.0087,3.0319,16.1718
ffc62_Rep1_s7.png,0.3015,0.0199,-1.702,0.448,0.3909,1.4821,2.0183,0.0788,1.9805,3.2933
ffc62_Rep2_s0.png,0.2912,0.1151,-0.9389,0.5229,0.7568,1.2528,2.953,0.0089,6.3316,71.6356
ffc62_Rep2_s1.png,0.0773,0.402,-0.3958,0.8665,0.8235,1.15,11.0843,0.0118,3.0487,12.7256
ffc62_Rep2_s2.png,0.3352,0.1195,-0.9226,0.5599,0.6926,1.2636,2.5835,0.0095,7.4842,119.4716
ffc62_Rep2_s3.png,0.0327,0.1757,-0.7553,0.5342,0.759,1.1991,20.2498,0.0289,3.2021,12.0373
ffc62_Rep2_s4.png,0.2608,0.0915,-1.0385,0.5102,0.785,1.2853,3.2304,0.0101,2.9813,15.8857
ffc62_Rep2_s5.png,0.0715,0.4489,-0.3478,0.8806,0.8638,1.1495,11.6488,0.0145,4.2503,26.2964
ffc62_Rep2_s6.png,0.2411,0.0565,-1.2477,0.4262,0.7673,1.3296,3.3188,0.0075,2.6785,13.1362
ffc62_Rep2_s7.png,0.2882,0.024,-1.6199,0.4107,0.2629,1.4458,2.194,0.0761,2.1538,4.3932
ffc64_Rep1_s0.png,0.2186,0.1313,-0.8818,0.5986,0.9066,1.2749,3.9196,0.0158,4.7122,31.4495
ffc64_Rep1_s1.png,0.1372,0.124,-0.9067,0.4475,0.9207,1.2196,5.7975,0.0122,3.6204,17.8468
ffc64_Rep1_s2.png,0.3091,0.0823,-1.0844,0.5655,0.8185,1.3112,2.7422,0.0138,5.04,45.7391
ffc64_Rep1_s3.png,0.2488,0.0998,-1.001,0.502,0.868,1.2682,3.3745,0.0125,4.488,26.7656
ffc64_Rep1_s4.png,0.2039,0.062,-1.2078,0.4289,0.8221,1.3188,3.8807,0.0095,2.8472,14.6791
ffc64_Rep1_s5.png,0.0842,0.4213,-0.3754,0.8783,0.9081,1.1401,9.9278,0.0146,3.3728,16.9197
ffc64_Rep1_s6.png,0.0632,0.5376,-0.2695,0.9001,0.852,1.0506,13.1255,0.0111,2.5218,11.0989
ffc64_Rep1_s7.png,0.2931,0.0251,-1.5996,0.4088,0.4183,1.4408,2.1582,0.0633,1.8762,2.5843
ffc64_Rep2_s0.png,0.255,0.1136,-0.9447,0.477,0.8336,1.2454,3.3278,0.0179,5.9755,56.938
ffc64_Rep2_s1.png,0.088,0.1385,-0.8586,0.3768,0.9,1.1855,9.1038,0.012,2.2228,6.0629
ffc64_Rep2_s2.png,0.3253,0.1068,-0.9715,0.6071,0.8121,1.2731,2.6767,0.0128,6.2531,63.5188
ffc64_Rep2_s3.png,0.2518,0.0704,-1.1522,0.4681,0.841,1.3096,3.3095,0.0138,5.4167,41.5206
ffc64_Rep2_s4.png,0.2059,0.0695,-1.1582,0.374,0.7353,1.3137,3.8821,0.0158,4.0704,22.5638
ffc64_Rep2_s5.png,0.0595,0.5197,-0.2842,0.8884,0.7553,1.0982,14.3265,0.0179,3.76,18.2053
ffc64_Rep2_s6.png,0.0606,0.5386,-0.2687,0.9035,0.83,1.059,13.6988,0.0118,2.3571,9.8353
ffc64_Rep2_s7.png,0.1869,0.0125,-1.9028,0.2564,0.5053,1.4667,2.5444,0.0335,4.0347,19.9289
ffc65_Rep1_s0.png,0.2541,0.0787,-1.1038,0.4522,0.7987,1.3035,3.2654,0.0097,4.437,32.0611
ffc65_Rep1_s1.png,0.0683,0.4545,-0.3424,0.8575,0.8183,1.1312,12.5331,0.0127,2.7632,9.9962
ffc65_Rep1_s2.png,0.2018,0.0718,-1.144,0.5708,0.8856,1.3313,4.0118,0.0203,6.5612,53.6882
ffc65_Rep1_s3.png,0.298,0.1166,-0.9333,0.5492,0.8134,1.2484,2.928,0.0096,3.9501,30.9059
ffc65_Rep1_s4.png,0.2168,0.0319,-1.4961,0.5162,0.8316,1.4042,3.2371,0.0214,3.2471,16.4772
ffc65_Rep1_s5.png,0.0643,0.5506,-0.2591,0.8915,0.7985,1.1165,13.2665,0.0085,2.0184,6.2732
ffc65_Rep1_s6.png,0.0587,0.4213,-0.3754,0.8577,0.7818,1.1464,14.3385,0.0128,2.5643,9.283
ffc65_Rep1_s7.png,0.3344,0.0203,-1.6921,0.4677,0.3516,1.4902,1.8776,0.0554,2.0355,3.5693
ffc65_Rep2_s0.png,0.0548,0.4694,-0.3285,0.8916,0.7493,1.1336,15.3225,0.0331,3.0417,10.8959
ffc65_Rep2_s1.png,0.0628,0.1471,-0.8325,0.706,0.9004,1.2681,12.2868,0.0158,2.8218,9.507
ffc65_Rep2_s2.png,0.0788,0.1865,-0.7293,0.7097,0.3407,1.1454,9.5794,0.0591,1.4159,0.9968
ffc65_Rep2_s3.png,0.0449,0.2329,-0.6328,0.6139,0.8479,1.0498,15.3659,0.0636,1.516,1.2574
ffc65_Rep2_s4.png,0.1989,0.1232,-0.9096,0.5905,0.9318,1.251,4.2635,0.0108,2.2818,9.4131
ffc65_Rep2_s5.png,0.0537,0.4476,-0.3491,0.8697,0.7698,1.1548,15.1235,0.0327,3.4447,12.0762
ffc65_Rep2_s6.png,0.0118,0.2214,-0.6548,0.6045,0.9851,0.9941,49.792,0.0401,2.7521,12.7188
ffc65_Rep2_s7.png,0.3103,0.0212,-1.6729,0.4465,0.1978,1.4732,2.0177,0.0611,2.0884,3.9365
ffc66_Rep1_s0.png,0.3078,0.0913,-1.0394,0.5396,0.7521,1.2876,2.7957,0.0089,4.6,33.7823
ffc66_Rep1_s1.png,0.2688,0.0721,-1.1418,0.5046,0.8151,1.3073,3.1085,0.0131,4.035,23.5557
ffc66_Rep1_s2.png,0.2463,0.058,-1.2364,0.4575,0.7934,1.3284,3.2461,0.011,3.1699,18.7352
ffc66_Rep1_s3.png,0.2357,0.0925,-1.0337,0.4092,0.8235,1.2518,3.5175,0.0176,4.5947,27.1365
ffc66_Rep1_s4.png,0.2394,0.0908,-1.0417,0.4968,0.818,1.2825,3.4808,0.0104,2.9009,14.8741
ffc66_Rep1_s5.png,0.2164,0.0761,-1.1185,0.3956,0.8254,1.2867,3.7208,0.0138,3.6666,18.6487
ffc66_Rep1_s6.png,0.103,0.1405,-0.8524,0.4209,0.94,1.1743,7.4841,0.0069,1.5175,4.4766
ffc66_Rep1_s7.png,0.2681,0.0226,-1.6463,0.3771,0.5525,1.4458,2.2449,0.0891,1.9243,2.5614
ffc66_Rep2_s0.png,0.081,0.415,-0.3819,0.8659,0.8122,1.2405,10.4636,0.0164,2.9422,11.1454
ffc66_Rep2_s1.png,0.1234,0.1196,-0.9223,0.3816,0.9122,1.224,6.2498,0.0209,4.9812,30.4824
ffc66_Rep2_s2.png,0.0169,0.3475,-0.459,0.7884,0.9776,0.9506,37.551,0.0404,1.0885,0.6958
ffc66_Rep2_s3.png,0.2474,0.0788,-1.1036,0.4356,0.7958,1.2735,3.3545,0.0083,2.9878,15.7806
ffc66_Rep2_s4.png,0.2195,0.0587,-1.2316,0.399,0.8544,1.3098,3.6025,0.0116,2.9041,11.6822
ffc66_Rep2_s5.png,0.0941,0.1178,-0.9287,0.6125,0.3941,1.2399,7.515,0.0671,1.4101,0.6511
ffc66_Rep2_s6.png,0.1626,0.07,-1.155,0.528,0.9333,1.3228,4.8846,0.0178,5.1628,33.2451
ffc66_Rep2_s7.png,0.3325,0.0207,-1.6839,0.4878,0.4334,1.4929,1.9035,0.0851,2.2856,4.4551
ffc67_Rep1_s0.png,0.2108,0.0803,-1.0952,0.4403,0.8527,1.2781,3.8762,0.0154,4.3683,24.3983
ffc67_Rep1_s1.png,0.1508,0.0774,-1.1111,0.4936,0.9316,1.2948,5.1994,0.0118,4.3632,39.5221
ffc67_Rep1_s2.png,0.3001,0.1481,-0.8295,0.7067,0.858,1.2327,2.937,0.0182,7.6552,80.6555
ffc67_Rep1_s3.png,0.0631,0.3505,-0.4553,0.8144,0.8983,1.1704,12.6438,0.0242,3.581,17.4011
ffc67_Rep1_s4.png,0.3851,0.0319,-1.4964,0.5972,0.5582,1.4689,2.0254,0.0171,3.2624,17.4413
ffc67_Rep1_s5.png,0.0696,0.3307,-0.4805,0.8516,0.8791,1.1947,11.7319,0.0059,1.1165,1.9997
ffc67_Rep1_s6.png,0.2904,0.0999,-1.0005,0.4688,0.7574,1.2637,2.9328,0.0081,8.3864,195.9686
ffc67_Rep1_s7.png,0.2968,0.0207,-1.6845,0.4322,0.2079,1.4826,2.0547,0.0598,1.7985,2.5197
ffc67_Rep2_s0.png,0.0658,0.368,-0.4342,0.85,0.8485,1.1296,12.4744,0.018,3.3623,12.9847
ffc67_Rep2_s1.png,0.0658,0.2556,-0.5924,0.797,0.9021,1.2243,11.9295,0.0218,3.4568,16.8498
ffc67_Rep2_s2.png,0.0454,0.4471,-0.3496,0.8686,0.8249,1.0833,17.3102,0.0234,9.4921,116.9777
ffc67_Rep2_s3.png,0.0714,0.0832,-1.0801,0.5039,0.9445,1.3203,9.8607,0.0122,3.5503,17.1298
ffc67_Rep2_s4.png,0.3083,0.0625,-1.2042,0.6185,0.7869,1.3405,2.6968,0.0142,3.1567,17.5536
ffc67_Rep2_s5.png,0.0635,0.3921,-0.4066,0.8257,0.8569,1.1539,12.8513,0.0063,1.3309,2.7495
ffc67_Rep2_s6.png,0.1922,0.1461,-0.8355,0.6097,0.9225,1.2238,4.4276,0.0198,5.8996,42.778
ffc67_Rep2_s7.png,0.331,0.019,-1.7216,0.4602,0.426,1.502,1.8581,0.0475,1.7892,2.7458
ffc68_Rep1_s0.png,0.1801,0.1032,-0.9865,0.5752,0.9333,1.2926,4.6106,0.016,4.1989,23.9609
ffc68_Rep1_s1.png,0.0641,0.4309,-0.3656,0.876,0.875,1.1371,12.8314,0.0178,2.8232,10.6442
ffc68_Rep1_s2.png,0.2668,0.0639,-1.1944,0.4601,0.7717,1.3138,3.0645,0.015,11.3609,194.4359
ffc68_Rep1_s3.png,0.0638,0.1923,-0.716,0.7681,0.9207,1.252,11.9336,0.0251,3.3771,15.1945
ffc68_Rep1_s4.png,0.2806,0.0482,-1.3167,0.5708,0.8393,1.3639,2.8829,0.0185,4.3604,28.7101
ffc68_Rep1_s5.png,0.0534,0.3921,-0.4066,0.8103,0.8453,1.1176,15.0231,0.0155,2.6746,7.6979
ffc68_Rep1_s6.png,0.0672,0.1929,-0.7146,0.7295,0.9037,1.1935,11.8262,0.0073,2.0645,9.4025
ffc68_Rep1_s7.png,0.2934,0.0229,-1.64,0.4193,0.3845,1.4554,2.1285,0.0577,1.8906,2.9315
ffc68_Rep2_s0.png,0.2321,0.1114,-0.9533,0.4354,0.7956,1.2446,3.5917,0.0116,4.7027,32.1339
ffc68_Rep2_s1.png,0.0646,0.4959,-0.3046,0.8782,0.7902,1.108,13.3417,0.0108,2.6663,9.7056
ffc68_Rep2_s2.png,0.0801,0.1722,-0.764,0.8018,0.8632,1.2785,9.947,0.0227,3.2726,15.7059
ffc68_Rep2_s3.png,0.2544,0.0937,-1.0281,0.4718,0.8034,1.266,3.3223,0.0105,4.3249,32.6353
ffc68_Rep2_s4.png,0.38,0.0293,-1.5332,0.5985,0.5064,1.4687,1.9408,0.023,2.2703,7.712
ffc68_Rep2_s5.png,0.0637,0.5834,-0.234,0.9084,0.7964,1.0953,13.4117,0.0067,3.1427,27.1868
ffc68_Rep2_s6.png,0.0601,0.4761,-0.3223,0.8821,0.7955,1.1279,14.1731,0.0133,3.1484,14.9323
ffc68_Rep2_s7.png,0.3339,0.0193,-1.7146,0.4644,0.3996,1.4943,1.8738,0.0586,1.9917,3.4275
ffc69_Rep1_s0.png,0.1274,0.1104,-0.9571,0.4698,0.9451,1.2708,6.1928,0.0103,4.2451,36.3288
ffc69_Rep1_s1.png,0.0773,0.5239,-0.2808,0.9009,0.8837,1.0832,10.8727,0.0219,3.9547,18.9019
ffc69_Rep1_s2.png,0.0601,0.1001,-0.9995,0.5772,0.9453,1.248,11.7137,0.0241,3.821,19.306
ffc69_Rep1_s3.png,0.2488,0.1131,-0.9466,0.4632,0.8014,1.2353,3.3705,0.0095,4.8369,40.6001
ffc69_Rep1_s4.png,0.2919,0.1359,-0.8668,0.5879,0.7956,1.2393,2.9796,0.0118,2.9221,14.8972
ffc69_Rep1_s5.png,0.0625,0.3565,-0.448,0.861,0.8547,1.1978,12.9954,0.0214,4.8384,28.7825
ffc69_Rep1_s6.png,0.1827,0.1584,-0.8002,0.6373,0.9375,1.2382,4.6591,0.0128,4.0042,23.0927
ffc69_Rep1_s7.png,0.2873,0.0208,-1.6811,0.414,0.4633,1.4658,2.1046,0.0615,1.7086,1.9568
ffc69_Rep2_s0.png,0.2132,0.0909,-1.0416,0.6129,0.9196,1.3102,3.9042,0.0141,5.0491,35.7845
ffc69_Rep2_s1.png,0.0893,0.4039,-0.3937,0.8788,0.8811,1.1083,9.5109,0.0197,3.3653,13.9434
ffc69_Rep2_s2.png,0.3076,0.0789,-1.1031,0.5373,0.7714,1.3167,2.751,0.0121,4.6169,34.1828
ffc69_Rep2_s3.png,0.2623,0.121,-0.9172,0.5245,0.8501,1.2367,3.2624,0.0135,4.8365,38.2784
ffc69_Rep2_s4.png,0.3891,0.064,-1.1935,0.7536,0.7123,1.3684,2.179,0.0156,3.0544,18.5619
ffc69_Rep2_s5.png,0.0717,0.3568,-0.4476,0.8509,0.8751,1.1818,11.5359,0.0133,3.2244,16.1085
ffc69_Rep2_s6.png,0.1754,0.1429,-0.8449,0.6086,0.9357,1.2288,4.8225,0.0104,4.0207,24.4257
ffc69_Rep2_s7.png,0.2934,0.0224,-1.6488,0.4194,0.4975,1.458,2.1133,0.0577,1.9025,2.9207
ffc6_Rep1_s0.png,0.0819,0.4583,-0.3388,0.9063,0.9058,1.1583,10.2885,0.0199,4.1034,22.9771
ffc6_Rep1_s1.png,0.0815,0.3208,-0.4938,0.8062,0.88,1.1346,10.3178,0.0076,2.5437,11.6391
ffc6_Rep1_s2.png,0.0596,0.3923,-0.4064,0.876,0.7874,1.1917,13.6522,0.0112,2.1432,7.0044
ffc6_Rep1_s3.png,0.3025,0.1212,-0.9164,0.5526,0.8112,1.255,2.8849,0.0107,4.2407,30.0084
ffc6_Rep1_s4.png,0.2096,0.1074,-0.9691,0.4401,0.841,1.2286,3.9528,0.0154,4.0284,22.9419
ffc6_Rep1_s5.png,0.0678,0.6225,-0.2059,0.9486,0.8478,1.1504,12.4125,0.0249,2.5953,7.9582
ffc6_Rep1_s6.png,0.1546,0.1302,-0.8853,0.5766,0.9397,1.2779,5.321,0.0123,4.8239,34.272
ffc6_Rep1_s7.png,0.2312,0.0193,-1.7155,0.335,0.4238,1.4502,2.4834,0.0641,2.567,6.4408
ffc6_Rep2_s0.png,0.0669,0.4515,-0.3454,0.8895,0.8707,1.138,12.3991,0.0093,2.3707,7.3864
ffc6_Rep2_s1.png,0.2307,0.0893,-1.0494,0.4044,0.7291,1.2491,3.5827,0.0082,2.3577,9.3064
ffc6_Rep2_s2.png,0.0689,0.5823,-0.2348,0.9283,0.8473,1.1454,12.2485,0.0129,4.237,30.703
ffc6_Rep2_s3.png,0.2701,0.0887,-1.0522,0.4876,0.7919,1.2954,3.1552,0.0102,4.993,41.6877
ffc6_Rep2_s4.png,0.2967,0.0366,-1.4365,0.5513,0.7529,1.4126,2.5682,0.0206,3.1818,17.3986
ffc6_Rep2_s5.png,0.0719,0.4587,-0.3385,0.9013,0.8509,1.1571,11.6153,0.011,2.5742,9.4022
ffc6_Rep2_s6.png,0.0844,0.3649,-0.4378,0.8402,0.8888,1.1298,9.9662,0.0137,3.7963,18.827
ffc6_Rep2_s7.png,0.3211,0.0242,-1.6159,0.4559,0.3932,1.462,2.0219,0.0477,2.07,4.0083
ffc71_Rep1_s0.png,0.2571,0.0659,-1.1813,0.4811,0.7923,1.3322,3.2034,0.0147,4.5586,31.1037
ffc71_Rep1_s1.png,0.0504,0.1736,-0.7604,0.7458,0.7886,1.2622,15.0317,0.0109,3.386,17.4421
ffc71_Rep1_s2.png,0.0727,0.2615,-0.5825,0.8116,0.8526,1.1813,11.18,0.0165,5.7131,52.4071
ffc71_Rep1_s3.png,0.0812,0.1063,-0.9736,0.603,0.9294,1.3122,9.3812,0.016,5.0502,41.5855
ffc71_Rep1_s4.png,0.2569,0.1111,-0.9544,0.5192,0.8153,1.2631,3.3076,0.0092,3.0023,14.8724
ffc71_Rep1_s5.png,0.0546,0.4945,-0.3058,0.8744,0.814,1.101,15.2928,0.0164,2.4417,9.4424
ffc71_Rep1_s6.png,0.3027,0.0961,-1.0173,0.4897,0.7746,1.27,2.8196,0.0082,4.2333,59.2246
ffc71_Rep1_s7.png,0.2793,0.0157,-1.8031,0.406,0.3517,1.5042,2.0168,0.0728,1.9904,3.3042
ffc71_Rep2_s0.png,0.2759,0.0983,-1.0075,0.5066,0.7798,1.2917,3.0743,0.0103,3.844,24.8463
ffc71_Rep2_s1.png,0.2312,0.0895,-1.0481,0.4319,0.8011,1.2592,3.5577,0.0104,4.4983,33.5196
ffc71_Rep2_s2.png,0.2645,0.1281,-0.8925,0.5072,0.8206,1.2406,3.2351,0.0156,4.0525,26.8894
ffc71_Rep2_s3.png,0.3061,0.0883,-1.0538,0.5603,0.831,1.2976,2.8065,0.0081,3.5911,28.6027
ffc71_Rep2_s4.png,0.2785,0.1458,-0.8362,0.5674,0.7893,1.231,3.1215,0.0091,2.1655,8.4019
ffc71_Rep2_s5.png,0.0711,0.3548,-0.45,0.8518,0.8614,1.1775,11.6075,0.0059,1.1826,2.4736
ffc71_Rep2_s6.png,0.2715,0.1124,-0.9493,0.4803,0.7535,1.2447,3.1283,0.01,2.8236,14.0514
ffc71_Rep2_s7.png,0.2027,0.0145,-1.838,0.2909,0.5804,1.4563,2.5068,0.0694,2.6973,6.8752
ffc72_Rep1_s0.png,0.2323,0.1187,-0.9254,0.5138,0.8876,1.2755,3.6699,0.0182,4.8674,30.0523
ffc72_Rep1_s1.png,0.2314,0.0619,-1.2084,0.3894,0.7446,1.3021,3.446,0.0074,1.738,4.9994
ffc72_Rep1_s2.png,0.2568,0.0876,-1.0574,0.5949,0.883,1.3451,3.2737,0.0177,9.0391,103.7093
ffc72_Rep1_s3.png,0.0609,0.1706,-0.768,0.7477,0.9089,1.2657,12.1166,0.024,2.7907,10.2797
ffc72_Rep1_s4.png,0.2421,0.0775,-1.1105,0.4478,0.8164,1.3011,3.4045,0.0154,3.4068,17.8522
ffc72_Rep1_s5.png,0.0657,0.3801,-0.4201,0.8259,0.8009,1.1292,12.5422,0.014,2.769,10.1241
ffc72_Rep1_s6.png,0.062,0.4464,-0.3503,0.8681,0.7675,1.1627,13.3581,0.0197,3.2119,15.2886
ffc72_Rep1_s7.png,0.2229,0.0148,-1.8289,0.3361,0.4409,1.4725,2.3712,0.0453,2.4169,5.6939
ffc72_Rep2_s0.png,0.2155,0.111,-0.9547,0.4136,0.8354,1.2391,3.8239,0.0142,4.1954,31.3017
ffc72_Rep2_s1.png,0.0734,0.2123,-0.673,0.7319,0.9191,1.2137,10.8728,0.0076,2.0505,5.4454
ffc72_Rep2_s2.png,0.0592,0.2669,-0.5736,0.7506,0.7359,1.1686,13.0368,0.0194,3.2939,14.3148
ffc72_Rep2_s3.png,0.2384,0.1413,-0.8499,0.5947,0.9055,1.2672,3.6023,0.0166,4.8354,30.9359
ffc72_Rep2_s4.png,0.2903,0.0554,-1.2563,0.4302,0.4189,1.3225,2.7399,0.0095,3.6185,22.1125
ffc72_Rep2_s5.png,0.1347,0.0721,-1.1423,0.5593,0.849,1.3218,5.7829,0.0127,3.9954,21.2469
ffc72_Rep2_s6.png,0.2072,0.0942,-1.0262,0.6426,0.8853,1.2981,4.0585,0.0098,8.244,131.6138
ffc72_Rep2_s7.png,0.1708,0.0128,-1.8944,0.2393,0.4039,1.4551,2.7665,0.0478,4.0343,18.4417
ffc73_Rep1_s0.png,0.246,0.1359,-0.8669,0.4685,0.8071,1.2291,3.4448,0.0126,4.46,26.7427
ffc73_Rep1_s1.png,0.1612,0.1414,-0.8497,0.4994,0.9206,1.2302,5.0931,0.0064,2.3213,9.2084
ffc73_Rep1_s2.png,0.35,0.1328,-0.8769,0.6284,0.8034,1.2556,2.5147,0.0188,8.4868,98.854
ffc73_Rep1_s3.png,0.0033,0.883,-0.054,0.9237,0.4388,0.7154,123.1042,0.0831,0.7139,-0.5452
ffc73_Rep1_s4.png,0.2239,0.0262,-1.5819,0.4577,0.4877,1.414,2.8306,0.0275,2.2054,8.0927
ffc73_Rep1_s5.png,0.0863,0.1453,-0.8376,0.6593,0.9295,1.2336,9.0239,0.0082,1.8517,5.0152
ffc73_Rep1_s6.png,0.068,0.2758,-0.5595,0.7762,0.9142,1.1339,11.8782,0.0072,2.2991,11.3163
ffc73_Rep1_s7.png,0.3445,0.0191,-1.7188,0.4958,0.2907,1.5028,1.8006,0.0617,1.9926,3.2787
ffc73_Rep2_s0.png,0.2505,0.1107,-0.9559,0.4724,0.8133,1.2517,3.3718,0.0126,4.7349,30.3913
ffc73_Rep2_s1.png,0.2787,0.0591,-1.2283,0.4022,0.5894,1.311,2.8875,0.0079,3.9998,39.2281
ffc73_Rep2_s2.png,0.3642,0.1049,-0.9794,0.6148,0.7932,1.2897,2.3984,0.017,8.2392,99.2575
ffc73_Rep2_s3.png,0.0723,0.4375,-0.359,0.8663,0.8915,1.1049,11.7503,0.0236,2.7247,8.707
ffc73_Rep2_s4.png,0.0717,0.1091,-0.9623,0.6383,0.9165,1.2522,10.3124,0.0163,2.3465,8.4811
ffc73_Rep2_s5.png,0.2242,0.0691,-1.1604,0.394,0.7992,1.3088,3.5801,0.0081,1.8527,5.3542
ffc73_Rep2_s6.png,0.1066,0.148,-0.8298,0.4429,0.9352,1.2103,7.3044,0.0069,1.9782,7.1395
ffc73_Rep2_s7.png,0.3439,0.0194,-1.7128,0.4863,0.2917,1.4985,1.8358,0.0589,2.1489,4.2691
ffc74_Rep1_s0.png,0.2459,0.1299,-0.8865,0.4729,0.8516,1.2281,3.4683,0.0149,5.9355,67.6493
ffc74_Rep1_s1.png,0.2754,0.1157,-0.9365,0.533,0.8109,1.2516,3.1149,0.0162,3.6197,22.731
ffc74_Rep1_s2.png,0.2572,0.0981,-1.0082,0.4948,0.7789,1.2599,3.2592,0.0085,2.4849,13.9667
ffc74_Rep1_s3.png,0.2506,0.1028,-0.9882,0.4343,0.8175,1.2577,3.3621,0.0155,4.6125,28.7212
ffc74_Rep1_s4.png,0.2983,0.1498,-0.8244,0.6005,0.8042,1.2313,2.9388,0.0105,1.9305,6.1576
ffc74_Rep1_s5.png,0.2581,0.0859,-1.0661,0.4697,0.8345,1.2938,3.2375,0.0162,4.7831,30.2044
ffc74_Rep1_s6.png,0.1121,0.191,-0.719,0.484,0.9367,1.164,7.1218,0.0075,1.7967,6.4779
ffc74_Rep1_s7.png,0.3039,0.0213,-1.6717,0.4218,0.497,1.4726,2.0185,0.0633,1.95,2.9956
ffc74_Rep2_s0.png,0.226,0.0715,-1.1458,0.4353,0.8151,1.3031,3.595,0.0104,4.0706,25.8315
ffc74_Rep2_s1.png,0.2202,0.0676,-1.1699,0.4184,0.8146,1.2944,3.6694,0.0109,3.6215,18.9968
ffc74_Rep2_s2.png,0.0764,0.397,-0.4012,0.8626,0.8713,1.1151,10.7865,0.0228,3.7295,17.7186
ffc74_Rep2_s3.png,0.3308,0.1374,-0.8619,0.555,0.8139,1.2352,2.6516,0.0113,5.6168,54.8006
ffc74_Rep2_s4.png,0.2498,0.0993,-1.0029,0.511,0.8063,1.2761,3.3695,0.0104,2.196,9.9186
ffc74_Rep2_s5.png,0.0753,0.4654,-0.3321,0.8891,0.8701,1.1377,11.1019,0.0113,3.253,16.2061
ffc74_Rep2_s6.png,0.1489,0.1093,-0.9616,0.5022,0.9408,1.25,5.4027,0.0078,3.0191,17.8835
ffc74_Rep2_s7.png,0.2706,0.0237,-1.6261,0.3838,0.4875,1.4331,2.2743,0.0581,1.7896,2.3556
ffc75_Rep1_s0.png,0.1482,0.1219,-0.9141,0.4623,0.9271,1.2585,5.4161,0.0114,4.4183,30.9832
ffc75_Rep1_s1.png,0.2401,0.1001,-0.9995,0.4473,0.7482,1.2474,3.4523,0.0062,1.5265,4.2105
ffc75_Rep1_s2.png,0.0052,0.7985,-0.0977,0.9043,0.4519,0.7344,98.0594,0.0577,0.9543,0.4035
ffc75_Rep1_s3.png,0.0077,0.3741,-0.427,0.7177,0.9623,0.7288,58.9094,0.0741,0.391,-0.6303
ffc75_Rep1_s4.png,0.2982,0.0233,-1.6331,0.4595,0.623,1.477,2.376,0.0247,2.7611,12.3606
ffc75_Rep1_s5.png,0.0719,0.3607,-0.4429,0.8575,0.8855,1.1741,11.4501,0.0069,1.573,4.2187
ffc75_Rep1_s6.png,0.0612,0.4155,-0.3815,0.9,0.8644,1.1843,13.3509,0.0112,2.9958,14.4436
ffc75_Rep1_s7.png,0.3382,0.0205,-1.6889,0.4708,0.2851,1.4946,1.8693,0.0572,2.0214,3.4222
ffc75_Rep2_s0.png,0.2492,0.0748,-1.1263,0.4688,0.8043,1.319,3.3091,0.0111,4.8546,35.8343
ffc75_Rep2_s1.png,0.0793,0.5288,-0.2767,0.9218,0.8752,1.0689,10.6854,0.0175,3.3122,13.4739
ffc75_Rep2_s2.png,0.1176,0.0821,-1.0858,0.4558,0.9265,1.2782,6.4117,0.013,3.5508,19.503
ffc75_Rep2_s3.png,0.1539,0.1648,-0.7832,0.5463,0.9268,1.2063,5.4059,0.018,10.0003,148.0732
ffc75_Rep2_s4.png,0.3817,0.0345,-1.4624,0.6586,0.5504,1.4502,2.0487,0.0206,2.9816,16.9058
ffc75_Rep2_s5.png,0.0687,0.3427,-0.4651,0.8255,0.8509,1.1814,11.8816,0.006,1.1468,2.1575
ffc75_Rep2_s6.png,0.0661,0.5225,-0.2819,0.8928,0.8357,1.0595,12.565,0.0164,3.7901,17.5509
ffc75_Rep2_s7.png,0.3343,0.0183,-1.7374,0.4731,0.3254,1.5056,1.8574,0.0502,1.961,3.8489
ffc76_Rep1_s0.png,0.2714,0.0858,-1.0664,0.5019,0.7986,1.3126,3.1011,0.0124,4.2394,29.7404
ffc76_Rep1_s1.png,0.2056,0.0621,-1.2069,0.41,0.838,1.2978,3.8319,0.0122,3.7908,20.8813
ffc76_Rep1_s2.png,0.3579,0.0809,-1.0922,0.5961,0.7789,1.3214,2.3929,0.0164,6.0385,50.8034
ffc76_Rep1_s3.png,0.265,0.0903,-1.0444,0.4974,0.8345,1.2688,3.1754,0.0084,3.5659,23.8138
ffc76_Rep1_s4.png,0.1867,0.0522,-1.2823,0.3872,0.8,1.3322,4.1323,0.011,2.9133,14.5768
ffc76_Rep1_s5.png,0.0932,0.1379,-0.8605,0.6625,0.3059,1.2148,7.8261,0.0624,1.3374,0.5029
ffc76_Rep1_s6.png,0.2148,0.0869,-1.0612,0.588,0.884,1.3047,3.9037,0.0068,1.5946,10.7487
ffc76_Rep1_s7.png,0.2637,0.0206,-1.6865,0.3666,0.4571,1.4555,2.2327,0.0613,1.7764,2.314
ffc76_Rep2_s0.png,0.2632,0.1146,-0.9409,0.4785,0.7851,1.2555,3.2201,0.0116,4.8558,37.6913
ffc76_Rep2_s1.png,0.0737,0.1529,-0.8157,0.7049,0.9131,1.2257,10.5265,0.0102,2.5313,8.5543
ffc76_Rep2_s2.png,0.0724,0.2303,-0.6377,0.8169,0.7401,1.1726,11.2828,0.022,4.7771,31.4692
ffc76_Rep2_s3.png,0.0025,0.9754,-0.0108,0.9435,0.3365,0.8344,138.6774,0.0641,0.2914,-1.1554
ffc76_Rep2_s4.png,0.265,0.111,-0.9547,0.5279,0.7817,1.2498,3.2123,0.0101,2.6041,12.4628
ffc76_Rep2_s5.png,0.2106,0.1252,-0.9024,0.4514,0.8494,1.1921,3.9647,0.012,5.7707,47.9489
ffc76_Rep2_s6.png,0.0611,0.2856,-0.5442,0.6962,0.8266,1.1674,13.4707,0.0251,4.2461,25.6338
ffc76_Rep2_s7.png,0.3137,0.0217,-1.6629,0.4399,0.4236,1.4724,2.0055,0.0842,2.0607,3.532
ffc78_Rep1_s0.png,0.1879,0.0599,-1.2223,0.3664,0.8043,1.3089,4.1086,0.0266,5.4255,36.8207
ffc78_Rep1_s1.png,0.0569,0.4668,-0.3308,0.8984,0.839,1.1538,14.4594,0.0217,2.4225,6.8184
ffc78_Rep1_s2.png,0.0533,0.2641,-0.5782,0.7579,0.8048,1.2334,14.3641,0.0347,7.1135,57.0641
ffc78_Rep1_s3.png,0.0635,0.1668,-0.7778,0.7409,0.9263,1.274,11.7655,0.0235,3.6676,19.0598
ffc78_Rep1_s4.png,0.1865,0.033,-1.4818,0.4769,0.7439,1.3977,3.7299,0.0234,3.1467,15.3419
ffc78_Rep1_s5.png,0.0711,0.3664,-0.436,0.8329,0.8327,1.1476,11.588,0.0096,2.5745,8.4825
ffc78_Rep1_s6.png,0.0622,0.2138,-0.67,0.8101,0.8887,1.1699,12.748,0.0107,2.719,10.292
ffc78_Rep1_s7.png,0.1899,0.0132,-1.8778,0.2841,0.5344,1.462,2.5678,0.062,2.7718,7.5861
ffc78_Rep2_s0.png,0.2283,0.0827,-1.0823,0.4298,0.8053,1.2722,3.5887,0.0114,5.2883,44.8498
ffc78_Rep2_s1.png,0.0679,0.3921,-0.4066,0.849,0.8874,1.1556,12.11,0.0175,2.6812,8.5415
ffc78_Rep2_s2.png,0.007,0.7288,-0.1374,0.8803,0.5441,0.8297,80.6884,0.0609,0.7054,-0.4658
ffc78_Rep2_s3.png,0.0317,0.2686,-0.5708,0.6143,0.7916,0.9926,21.0909,0.0749,1.848,2.8656
ffc78_Rep2_s4.png,0.1787,0.032,-1.4944,0.4345,0.8515,1.3642,3.6114,0.0266,1.9811,5.844
ffc78_Rep2_s5.png,0.0687,0.3378,-0.4713,0.8018,0.8114,1.1415,11.8747,0.0064,1.3252,2.6177
ffc78_Rep2_s6.png,0.0706,0.2054,-0.6874,0.7543,0.9056,1.186,11.3711,0.0084,2.607,12.128
ffc78_Rep2_s7.png,0.3045,0.0216,-1.6658,0.4453,0.251,1.4704,2.0402,0.0557,1.927,3.3559
ffc79_Rep1_s0.png,0.2797,0.0946,-1.0239,0.5063,0.7587,1.2944,3.0446,0.0123,4.023,25.9809
ffc79_Rep1_s1.png,0.2957,0.0964,-1.0159,0.5613,0.7818,1.2846,2.9011,0.0131,6.577,76.3565
ffc79_Rep1_s2.png,0.3128,0.0832,-1.08,0.5417,0.8157,1.304,2.7263,0.0122,5.1392,43.8842
ffc79_Rep1_s3.png,0.1676,0.0988,-1.0051,0.4168,0.9342,1.2612,4.8779,0.0179,4.0135,22.4886
ffc79_Rep1_s4.png,0.2077,0.0664,-1.1777,0.4264,0.8053,1.3018,3.8578,0.0091,2.1607,8.2087
ffc79_Rep1_s5.png,0.0892,0.202,-0.6946,0.7116,0.4204,1.1501,8.6755,0.0589,1.495,1.154
ffc79_Rep1_s6.png,0.065,0.2511,-0.6002,0.8318,0.911,1.2059,12.3866,0.0103,1.8543,4.2064
ffc79_Rep1_s7.png,0.3324,0.023,-1.6375,0.4475,0.4578,1.4739,1.9275,0.0539,1.8917,2.6248
ffc79_Rep2_s0.png,0.2897,0.0823,-1.0845,0.5234,0.765,1.2854,2.9405,0.0119,4.6186,36.1341
ffc79_Rep2_s1.png,0.003,1.0,0.0,0.9755,0.3524,0.5238,129.6212,0.0898,0.6193,-1.1932
ffc79_Rep2_s2.png,0.0055,0.8971,-0.0472,0.9524,0.4807,0.6377,95.4057,0.0523,0.5616,0.0764
ffc79_Rep2_s3.png,0.0669,0.3522,-0.4532,0.8407,0.8765,1.1307,12.4823,0.0246,3.138,11.6782
ffc79_Rep2_s4.png,0.0021,1.0,0.0,0.9787,0.3502,0.375,148.055,0.1335,0.8879,-0.8022
ffc79_Rep2_s5.png,0.0935,0.1804,-0.7438,0.6925,0.4701,1.1719,8.1715,0.0587,1.4171,0.841
ffc79_Rep2_s6.png,0.058,0.433,-0.3635,0.8699,0.8503,1.0881,13.9994,0.0157,2.544,7.3007
ffc79_Rep2_s7.png,0.3025,0.0176,-1.7544,0.4068,0.4972,1.4981,1.929,0.0701,1.725,1.8511
ffc80_Rep1_s0.png,0.069,0.0802,-1.0959,0.5257,0.9465,1.307,10.1849,0.0164,3.4165,14.0977
ffc80_Rep1_s1.png,0.0806,0.3358,-0.474,0.7865,0.8677,1.1385,10.5223,0.0114,3.9714,26.3142
ffc80_Rep1_s2.png,0.0758,0.2957,-0.5291,0.8678,0.8671,1.1843,11.0202,0.0178,2.6116,8.689
ffc80_Rep1_s3.png,0.2797,0.1249,-0.9035,0.4896,0.7516,1.2118,3.0889,0.0077,2.4399,11.1297
ffc80_Rep1_s4.png,0.2616,0.0445,-1.3514,0.6154,0.7809,1.3927,2.876,0.0185,3.3111,17.8291
ffc80_Rep1_s5.png,0.0656,0.5306,-0.2752,0.8868,0.8138,1.0782,12.9931,0.0089,9.197,174.4865
ffc80_Rep1_s6.png,0.0866,0.2629,-0.5801,0.8008,0.9043,1.1888,9.6591,0.0111,3.3748,18.3034
ffc80_Rep1_s7.png,0.3227,0.018,-1.7443,0.4565,0.4241,1.502,1.8768,0.0659,1.9959,3.3585
ffc80_Rep2_s0.png,0.1923,0.0767,-1.1154,0.3596,0.7817,1.2623,4.0669,0.0105,4.7308,34.7989
ffc80_Rep2_s1.png,0.1231,0.1161,-0.9352,0.4078,0.9309,1.2276,6.3881,0.0073,1.9407,5.5135
ffc80_Rep2_s2.png,0.063,0.3804,-0.4198,0.846,0.7402,1.1798,13.2771,0.016,2.5122,9.4005
ffc80_Rep2_s3.png,0.2853,0.1354,-0.8685,0.5171,0.8196,1.2323,3.0657,0.0112,4.9751,38.3144
ffc80_Rep2_s4.png,0.1107,0.0602,-1.2206,0.4771,0.5329,1.2608,6.058,0.0259,1.885,4.5772
ffc80_Rep2_s5.png,0.0618,0.4942,-0.3061,0.8802,0.7991,1.1281,13.6442,0.0094,2.6335,10.5026
ffc80_Rep2_s6.png,0.0699,0.4538,-0.3431,0.8645,0.8404,1.1648,12.1642,0.0217,3.6022,15.9718
ffc80_Rep2_s7.png,0.226,0.0152,-1.8186,0.3244,0.4842,1.4688,2.3951,0.0428,3.2863,12.3843
ffc81_Rep1_s0.png,0.1313,0.1018,-0.9924,0.4205,0.9331,1.237,5.9281,0.0148,4.5942,31.0771
ffc81_Rep1_s1.png,0.0773,0.2567,-0.5905,0.7803,0.9199,1.1529,10.6568,0.0089,2.028,5.0768
ffc81_Rep1_s2.png,0.1886,0.0318,-1.4972,0.3842,0.8324,1.3714,3.3577,0.0373,1.7359,2.7853
ffc81_Rep1_s3.png,0.0648,0.2635,-0.5791,0.7991,0.8873,1.1664,12.6295,0.0316,2.684,7.7757
ffc81_Rep1_s4.png,0.1743,0.0583,-1.2347,0.5565,0.8526,1.3939,4.2263,0.0161,1.8117,4.9365
ffc81_Rep1_s5.png,0.0742,0.3499,-0.456,0.8173,0.8877,1.1719,11.1235,0.012,3.9145,24.7423
ffc81_Rep1_s6.png,0.0619,0.2817,-0.5503,0.8367,0.8921,1.1227,13.0397,0.0073,1.6685,4.6682
ffc81_Rep1_s7.png,0.3207,0.0216,-1.6657,0.4507,0.4037,1.4769,1.9653,0.0571,2.078,3.7953
ffc81_Rep2_s0.png,0.1531,0.1145,-0.9412,0.4969,0.9272,1.258,5.2757,0.0134,4.4848,27.9219
ffc81_Rep2_s1.png,0.0807,0.347,-0.4596,0.8053,0.8596,1.1323,10.5529,0.0103,3.2759,17.7116
ffc81_Rep2_s2.png,0.0785,0.2064,-0.6854,0.7511,0.9307,1.1937,10.1996,0.0087,2.012,6.4384
ffc81_Rep2_s3.png,0.0095,0.3748,-0.4262,0.6753,0.9558,0.7733,52.2163,0.0731,0.5545,-0.2662
ffc81_Rep2_s4.png,0.239,0.0343,-1.4645,0.4857,0.7952,1.4098,3.0746,0.0201,2.8624,13.2378
ffc81_Rep2_s5.png,0.0663,0.3833,-0.4164,0.8514,0.8511,1.2096,12.3742,0.0108,3.6958,20.5559
ffc81_Rep2_s6.png,0.2201,0.0919,-1.0365,0.4129,0.7829,1.262,3.7108,0.0123,5.8342,53.346
ffc81_Rep2_s7.png,0.3092,0.0223,-1.6517,0.4383,0.3823,1.4689,2.0356,0.0502,1.9292,3.2209
ffc82_Rep1_s0.png,0.05,0.2495,-0.603,0.8112,0.862,1.2246,15.4256,0.0493,3.73,14.9189
ffc82_Rep1_s1.png,0.0639,0.1769,-0.7523,0.6935,0.9055,1.2343,11.7571,0.0085,2.2612,7.7887
ffc82_Rep1_s2.png,0.2747,0.0982,-1.0079,0.6967,0.8802,1.2726,3.1353,0.0243,6.6386,55.0146
ffc82_Rep1_s3.png,0.0445,0.2385,-0.6225,0.6213,0.819,1.03,15.585,0.0663,1.5067,1.2942
ffc82_Rep1_s4.png,0.2334,0.024,-1.6205,0.4485,0.6002,1.4338,2.6421,0.0303,1.8507,4.3633
ffc82_Rep1_s5.png,0.0449,0.2573,-0.5895,0.6867,0.7954,1.1623,16.5134,0.0247,2.5856,6.4686
ffc82_Rep1_s6.png,0.058,0.2618,-0.5821,0.7744,0.8261,1.181,13.639,0.0223,3.1774,12.2819
ffc82_Rep1_s7.png,0.2886,0.0231,-1.6355,0.4114,0.475,1.4543,2.1684,0.0725,1.9311,2.8723
ffc82_Rep2_s0.png,0.0818,0.3969,-0.4013,0.8613,0.8787,1.1229,10.2375,0.034,2.957,10.1785
ffc82_Rep2_s1.png,0.0587,0.3083,-0.511,0.8044,0.8512,1.1703,13.6145,0.0266,2.3662,6.043
ffc82_Rep2_s2.png,0.0074,0.8003,-0.0967,0.917,0.5873,0.8364,77.7882,0.0654,1.021,0.417
ffc82_Rep2_s3.png,0.0472,0.2434,-0.6137,0.6298,0.8043,1.0457,14.9539,0.06,1.4759,1.2283
ffc82_Rep2_s4.png,0.1614,0.0371,-1.4304,0.4482,0.8394,1.3515,4.1912,0.0239,2.1705,6.7142
ffc82_Rep2_s5.png,0.0517,0.4023,-0.3955,0.8635,0.7845,1.168,15.6454,0.013,2.7887,8.9385
ffc82_Rep2_s6.png,0.0447,0.2907,-0.5365,0.7433,0.6677,1.1921,17.0385,0.0307,1.8741,3.0842
ffc82_Rep2_s7.png,0.2002,0.0154,-1.8137,0.2859,0.547,1.4462,2.6421,0.0371,3.8001,18.5413
ffc83_Rep1_s0.png,0.0656,0.4351,-0.3614,0.8869,0.8632,1.1311,12.57,0.0165,2.8168,9.1616
ffc83_Rep1_s1.png,0.0645,0.4942,-0.3061,0.8928,0.8378,1.1256,13.1638,0.019,2.0035,4.1971
ffc83_Rep1_s2.png,0.0103,0.6591,-0.1811,0.8362,0.7167,0.6882,59.6798,0.0643,1.1379,0.4163
ffc83_Rep1_s3.png,0.0321,0.227,-0.6439,0.5651,0.8234,1.0095,20.2603,0.0807,1.6135,1.8404
ffc83_Rep1_s4.png,0.3541,0.0285,-1.545,0.5709,0.4985,1.4636,2.103,0.0206,2.1651,6.1301
ffc83_Rep1_s5.png,0.1171,0.0627,-1.203,0.4336,0.9278,1.3098,6.0231,0.0146,3.5603,15.9789
ffc83_Rep1_s6.png,0.0583,0.2913,-0.5356,0.8453,0.8927,1.1586,13.8205,0.0093,2.6479,10.6323
ffc83_Rep1_s7.png,0.3168,0.0205,-1.6893,0.4435,0.4354,1.4835,1.99,0.0624,1.9201,2.9939
ffc83_Rep2_s0.png,0.1785,0.1408,-0.8514,0.5708,0.9326,1.2455,4.7068,0.016,4.4393,25.6907
ffc83_Rep2_s1.png,0.1658,0.1078,-0.9675,0.4727,0.9209,1.2582,4.8858,0.0113,4.7984,30.6063
ffc83_Rep2_s2.png,0.0072,0.7499,-0.125,0.9128,0.7232,0.8145,78.1486,0.0532,0.5002,-0.3621
ffc83_Rep2_s3.png,0.0474,0.2388,-0.622,0.6219,0.8019,1.0402,14.7964,0.0627,1.4866,1.1865
ffc83_Rep2_s4.png,0.1288,0.0931,-1.0313,0.593,0.9381,1.2781,6.1539,0.0107,1.6905,4.7928
ffc83_Rep2_s5.png,0.0623,0.2699,-0.5688,0.6887,0.8048,1.1366,12.7392,0.0118,2.5142,8.4
ffc83_Rep2_s6.png,0.0574,0.4711,-0.3269,0.8798,0.7978,1.1631,14.3393,0.0245,2.889,10.2831
ffc83_Rep2_s7.png,0.2935,0.0219,-1.6595,0.4188,0.4833,1.4611,2.0997,0.0589,1.8173,2.598
ffc85_Rep1_s0.png,0.0634,0.5708,-0.2435,0.9169,0.8141,1.0784,13.4661,0.0375,2.811,9.0716
ffc85_Rep1_s1.png,0.0533,0.4486,-0.3482,0.8852,0.8377,1.1532,15.2779,0.0342,2.6671,7.4647
ffc85_Rep1_s2.png,0.0732,0.2429,-0.6147,0.727,0.4909,1.1149,10.5526,0.057,1.5918,1.6551
ffc85_Rep1_s3.png,0.044,0.228,-0.642,0.6125,0.8354,1.0362,15.5776,0.055,1.4497,1.4679
ffc85_Rep1_s4.png,0.189,0.1073,-0.9693,0.6252,0.9368,1.2799,4.4048,0.0117,2.5386,14.2074
ffc85_Rep1_s5.png,0.0553,0.4252,-0.3714,0.8053,0.7499,1.1193,14.6093,0.0166,2.5923,8.1348
ffc85_Rep1_s6.png,0.0091,0.1303,-0.8851,0.5767,0.9548,1.0913,41.8655,0.0669,0.6633,-0.5342
ffc85_Rep1_s7.png,0.2728,0.0203,-1.6917,0.3942,0.2853,1.4633,2.1887,0.0765,1.9694,3.2167
ffc85_Rep2_s0.png,0.0481,0.4803,-0.3184,0.8783,0.7826,1.126,16.7309,0.0565,2.6888,7.6519
ffc85_Rep2_s1.png,0.0036,0.1724,-0.7634,0.661,0.9962,0.8587,57.0491,0.04,0.1204,-0.2855
ffc85_Rep2_s2.png,0.0615,0.2154,-0.6668,0.6703,0.1848,1.0965,11.8979,0.0554,1.3322,0.7364
ffc85_Rep2_s3.png,0.0488,0.2476,-0.6063,0.6339,0.8,1.0398,14.564,0.0631,1.4996,1.1923
ffc85_Rep2_s4.png,0.2433,0.079,-1.1023,0.422,0.7714,1.2702,3.3728,0.0116,3.5617,23.8618
ffc85_Rep2_s5.png,0.0415,0.3159,-0.5004,0.7521,0.7433,1.1595,18.2526,0.0154,2.3693,6.6566
ffc85_Rep2_s6.png,0.0462,0.2399,-0.6199,0.7485,0.8019,1.2176,16.4192,0.0275,3.251,12.1932
ffc85_Rep2_s7.png,0.2973,0.0207,-1.6838,0.4134,0.4573,1.4669,2.0771,0.0651,1.8656,2.6766
ffc86_Rep1_s0.png,0.2743,0.0991,-1.0041,0.5324,0.8207,1.2801,3.0958,0.0132,4.5868,29.1292
ffc86_Rep1_s1.png,0.2513,0.1144,-0.9416,0.4784,0.8148,1.248,3.3534,0.0169,5.1217,36.2434
ffc86_Rep1_s2.png,0.319,0.0849,-1.0709,0.5398,0.7641,1.3053,2.6843,0.0104,5.0609,47.2779
ffc86_Rep1_s3.png,0.2753,0.1221,-0.9132,0.5496,0.8439,1.2493,3.1101,0.0176,4.9477,32.5038
ffc86_Rep1_s4.png,0.3382,0.0909,-1.0414,0.7097,0.7932,1.3178,2.5295,0.0166,3.5569,20.9537
ffc86_Rep1_s5.png,0.0738,0.4363,-0.3603,0.8676,0.8871,1.1578,11.313,0.012,2.6578,11.4722
ffc86_Rep1_s6.png,0.2501,0.0738,-1.1321,0.4428,0.7613,1.3031,3.2993,0.0092,3.4508,20.8192
ffc86_Rep1_s7.png,0.2983,0.0205,-1.6887,0.423,0.3668,1.4722,2.0362,0.0614,1.8705,2.7332
ffc86_Rep2_s0.png,0.2937,0.104,-0.9828,0.5451,0.7922,1.2849,2.924,0.01,5.0957,42.1263
ffc86_Rep2_s1.png,0.0731,0.4257,-0.3709,0.9124,0.8481,1.1256,11.4911,0.0119,3.842,23.9655
ffc86_Rep2_s2.png,0.0624,0.526,-0.279,0.895,0.8464,1.143,13.3007,0.0079,1.2935,3.2717
ffc86_Rep2_s3.png,0.224,0.1088,-0.9633,0.4765,0.8763,1.2329,3.7251,0.0127,3.7719,20.5523
ffc86_Rep2_s4.png,0.2451,0.0985,-1.0067,0.5173,0.8334,1.2713,3.4424,0.0133,3.3513,16.1791
ffc86_Rep2_s5.png,0.0744,0.4061,-0.3913,0.8669,0.8235,1.0959,11.2381,0.0101,1.8605,4.9833
ffc86_Rep2_s6.png,0.0634,0.4769,-0.3215,0.8901,0.8771,1.1234,12.9918,0.0127,2.4239,10.7614
ffc86_Rep2_s7.png,0.0457,0.0424,-1.3727,0.2481,0.719,1.1798,10.102,0.014,1.3267,2.0306
ffc87_Rep1_s0.png,0.1873,0.0689,-1.1617,0.3487,0.7888,1.2735,4.1254,0.0133,4.4012,26.618
ffc87_Rep1_s1.png,0.077,0.2516,-0.5993,0.7521,0.8805,1.1812,10.5811,0.019,2.6928,8.1915
ffc87_Rep1_s2.png,0.1382,0.0641,-1.1928,0.4211,0.9326,1.3317,5.4659,0.0121,5.2349,55.8168
ffc87_Rep1_s3.png,0.0218,0.2074,-0.6832,0.4844,0.8566,0.9711,25.6663,0.0772,1.1664,0.4557
ffc87_Rep1_s4.png,0.1443,0.037,-1.4319,0.3497,0.7441,1.3178,4.3309,0.0306,1.759,3.8016
ffc87_Rep1_s5.png,0.0788,0.0671,-1.1733,0.3546,0.9057,1.2769,8.7198,0.0118,2.5392,9.1043
ffc87_Rep1_s6.png,0.0021,1.0,0.0,0.9857,0.3026,0.3438,147.9542,0.1278,0.8045,-0.9844
ffc87_Rep1_s7.png,0.319,0.0223,-1.6512,0.4488,0.3932,1.4699,1.991,0.0526,1.982,3.3703
ffc87_Rep2_s0.png,0.2262,0.1026,-0.9889,0.4456,0.8264,1.2576,3.6544,0.0149,4.1679,26.9962
ffc87_Rep2_s1.png,0.0701,0.4353,-0.3612,0.8634,0.8376,1.1082,12.1364,0.0076,2.1133,6.9577
ffc87_Rep2_s2.png,0.2772,0.1454,-0.8373,0.6062,0.8683,1.2194,3.1615,0.0113,4.6395,37.3055
ffc87_Rep2_s3.png,0.003,1.0,0.0,0.9653,0.3563,0.9023,130.645,0.0823,0.3934,-1.3871
ffc87_Rep2_s4.png,0.194,0.0265,-1.5771,0.4333,0.7497,1.4119,3.1052,0.0299,1.7499,4.12
ffc87_Rep2_s5.png,0.0636,0.4888,-0.3108,0.8719,0.7977,1.0911,13.2784,0.0069,2.5169,16.9289
ffc87_Rep2_s6.png,0.0571,0.4178,-0.379,0.8537,0.7925,1.1494,14.7381,0.0124,2.3061,7.4916
ffc87_Rep2_s7.png,0.3209,0.0209,-1.6808,0.4516,0.4129,1.4808,1.947,0.0617,2.0431,3.5753
ffc88_Rep1_s0.png,0.065,0.4048,-0.3928,0.8705,0.7836,1.1842,12.9029,0.0423,3.5823,13.8343
ffc88_Rep1_s1.png,0.1978,0.0853,-1.0693,0.3852,0.8638,1.2226,4.1037,0.0093,3.0165,13.4571
ffc88_Rep1_s2.png,0.075,0.2338,-0.6311,0.7626,0.4267,1.1042,10.3853,0.0514,1.3835,0.9694
ffc88_Rep1_s3.png,0.0488,0.21,-0.6778,0.5827,0.7917,1.0719,14.0969,0.0669,1.396,0.7736
ffc88_Rep1_s4.png,0.2522,0.0312,-1.5052,0.5282,0.7516,1.4169,2.7732,0.0226,2.3861,9.6729
ffc88_Rep1_s5.png,0.0494,0.4041,-0.3935,0.8231,0.7591,1.1741,16.0012,0.0231,3.2847,11.6019
ffc88_Rep1_s6.png,0.0468,0.2471,-0.6071,0.7552,0.7724,1.2128,16.3297,0.0434,3.3618,11.6264
ffc88_Rep1_s7.png,0.2838,0.0228,-1.6422,0.4079,0.346,1.4501,2.1684,0.0732,1.961,2.9607
ffc88_Rep2_s0.png,0.0672,0.3854,-0.4141,0.8611,0.8691,1.1076,12.2452,0.0186,3.5481,14.5601
ffc88_Rep2_s1.png,0.0455,0.1886,-0.7245,0.739,0.822,1.2486,16.0205,0.0294,3.8108,16.529
ffc88_Rep2_s2.png,0.4117,0.1564,-0.8058,0.7013,0.7568,1.2424,2.1773,0.0186,9.6403,120.8571
ffc88_Rep2_s3.png,0.007,0.4116,-0.3856,0.7642,0.9608,0.7156,63.3789,0.0804,0.2797,-0.7334
ffc88_Rep2_s4.png,0.2152,0.08,-1.0969,0.4396,0.7889,1.2853,3.7762,0.0122,4.211,29.3769
ffc88_Rep2_s5.png,0.0643,0.3793,-0.421,0.8294,0.7786,1.1492,12.662,0.0234,3.5163,13.2288
ffc88_Rep2_s6.png,0.1832,0.1455,-0.8371,0.6287,0.9333,1.2464,4.6259,0.0189,6.334,54.2358
ffc88_Rep2_s7.png,0.333,0.0194,-1.7126,0.4575,0.3839,1.5028,1.8646,0.0538,1.9888,3.6474
ffc89_Rep1_s0.png,0.2782,0.124,-0.9065,0.5163,0.7813,1.2546,3.0779,0.0108,4.5382,29.3958
ffc89_Rep1_s1.png,0.2414,0.1169,-0.9323,0.4474,0.783,1.2314,3.4642,0.012,4.0025,22.7548
ffc89_Rep1_s2.png,0.2785,0.0778,-1.1091,0.507,0.7699,1.3025,3.0076,0.0109,3.9307,25.2391
ffc89_Rep1_s3.png,0.2622,0.1056,-0.9764,0.5013,0.8153,1.2591,3.2208,0.0079,3.089,17.3348
ffc89_Rep1_s4.png,0.4094,0.0363,-1.4399,0.6648,0.4996,1.4474,1.9085,0.0199,3.4944,25.5947
ffc89_Rep1_s5.png,0.7001,0.5038,-0.2978,0.9488,0.3436,1.1614,1.3589,0.0117,7.8379,105.9229
ffc89_Rep1_s6.png,0.2695,0.1154,-0.9379,0.4784,0.7558,1.2445,3.148,0.0068,2.512,12.7038
ffc89_Rep1_s7.png,0.2989,0.0204,-1.6909,0.4285,0.4297,1.4744,2.0432,0.0568,1.7911,2.5798
ffc89_Rep2_s0.png,0.0788,0.4473,-0.3494,0.8635,0.8581,1.148,10.7801,0.0222,4.5385,28.4006
ffc89_Rep2_s1.png,0.0557,0.2769,-0.5577,0.8109,0.8497,1.1931,14.458,0.0069,1.5815,3.7611
ffc89_Rep2_s2.png,0.0634,0.3061,-0.5142,0.8085,0.8076,1.2101,12.8935,0.0115,3.3582,22.2074
ffc89_Rep2_s3.png,0.2082,0.0835,-1.0781,0.3787,0.7513,1.2602,3.9117,0.0083,2.3706,9.514
ffc89_Rep2_s4.png,0.3369,0.0347,-1.4593,0.6083,0.4359,1.4275,2.2616,0.0148,2.8843,15.8925
ffc89_Rep2_s5.png,0.0638,0.516,-0.2873,0.8828,0.7693,1.1223,13.4632,0.0092,11.3742,216.4793
ffc89_Rep2_s6.png,0.1324,0.1327,-0.8771,0.5617,0.9479,1.238,6.1096,0.0074,3.155,20.8333
ffc89_Rep2_s7.png,0.3242,0.0196,-1.7076,0.4654,0.3766,1.4899,1.9161,0.0519,1.9293,3.3232
ffc8_Rep1_s0.png,0.0619,0.4699,-0.328,0.8788,0.8554,1.1716,13.356,0.0108,3.714,25.9586
ffc8_Rep1_s1.png,0.0789,0.4871,-0.3124,0.9093,0.8834,1.1088,10.6917,0.0184,3.6588,15.9232
ffc8_Rep1_s2.png,0.0708,0.5216,-0.2827,0.9165,0.8604,1.1652,11.8681,0.0116,2.8425,14.3314
ffc8_Rep1_s3.png,0.1375,0.1401,-0.8534,0.5331,0.9355,1.2184,5.9541,0.0123,5.3563,40.0917
ffc8_Rep1_s4.png,0.2658,0.0446,-1.3505,0.5856,0.8533,1.39,2.9225,0.0233,3.0455,14.4355
ffc8_Rep1_s5.png,0.0702,0.333,-0.4776,0.8339,0.8799,1.1719,11.578,0.0063,1.3721,3.4729
ffc8_Rep1_s6.png,0.1305,0.1051,-0.9786,0.4865,0.9464,1.2816,6.0186,0.0144,4.3045,26.1909
ffc8_Rep1_s7.png,0.3112,0.0178,-1.7498,0.4479,0.316,1.5004,1.9122,0.0566,1.7785,2.5168
ffc8_Rep2_s0.png,0.0662,0.3537,-0.4513,0.8651,0.8793,1.1668,12.3522,0.0115,3.3575,18.7107
ffc8_Rep2_s1.png,0.206,0.0807,-1.093,0.3721,0.775,1.2669,3.9409,0.0072,1.8525,5.4531
ffc8_Rep2_s2.png,0.0602,0.3963,-0.402,0.8502,0.8565,1.1032,13.8678,0.0221,2.4146,7.0226
ffc8_Rep2_s3.png,0.0549,0.1724,-0.7634,0.7155,0.8706,1.2074,13.8203,0.036,2.3071,5.3364
ffc8_Rep2_s4.png,0.2886,0.0329,-1.4832,0.5047,0.6631,1.4294,2.489,0.0216,1.8843,4.535
ffc8_Rep2_s5.png,0.0743,0.198,-0.7034,0.6983,0.9124,1.2281,10.5585,0.0117,2.4816,8.009
ffc8_Rep2_s6.png,0.0699,0.494,-0.3063,0.9288,0.8939,1.1407,12.2137,0.024,2.6777,8.9494
ffc8_Rep2_s7.png,0.3221,0.0253,-1.5965,0.4538,0.437,1.4521,2.0495,0.0637,1.9318,2.9767
ffc90_Rep1_s0.png,0.3121,0.1088,-0.9635,0.5643,0.8211,1.2877,2.7729,0.0134,6.0609,53.0727
ffc90_Rep1_s1.png,0.0761,0.3846,-0.415,0.8331,0.8676,1.1491,11.2004,0.0069,2.2966,11.9297
ffc90_Rep1_s2.png,0.342,0.126,-0.8995,0.612,0.7973,1.2642,2.5645,0.0205,8.264,90.8986
ffc90_Rep1_s3.png,0.246,0.1057,-0.976,0.4465,0.8083,1.2422,3.4435,0.011,5.166,43.3422
ffc90_Rep1_s4.png,0.1247,0.1111,-0.9543,0.5293,0.9286,1.2417,6.3966,0.0102,1.3479,2.4828
ffc90_Rep1_s5.png,0.0646,0.5725,-0.2422,0.8999,0.7969,1.0985,13.2272,0.0058,2.3674,20.0399
ffc90_Rep1_s6.png,0.0579,0.409,-0.3883,0.8746,0.8039,1.1407,14.4563,0.0276,3.6621,15.9074
ffc90_Rep1_s7.png,0.3144,0.0213,-1.6724,0.4458,0.4052,1.4749,1.988,0.0632,1.9092,3.1728
ffc90_Rep2_s0.png,0.0695,0.5332,-0.2731,0.9094,0.873,1.1198,12.1073,0.0315,3.3166,12.8909
ffc90_Rep2_s1.png,0.0633,0.5397,-0.2678,0.9047,0.8143,1.0885,13.6009,0.0096,2.4579,9.1763
ffc90_Rep2_s2.png,0.0697,0.3294,-0.4823,0.8567,0.8202,1.1855,11.8198,0.0209,4.8451,36.3876
ffc90_Rep2_s3.png,0.0476,0.2486,-0.6045,0.6343,0.8225,1.0379,14.8925,0.0624,1.4699,1.1736
ffc90_Rep2_s4.png,0.2355,0.0747,-1.1268,0.4286,0.8178,1.3024,3.4829,0.0205,4.0231,25.2389
ffc90_Rep2_s5.png,0.0584,0.3908,-0.4081,0.861,0.7951,1.1523,14.2229,0.0119,2.7119,9.8938
ffc90_Rep2_s6.png,0.037,0.2451,-0.6107,0.66,0.7505,1.1804,19.6156,0.0254,2.2038,6.1411
ffc90_Rep2_s7.png,0.318,0.0206,-1.6858,0.4471,0.3347,1.479,1.9694,0.0596,1.9231,3.1673
ffc93_Rep1_s0.png,0.0664,0.3934,-0.4052,0.8671,0.8605,1.1183,12.3885,0.0157,3.0268,10.9069
ffc93_Rep1_s1.png,0.0802,0.4322,-0.3643,0.8789,0.9024,1.1145,10.4165,0.0204,3.7945,19.3383
ffc93_Rep1_s2.png,0.0478,0.3092,-0.5098,0.8165,0.8253,1.1561,16.3263,0.0206,6.3298,62.6343
ffc93_Rep1_s3.png,0.0621,0.3526,-0.4527,0.834,0.8018,1.1079,13.1204,0.0199,3.7621,15.9139
ffc93_Rep1_s4.png,0.37,0.0326,-1.4864,0.5863,0.5965,1.443,2.1085,0.0222,3.0249,16.5218
ffc93_Rep1_s5.png,0.0615,0.4376,-0.3589,0.8628,0.8292,1.1266,13.3442,0.0167,4.6802,27.3538
ffc93_Rep1_s6.png,0.1721,0.0895,-1.0481,0.5949,0.9285,1.2748,4.7372,0.0189,4.8556,27.5523
ffc93_Rep1_s7.png,0.3179,0.0179,-1.7462,0.4405,0.3918,1.5051,1.9022,0.0557,1.7464,2.4307
ffc93_Rep2_s0.png,0.0667,0.3438,-0.4637,0.8343,0.8479,1.1115,12.1597,0.0153,2.6685,8.4545
ffc93_Rep2_s1.png,0.0672,0.2179,-0.6618,0.6615,0.9276,1.1718,11.3364,0.0313,2.3794,6.0912
ffc93_Rep2_s2.png,0.0441,0.4529,-0.344,0.8601,0.778,1.0716,17.8327,0.0231,7.5045,73.9949
ffc93_Rep2_s3.png,0.0828,0.0874,-1.0587,0.6293,0.9351,1.3349,8.9498,0.0149,4.7466,29.4465
ffc93_Rep2_s4.png,0.298,0.0519,-1.2849,0.5827,0.7624,1.3622,2.725,0.017,2.0804,7.7342
ffc93_Rep2_s5.png,0.0547,0.3938,-0.4047,0.8564,0.805,1.1215,14.7063,0.0219,4.1863,19.7604
ffc93_Rep2_s6.png,0.1786,0.0962,-1.0167,0.6045,0.929,1.2879,4.6106,0.0207,5.9308,42.9897
ffc93_Rep2_s7.png,0.3327,0.0185,-1.7336,0.4647,0.4025,1.5084,1.8494,0.0539,1.7381,2.3167
ffc94_Rep1_s0.png,0.1396,0.1038,-0.9837,0.4792,0.9451,1.3217,5.6843,0.0173,4.2826,23.5679
ffc94_Rep1_s1.png,0.0708,0.48,-0.3187,0.8931,0.8998,1.1306,11.7174,0.0172,3.9318,20.9584
ffc94_Rep1_s2.png,0.043,0.2612,-0.5831,0.7322,0.7896,1.1674,16.9327,0.0345,4.5323,25.35
ffc94_Rep1_s3.png,0.2329,0.1124,-0.9494,0.4811,0.8639,1.2441,3.5966,0.0132,4.4636,29.3255
ffc94_Rep1_s4.png,0.3134,0.1302,-0.8855,0.6438,0.8122,1.2468,2.7991,0.0114,3.2435,19.1559
ffc94_Rep1_s5.png,0.0708,0.3374,-0.4718,0.8178,0.8759,1.199,11.5265,0.0117,5.1632,39.2355
ffc94_Rep1_s6.png,0.0771,0.3836,-0.4162,0.866,0.8908,1.1047,10.8378,0.0141,4.0548,21.8679
ffc94_Rep1_s7.png,0.2081,0.0177,-1.7519,0.315,0.4789,1.4482,2.624,0.0728,2.0769,3.6494
ffc94_Rep2_s0.png,0.2234,0.0802,-1.096,0.4263,0.8172,1.2774,3.6691,0.0116,4.4063,26.1924
ffc94_Rep2_s1.png,0.0499,0.2193,-0.659,0.7656,0.8152,1.2374,15.1305,0.0301,4.2742,22.0445
ffc94_Rep2_s2.png,0.0083,0.499,-0.3019,0.7922,0.62,0.7874,67.8898,0.0783,0.3819,-0.8544
ffc94_Rep2_s3.png,0.0072,0.4536,-0.3433,0.7903,0.9422,0.7048,66.3674,0.0632,0.6834,-0.0274
ffc94_Rep2_s4.png,0.3056,0.0351,-1.4541,0.5501,0.5123,1.414,2.5167,0.0188,3.1174,16.341
ffc94_Rep2_s5.png,0.0601,0.3181,-0.4974,0.7908,0.8249,1.1714,13.42,0.0124,2.8674,9.6596
ffc94_Rep2_s6.png,0.0536,0.263,-0.58,0.7803,0.7928,1.2248,14.6619,0.0238,3.2277,11.8753
ffc94_Rep2_s7.png,0.2981,0.0213,-1.6708,0.4327,0.3019,1.4633,2.0799,0.0688,2.0493,3.489
ffc95_Rep1_s0.png,0.1463,0.1377,-0.8612,0.4976,0.9038,1.2461,5.5463,0.0085,2.167,6.9006
ffc95_Rep1_s1.png,0.0705,0.4278,-0.3687,0.8738,0.8429,1.162,12.1658,0.0089,2.2464,7.9589
ffc95_Rep1_s2.png,0.0551,0.371,-0.4306,0.826,0.8633,1.0921,14.9788,0.0256,1.9957,4.1351
ffc95_Rep1_s3.png,0.0583,0.1911,-0.7188,0.7442,0.8739,1.2096,13.4244,0.0317,2.6225,7.4233
ffc95_Rep1_s4.png,0.3698,0.0287,-1.5426,0.5831,0.2975,1.4638,1.9974,0.0209,2.4012,9.0768
ffc95_Rep1_s5.png,0.088,0.0997,-1.0012,0.3905,0.9035,1.2321,8.4235,0.0168,3.4432,13.8008
ffc95_Rep1_s6.png,0.0685,0.3649,-0.4378,0.8675,0.9095,1.0991,12.0548,0.0069,1.2718,2.479
ffc95_Rep1_s7.png,0.3162,0.022,-1.6579,0.4495,0.3271,1.4677,2.0086,0.0555,2.1161,3.9782
ffc95_Rep2_s0.png,0.2198,0.0938,-1.028,0.4111,0.7926,1.2588,3.7164,0.0122,4.5428,29.5223
ffc95_Rep2_s1.png,0.0538,0.3367,-0.4727,0.8476,0.8185,1.1967,14.769,0.0228,3.3496,12.8172
ffc95_Rep2_s2.png,0.0102,0.7713,-0.1128,0.9252,0.745,0.767,61.3009,0.0695,1.3283,1.1067
ffc95_Rep2_s3.png,0.0055,0.5325,-0.2737,0.7686,0.9193,0.6431,79.5353,0.0612,0.6477,-0.2594
ffc95_Rep2_s4.png,0.2293,0.0341,-1.4674,0.486,0.8399,1.4037,3.2386,0.0153,2.3711,10.9453
ffc95_Rep2_s5.png,0.0712,0.3078,-0.5118,0.8171,0.8901,1.1979,11.4186,0.0069,1.9033,6.7835
ffc95_Rep2_s6.png,0.0386,0.2284,-0.6412,0.7227,0.7317,1.191,18.9772,0.0261,2.5334,6.8154
ffc95_Rep2_s7.png,0.3037,0.0203,-1.6925,0.4353,0.3582,1.4863,2.0176,0.0599,1.8734,2.9878
ffc96_Rep1_s0.png,0.1198,0.0621,-1.2066,0.4369,0.9271,1.3248,6.1956,0.0145,4.8397,30.5191
ffc96_Rep1_s1.png,0.0767,0.5132,-0.2897,0.9062,0.8899,1.1395,10.9642,0.0175,3.4615,14.9966
ffc96_Rep1_s2.png,0.1268,0.1014,-0.9939,0.4469,0.9496,1.2732,6.079,0.0126,4.4336,29.9015
ffc96_Rep1_s3.png,0.2057,0.108,-0.9665,0.4216,0.8661,1.2387,3.978,0.0141,7.4545,98.6743
ffc96_Rep1_s4.png,0.4149,0.0449,-1.3476,0.7026,0.4811,1.4332,1.9594,0.0178,3.0914,22.3762
ffc96_Rep1_s5.png,0.0633,0.3711,-0.4305,0.8691,0.8609,1.2002,12.8184,0.0162,3.9662,22.1611
ffc96_Rep1_s6.png,0.0641,0.4784,-0.3202,0.8924,0.8746,1.112,12.9034,0.0176,3.9839,20.151
ffc96_Rep1_s7.png,0.2962,0.0199,-1.7006,0.4275,0.4166,1.4748,2.062,0.0521,1.9461,3.4163
ffc96_Rep2_s0.png,0.1865,0.1396,-0.8552,0.5481,0.9232,1.2449,4.5221,0.0143,4.4699,26.7685
ffc96_Rep2_s1.png,0.0514,0.2635,-0.5792,0.8125,0.8578,1.2153,14.8365,0.0155,2.392,6.9189
ffc96_Rep2_s2.png,0.0507,0.1657,-0.7806,0.6983,0.7881,1.2899,14.4269,0.0375,4.5873,25.0252
ffc96_Rep2_s3.png,0.1784,0.0626,-1.2037,0.3445,0.8156,1.2928,4.235,0.0098,3.9159,23.1914
ffc96_Rep2_s4.png,0.2968,0.137,-0.8634,0.604,0.7975,1.2381,2.9412,0.0094,1.8181,5.9823
ffc96_Rep2_s5.png,0.0713,0.3943,-0.4041,0.8904,0.8705,1.2086,11.6213,0.0099,3.9064,24.4351
ffc96_Rep2_s6.png,0.226,0.0977,-1.0101,0.4234,0.7745,1.2597,3.6501,0.0111,4.8522,39.0771
ffc96_Rep2_s7.png,0.3079,0.0183,-1.7385,0.4322,0.3437,1.4937,1.9581,0.0518,1.8411,3.0251
ffc97_Rep1_s0.png,0.1483,0.117,-0.9317,0.5196,0.9408,1.2473,5.4435,0.017,3.834,17.7839
ffc97_Rep1_s1.png,0.0516,0.1581,-0.8011,0.6381,0.9112,1.2508,13.4399,0.0248,3.1908,17.0786
ffc97_Rep1_s2.png,0.0097,0.8209,-0.0857,0.9326,0.5436,0.7368,64.9252,0.0634,1.4307,1.1369
ffc97_Rep1_s3.png,0.1855,0.0961,-1.0175,0.532,0.9248,1.2778,4.4217,0.0087,3.2406,17.4317
ffc97_Rep1_s4.png,0.2986,0.1197,-0.9221,0.6066,0.7944,1.245,2.9169,0.0096,2.2255,12.5754
ffc97_Rep1_s5.png,0.0588,0.4018,-0.396,0.87,0.853,1.1619,13.8594,0.0272,4.1827,20.0185
ffc97_Rep1_s6.png,0.2618,0.0984,-1.007,0.4748,0.7704,1.2514,3.2204,0.0116,5.828,50.8759
ffc97_Rep1_s7.png,0.2902,0.0195,-1.7108,0.406,0.315,1.4754,2.0803,0.0656,1.9441,3.0587
ffc97_Rep2_s0.png,0.2851,0.1305,-0.8844,0.5373,0.7795,1.2542,3.032,0.0104,4.3498,27.5953
ffc97_Rep2_s1.png,0.0253,0.3582,-0.4459,0.8036,0.9669,1.0185,26.9876,0.0064,0.7951,0.6364
ffc97_Rep2_s2.png,0.0135,0.3821,-0.4178,0.6975,0.9036,0.8285,42.4563,0.0802,1.2353,0.4462
ffc97_Rep2_s3.png,0.0835,0.1383,-0.8591,0.7224,0.925,1.2434,9.4323,0.0302,10.3948,119.4694
ffc97_Rep2_s4.png,0.3605,0.0281,-1.551,0.5783,0.5785,1.472,2.0892,0.0203,2.7809,15.1333
ffc97_Rep2_s5.png,0.0983,0.1214,-0.9159,0.3377,0.8872,1.2003,7.844,0.0111,2.2393,7.1534
ffc97_Rep2_s6.png,0.0792,0.3028,-0.5188,0.8426,0.9076,1.1556,10.473,0.0062,1.1657,2.2181
ffc97_Rep2_s7.png,0.3152,0.0243,-1.6142,0.4443,0.433,1.4591,2.0538,0.0566,2.0556,3.8516
ffc9_Rep1_s0.png,0.2648,0.0906,-1.0428,0.5148,0.8182,1.2897,3.1792,0.0141,6.0987,51.2564
ffc9_Rep1_s1.png,0.0822,0.5527,-0.2575,0.928,0.862,1.0627,10.3812,0.02,3.6222,16.3705
ffc9_Rep1_s2.png,0.134,0.081,-1.0916,0.4441,0.9406,1.3068,5.599,0.0171,4.7644,33.8889
ffc9_Rep1_s3.png,0.2398,0.1025,-0.9894,0.4705,0.8474,1.2466,3.4763,0.012,8.1053,115.5895
ffc9_Rep1_s4.png,0.2949,0.1719,-0.7648,0.6136,0.813,1.2104,2.9841,0.0128,3.9309,25.7874
ffc9_Rep1_s5.png,0.071,0.4005,-0.3974,0.8614,0.8798,1.1499,11.6251,0.015,2.5965,9.2075
ffc9_Rep1_s6.png,0.2514,0.1083,-0.9654,0.4481,0.7585,1.2583,3.339,0.0101,3.8303,24.2887
ffc9_Rep1_s7.png,0.2831,0.0219,-1.6595,0.41,0.4563,1.4615,2.1587,0.0603,2.046,3.7022
ffc9_Rep2_s0.png,0.2774,0.106,-0.9747,0.5184,0.781,1.2826,3.0756,0.0109,4.8976,36.9207
ffc9_Rep2_s1.png,0.2793,0.1224,-0.9122,0.5171,0.7885,1.2555,3.0622,0.0124,4.2013,26.2314
ffc9_Rep2_s2.png,0.2836,0.0654,-1.1846,0.4988,0.7834,1.3353,2.9199,0.0149,8.52,110.1978
ffc9_Rep2_s3.png,0.3088,0.1001,-0.9994,0.535,0.8274,1.2691,2.785,0.0109,5.0669,39.9965
ffc9_Rep2_s4.png,0.3138,0.0974,-1.0114,0.5733,0.8004,1.2868,2.7467,0.0118,2.6429,13.1328
ffc9_Rep2_s5.png,0.0727,0.3745,-0.4266,0.8701,0.8624,1.2222,11.3596,0.0077,1.5862,4.4615
ffc9_Rep2_s6.png,0.2659,0.0756,-1.1212,0.4567,0.7485,1.3051,3.1234,0.0082,3.1631,18.0291
ffc9_Rep2_s7.png,0.2548,0.0172,-1.7652,0.3686,0.5841,1.4737,2.2076,0.0734,2.4154,5.0397
