name,area_frac,circularity,shape_factor,solidity,eccentricity,fractal_dim,lacunarity,edge_std,edge_skew,edge_kurt
ffc0_Rep1.TIF,0.1802,0.0232,-1.6341,0.3556,0.8125,1.4226,3.1239,0.0787,1.6116,2.7419
ffc0_Rep2.TIF,0.3141,0.0173,-1.761,0.5231,0.6349,1.5144,2.0099,0.0633,2.0548,6.0872
ffc100_Rep1.TIF,0.3977,0.0165,-1.7817,0.6016,0.1694,1.5494,1.6791,0.0626,2.3376,7.2021
ffc100_Rep2.TIF,0.4004,0.0167,-1.7779,0.6028,0.285,1.552,1.6683,0.0659,2.1514,5.9534
ffc101_Rep1.TIF,0.4469,0.017,-1.7693,0.671,0.1951,1.5619,1.555,0.0684,1.8099,3.63
ffc101_Rep2.TIF,0.4936,0.0243,-1.6137,0.7333,0.3182,1.5267,1.5301,0.0559,2.6475,9.5658
ffc102_Rep1.TIF,0.4308,0.0219,-1.6603,0.6464,0.2044,1.521,1.6549,0.064,2.2579,6.3844
ffc102_Rep2.TIF,0.4346,0.0177,-1.7512,0.6486,0.1558,1.5485,1.6172,0.06,2.13,5.5564
ffc102_Rep3.TIF,0.4365,0.0194,-1.7129,0.6519,0.2124,1.5375,1.6235,0.0615,2.2732,6.6459
ffc102_Rep4.TIF,0.4319,0.0177,-1.7513,0.6404,0.1298,1.5521,1.6181,0.0627,2.2338,6.3491
ffc103_Rep1.TIF,0.4369,0.0192,-1.716,0.6521,0.1082,1.5429,1.6079,0.0623,2.1637,5.9889
ffc103_Rep2.TIF,0.4422,0.0202,-1.6954,0.6541,0.2277,1.5335,1.5855,0.0633,2.3158,6.9349
ffc104_Rep1.TIF,0.2224,0.0219,-1.6594,0.4842,0.4236,1.4804,2.7289,0.0633,2.3411,6.5306
ffc104_Rep2.TIF,0.4159,0.0211,-1.6755,0.633,0.2946,1.516,1.7249,0.0676,2.2589,6.202
ffc105_Rep1.TIF,0.3949,0.0175,-1.7564,0.5994,0.2417,1.5419,1.6862,0.0648,2.283,6.082
ffc105_Rep2.TIF,0.3834,0.0144,-1.8416,0.5729,0.3098,1.5566,1.6805,0.078,1.8339,3.1869
ffc106_Rep1.TIF,0.0345,0.0993,-1.0032,0.3678,0.9707,1.2091,16.4348,0.0978,0.947,0.7112
ffc106_Rep2.TIF,0.1347,0.0398,-1.3997,0.1997,0.2288,1.2918,4.4538,0.079,1.4382,2.561
ffc107_Rep1.TIF,0.0933,0.051,-1.2928,0.163,0.7254,1.2449,6.3897,0.0961,1.1416,1.1261
ffc107_Rep2.TIF,0.1277,0.0283,-1.5483,0.1903,0.2524,1.3269,4.4739,0.0848,1.2613,1.8813
ffc108_Rep1.TIF,0.1236,0.0395,-1.4034,0.1845,0.2539,1.2856,4.7289,0.088,1.5626,2.2173
ffc108_Rep2.TIF,0.1172,0.0444,-1.3522,0.1781,0.2506,1.2649,5.0878,0.09,1.1754,0.7715
ffc109_Rep1.TIF,0.016,0.1818,-0.7405,0.6577,0.9875,1.123,31.1329,0.1098,1.5093,1.7362
ffc109_Rep2.TIF,0.12,0.0398,-1.4,0.1818,0.2415,1.2831,4.977,0.0852,1.3803,1.641
ffc10_Rep1.TIF,0.1294,0.0358,-1.4464,0.1943,0.2461,1.3045,4.4194,0.0866,1.611,2.8486
ffc10_Rep2.TIF,0.2473,0.0226,-1.6461,0.3719,0.1998,1.4312,2.506,0.077,1.9747,4.2845
ffc110_Rep1.TIF,0.1476,0.0307,-1.513,0.2199,0.1967,1.3276,3.9255,0.0721,1.6344,3.0392
ffc110_Rep2.TIF,0.1282,0.0359,-1.4448,0.1908,0.2175,1.2977,4.4874,0.0795,1.5758,3.4085
ffc111_Rep1.TIF,0.1353,0.0429,-1.3672,0.2004,0.1042,1.2864,4.4111,0.0843,1.7169,3.3249
ffc111_Rep2.TIF,0.1396,0.0353,-1.4518,0.2073,0.223,1.3083,4.1779,0.0814,1.7785,3.7425
ffc112_Rep1.TIF,0.1352,0.0328,-1.4839,0.2005,0.2737,1.3219,4.2943,0.0863,1.5623,2.77
ffc112_Rep2.TIF,0.0707,0.0786,-1.1045,0.2424,0.9324,1.2392,8.5222,0.084,1.1623,0.8608
ffc113_Rep1.TIF,0.3192,0.024,-1.6193,0.5613,0.63,1.4738,2.128,0.0605,2.3949,6.9204
ffc113_Rep2.TIF,0.2038,0.0297,-1.5269,0.3039,0.3504,1.3712,3.0847,0.0759,1.8672,4.2914
ffc114_Rep1.TIF,0.4282,0.0176,-1.7542,0.6371,0.2608,1.5529,1.6319,0.0663,2.0119,4.5768
ffc114_Rep2.TIF,0.122,0.0331,-1.4798,0.1836,0.2152,1.3033,4.7959,0.0832,1.1255,1.5472
ffc115_Rep1.TIF,0.5221,0.0305,-1.5155,0.7724,0.0883,1.4977,1.5083,0.0654,2.1995,5.6452
ffc115_Rep2.TIF,0.4967,0.0255,-1.5926,0.7344,0.2322,1.5196,1.5382,0.0545,2.7965,10.3785
ffc116_Rep1.TIF,0.4638,0.0227,-1.644,0.6849,0.2347,1.5219,1.5787,0.0594,2.4564,7.8278
ffc116_Rep2.TIF,0.4608,0.0218,-1.6617,0.6825,0.2498,1.5309,1.5681,0.0606,2.4304,7.1777
ffc117_Rep1.TIF,0.2934,0.0167,-1.7771,0.4347,0.2708,1.4936,2.09,0.073,2.0143,4.6782
ffc117_Rep2.TIF,0.1362,0.0346,-1.4607,0.2033,0.2918,1.3095,4.2779,0.0756,1.5111,2.5773
ffc118_Rep1.TIF,0.2657,0.0213,-1.6714,0.4008,0.2537,1.4492,2.3818,0.0731,2.0336,4.5732
ffc118_Rep2.TIF,0.1352,0.0408,-1.3888,0.2016,0.2038,1.2909,4.4418,0.0863,1.4823,2.3289
ffc119_Rep1.TIF,0.1269,0.0403,-1.395,0.1905,0.2468,1.2924,4.6418,0.086,1.6198,2.7077
ffc119_Rep2.TIF,0.0675,0.0854,-1.0688,0.1945,0.9287,1.2033,8.8358,0.0934,1.6474,2.8116
ffc11_Rep1.TIF,0.2182,0.0305,-1.5163,0.5563,0.8213,1.4196,3.0093,0.0587,2.3899,8.4894
ffc11_Rep2.TIF,0.437,0.0192,-1.7167,0.6519,0.1435,1.5393,1.5914,0.0665,2.0737,5.3707
ffc120_Rep1.TIF,0.1114,0.0323,-1.4912,0.1913,0.7246,1.3106,5.2079,0.0866,1.1931,1.7555
ffc120_Rep2.TIF,0.4161,0.0166,-1.7786,0.6179,0.2199,1.5506,1.6368,0.0655,2.1208,5.1153
ffc121_Rep1.TIF,0.4762,0.0216,-1.6661,0.702,0.0774,1.5312,1.5727,0.0624,2.2812,6.4563
ffc121_Rep2.TIF,0.2494,0.0145,-1.8388,0.372,0.214,1.4932,2.3658,0.0798,1.6189,2.687
ffc122_Rep1.TIF,0.1625,0.028,-1.5535,0.2466,0.3406,1.3467,3.6323,0.088,1.7499,3.3866
ffc122_Rep2.TIF,0.13,0.0372,-1.429,0.1954,0.3119,1.2963,4.4763,0.0865,1.5503,2.0743
ffc123_Rep1.TIF,0.4015,0.015,-1.8225,0.5945,0.3308,1.5618,1.6566,0.0686,2.1658,5.3262
ffc123_Rep2.TIF,0.1237,0.028,-1.5522,0.1875,0.2235,1.3169,4.6232,0.0823,0.9784,1.4073
ffc124_Rep1.TIF,0.4178,0.014,-1.8553,0.6175,0.1791,1.5785,1.5986,0.0661,2.3435,6.5811
ffc124_Rep2.TIF,0.3945,0.0149,-1.8268,0.5871,0.3068,1.5613,1.6961,0.0618,2.134,4.8779
ffc125_Rep1.TIF,0.2361,0.0172,-1.7655,0.3514,0.3287,1.4648,2.4714,0.0724,1.8455,4.1777
ffc125_Rep2.TIF,0.1445,0.0307,-1.5133,0.2148,0.308,1.3402,4.1096,0.0852,1.5406,2.6686
ffc126_Rep1.TIF,0.333,0.0132,-1.8779,0.4951,0.2019,1.5462,1.8077,0.0728,1.9838,4.5673
ffc126_Rep2.TIF,0.4321,0.0199,-1.7019,0.6433,0.251,1.534,1.6149,0.0603,2.3697,7.2816
ffc127_Rep1.TIF,0.4239,0.0196,-1.7078,0.6319,0.1672,1.5321,1.6366,0.0642,2.2477,6.0955
ffc127_Rep2.TIF,0.4577,0.0202,-1.694,0.6837,0.2618,1.5399,1.5708,0.0664,2.2817,6.0627
ffc128_Rep1.TIF,0.2475,0.0203,-1.6923,0.3654,0.3534,1.4501,2.4419,0.0733,2.1127,5.181
ffc128_Rep2.TIF,0.1321,0.0377,-1.4237,0.1962,0.2441,1.3045,4.3878,0.0848,1.797,3.5317
ffc129_Rep1.TIF,0.4429,0.017,-1.7697,0.6569,0.1184,1.5625,1.5846,0.0683,2.2767,6.3122
ffc129_Rep2.TIF,0.3809,0.0148,-1.8287,0.5671,0.2588,1.5552,1.703,0.0714,2.1252,5.5107
ffc12_Rep1.TIF,0.3826,0.0176,-1.7547,0.5721,0.286,1.5336,1.7553,0.0655,2.209,5.743
ffc12_Rep2.TIF,0.4352,0.024,-1.619,0.6492,0.2721,1.5069,1.6679,0.0696,2.0059,4.5441
ffc130_Rep1.TIF,0.3994,0.0165,-1.7818,0.6033,0.3556,1.5494,1.6931,0.0669,1.9392,4.584
ffc130_Rep2.TIF,0.4624,0.0212,-1.6729,0.681,0.3257,1.5324,1.5873,0.0631,2.5418,8.0707
ffc131_Rep1.TIF,0.0973,0.0465,-1.3326,0.1674,0.7946,1.2401,6.0743,0.0833,1.4036,1.9611
ffc131_Rep2.TIF,0.134,0.0375,-1.426,0.2004,0.2791,1.2949,4.3523,0.0837,1.618,2.8283
ffc133_Rep1.TIF,0.0619,0.1038,-0.984,0.2104,0.9435,1.1653,9.9802,0.085,1.1191,1.0184
ffc133_Rep2.TIF,0.0136,0.1191,-0.9239,0.5936,0.9893,1.1648,31.4376,0.0632,1.4748,1.5981
ffc134_Rep1.TIF,0.1273,0.0417,-1.3798,0.1904,0.2281,1.2803,4.5505,0.0897,1.6438,2.5817
ffc134_Rep2.TIF,0.1314,0.043,-1.367,0.1967,0.2995,1.2894,4.5211,0.0746,1.6921,2.9701
ffc136_Rep1.TIF,0.1793,0.0293,-1.5337,0.2681,0.3048,1.3599,3.3345,0.0811,1.7412,3.1546
ffc136_Rep2.TIF,0.1327,0.0427,-1.3697,0.1993,0.1477,1.2864,4.5394,0.0851,1.3041,1.2405
ffc137_Rep1.TIF,0.1195,0.0362,-1.4418,0.1801,0.2016,1.2915,4.7574,0.0775,1.6517,2.8229
ffc137_Rep2.TIF,0.1223,0.0373,-1.4286,0.1846,0.2135,1.2948,4.7535,0.0878,1.4894,2.1572
ffc138_Rep1.TIF,0.0693,0.067,-1.1737,0.2058,0.9359,1.2422,8.5077,0.0891,1.5884,2.3353
ffc138_Rep2.TIF,0.018,0.167,-0.7773,0.6052,0.9855,1.0886,28.9089,0.0818,1.4649,1.7159
ffc13_Rep1.TIF,0.2634,0.0211,-1.6766,0.3962,0.3695,1.4438,2.3337,0.076,1.7968,3.4823
ffc13_Rep2.TIF,0.1731,0.0335,-1.475,0.4858,0.8328,1.3762,3.6005,0.07,1.9075,4.0513
ffc140_Rep1.TIF,0.1339,0.0384,-1.4154,0.1996,0.1659,1.2967,4.3679,0.0759,1.5569,2.9409
ffc140_Rep2.TIF,0.0997,0.046,-1.337,0.1687,0.7435,1.2453,5.7988,0.0828,1.7413,3.6437
ffc141_Rep1.TIF,0.1246,0.0331,-1.4797,0.1837,0.3054,1.3051,4.5299,0.0836,1.4722,2.4142
ffc141_Rep2.TIF,0.1258,0.0395,-1.4031,0.1891,0.2331,1.2815,4.6467,0.0822,1.3663,1.5611
ffc142_Rep1.TIF,0.3791,0.018,-1.7454,0.566,0.4069,1.531,1.7504,0.064,2.0943,5.5129
ffc142_Rep2.TIF,0.4169,0.018,-1.7439,0.6208,0.2531,1.5455,1.6396,0.0659,2.2219,5.8212
ffc143_Rep1.TIF,0.0139,0.2075,-0.683,0.6529,0.9826,1.0873,36.052,0.0944,1.1007,0.8945
ffc143_Rep2.TIF,0.1185,0.0427,-1.37,0.1791,0.1212,1.2705,4.9876,0.0881,1.386,1.6441
ffc144_Rep1.TIF,0.1293,0.0365,-1.4375,0.1937,0.2477,1.2912,4.4349,0.0826,1.5076,2.1463
ffc144_Rep2.TIF,0.1298,0.0369,-1.433,0.1957,0.2869,1.3086,4.5474,0.0868,1.4126,1.6795
ffc145_Rep1.TIF,0.1235,0.0401,-1.3969,0.1866,0.2866,1.2804,4.7085,0.0901,1.3239,1.2943
ffc145_Rep2.TIF,0.1251,0.0384,-1.4155,0.1878,0.1433,1.2851,4.5844,0.0848,1.8869,3.8265
ffc146_Rep1.TIF,0.4839,0.0272,-1.565,0.7214,0.2939,1.507,1.569,0.0598,2.3073,6.3292
ffc146_Rep2.TIF,0.4409,0.0214,-1.6704,0.6617,0.3332,1.524,1.6454,0.0606,2.0947,5.2542
ffc147_Rep1.TIF,0.2214,0.0229,-1.641,0.3305,0.2253,1.4148,2.7157,0.074,2.0512,5.1677
ffc147_Rep2.TIF,0.2576,0.0298,-1.5255,0.5485,0.6013,1.4214,2.6157,0.0543,2.6876,9.8387
ffc148_Rep1.TIF,0.1136,0.0358,-1.4466,0.1704,0.226,1.2892,4.9136,0.08,1.7636,3.2985
ffc148_Rep2.TIF,0.1267,0.0412,-1.3849,0.189,0.1172,1.28,4.6316,0.0856,1.7877,3.4442
ffc149_Rep1.TIF,0.0133,0.2074,-0.6831,0.7596,0.9818,1.0659,38.2482,0.0926,0.6493,-0.5925
ffc149_Rep2.TIF,0.0632,0.0832,-1.0801,0.1789,0.9374,1.2091,9.5075,0.0832,1.0594,0.4237
ffc14_Rep1.TIF,0.4886,0.0266,-1.5751,0.7288,0.3099,1.5089,1.5518,0.0542,2.3944,7.2132
ffc14_Rep2.TIF,0.4565,0.0238,-1.6243,0.6876,0.4463,1.5176,1.6274,0.0576,2.4565,7.4051
ffc14_Rep3.TIF,0.4809,0.0244,-1.6129,0.723,0.209,1.5233,1.579,0.065,2.1748,5.5789
ffc14_Rep4.TIF,0.471,0.0217,-1.6626,0.7052,0.3126,1.5298,1.5796,0.0656,2.2828,6.2425
ffc150_Rep1.TIF,0.1242,0.0359,-1.4443,0.1872,0.2965,1.296,4.65,0.0834,1.4343,1.907
ffc150_Rep2.TIF,0.1221,0.0411,-1.3866,0.185,0.235,1.2778,4.7909,0.0795,1.0932,0.7084
ffc151_Rep1.TIF,0.1183,0.0392,-1.407,0.179,0.1194,1.2795,4.8071,0.0766,1.3191,1.6998
ffc151_Rep2.TIF,0.1227,0.0408,-1.3897,0.1852,0.0911,1.2817,4.7375,0.0899,1.3379,1.3486
ffc152_Rep1.TIF,0.3244,0.0195,-1.7095,0.482,0.312,1.4898,1.9774,0.0678,2.3121,6.1969
ffc152_Rep2.TIF,0.33,0.0204,-1.6907,0.4892,0.3573,1.4955,2.0108,0.0689,2.0997,5.0844
ffc153_Rep1.TIF,0.122,0.0359,-1.4452,0.184,0.2405,1.2996,4.6757,0.0889,1.5207,2.0876
ffc153_Rep2.TIF,0.1272,0.0387,-1.412,0.1925,0.2217,1.2858,4.6212,0.0878,1.101,0.6276
ffc154_Rep1.TIF,0.2471,0.0199,-1.7017,0.37,0.469,1.4479,2.482,0.0772,1.805,3.6856
ffc154_Rep2.TIF,0.1362,0.0417,-1.3803,0.2042,0.2899,1.2886,4.4625,0.088,1.4525,2.1602
ffc155_Rep1.TIF,0.0141,0.1864,-0.7297,0.687,0.9901,1.1016,32.2625,0.082,1.8369,3.6693
ffc155_Rep2.TIF,0.1241,0.0399,-1.3988,0.1858,0.16,1.2845,4.6959,0.0823,1.7406,3.3382
ffc156_Rep1.TIF,0.3885,0.0165,-1.7821,0.5926,0.1838,1.5493,1.6905,0.0717,1.8859,4.095
ffc156_Rep2.TIF,0.4617,0.0198,-1.704,0.689,0.1646,1.5464,1.5709,0.0607,2.2894,7.0649
ffc157_Rep1.TIF,0.309,0.0201,-1.6972,0.4615,0.3158,1.4808,2.1144,0.0718,1.8253,3.4671
ffc157_Rep2.TIF,0.3937,0.0206,-1.6852,0.5841,0.3063,1.5112,1.7657,0.0777,1.8528,3.4699
ffc158_Rep1.TIF,0.1331,0.0398,-1.4005,0.199,0.2285,1.2971,4.4886,0.0875,1.6207,2.7184
ffc158_Rep2.TIF,0.1312,0.0388,-1.4107,0.1955,0.0589,1.2995,4.4511,0.0885,1.603,2.6569
ffc159_Rep1.TIF,0.1287,0.0419,-1.3775,0.1936,0.2195,1.2844,4.6603,0.0872,1.5409,2.3981
ffc159_Rep2.TIF,0.1271,0.0423,-1.3736,0.1901,0.2593,1.2798,4.7046,0.0866,1.6055,2.6844
ffc15_Rep1.TIF,0.4909,0.0242,-1.616,0.728,0.2417,1.5299,1.5358,0.0588,2.5429,8.4448
ffc15_Rep2.TIF,0.4844,0.0224,-1.6492,0.723,0.1885,1.5351,1.5389,0.0655,2.4006,7.2426
ffc160_Rep1.TIF,0.1196,0.0489,-1.3104,0.1806,0.3014,1.2583,5.0487,0.0914,1.4607,1.5802
ffc160_Rep2.TIF,0.0908,0.0649,-1.1878,0.1596,0.768,1.2175,6.7369,0.0905,1.3791,1.7069
ffc161_Rep1.TIF,0.0169,0.2503,-0.6015,0.7159,0.9837,1.1,32.2739,0.0975,0.8317,-0.2325
ffc161_Rep2.TIF,0.4159,0.0199,-1.7014,0.6185,0.1497,1.5268,1.6552,0.0657,2.3665,6.785
ffc162_Rep1.TIF,0.133,0.0357,-1.4471,0.1977,0.199,1.3085,4.3875,0.0761,1.4641,2.9036
ffc162_Rep2.TIF,0.0632,0.103,-0.987,0.2403,0.9423,1.1863,9.6933,0.0853,1.7161,3.0201
ffc164_Rep1.TIF,0.4023,0.0167,-1.7776,0.6004,0.2141,1.547,1.6698,0.0685,2.1899,5.5669
ffc164_Rep2.TIF,0.4584,0.0203,-1.6931,0.6767,0.129,1.5387,1.5599,0.07,2.2288,5.8718
ffc165_Rep1.TIF,0.4665,0.0205,-1.6878,0.6942,0.3467,1.5406,1.5783,0.0635,2.0585,4.8501
ffc165_Rep2.TIF,0.4305,0.0196,-1.7088,0.647,0.4454,1.5464,1.639,0.0693,2.211,5.5054
ffc166_Rep1.TIF,0.4028,0.0173,-1.7622,0.6017,0.3194,1.5366,1.6767,0.0654,1.8428,3.3199
ffc166_Rep2.TIF,0.3699,0.0188,-1.7268,0.5429,0.348,1.5165,1.8308,0.0681,2.1083,5.5058
ffc167_Rep1.TIF,0.1314,0.0388,-1.4112,0.1949,0.1808,1.291,4.5285,0.0817,1.6963,3.4546
ffc167_Rep2.TIF,0.1276,0.037,-1.4316,0.1897,0.235,1.2926,4.4813,0.0851,2.0353,4.6332
ffc168_Rep1.TIF,0.1303,0.0382,-1.4176,0.194,0.229,1.2952,4.4178,0.0825,1.7804,3.4749
ffc168_Rep2.TIF,0.1293,0.042,-1.3765,0.1922,0.2515,1.2786,4.6095,0.0799,1.6721,3.0806
ffc169_Rep1.TIF,0.1393,0.029,-1.5369,0.212,0.1472,1.3365,4.1356,0.0926,1.3038,1.08
ffc169_Rep2.TIF,0.1218,0.0393,-1.4059,0.185,0.1409,1.2849,4.8337,0.0856,1.4014,1.6277
ffc16_Rep1.TIF,0.3488,0.0182,-1.7392,0.5192,0.2327,1.5099,1.8754,0.0745,1.9685,4.3599
ffc16_Rep2.TIF,0.3874,0.0181,-1.7426,0.5766,0.1733,1.5299,1.7227,0.0727,2.0733,4.8862
ffc170_Rep1.TIF,0.2347,0.0196,-1.7087,0.3502,0.469,1.4447,2.5997,0.0693,2.0949,5.4501
ffc170_Rep2.TIF,0.1406,0.0411,-1.3862,0.2122,0.3054,1.2915,4.3951,0.0775,1.7883,3.5985
ffc171_Rep1.TIF,0.126,0.0376,-1.4252,0.187,0.2393,1.2979,4.4927,0.0812,2.0159,4.6505
ffc171_Rep2.TIF,0.0128,0.0771,-1.1127,0.1805,0.9781,1.1139,21.4769,0.0314,1.9844,4.8669
ffc173_Rep1.TIF,0.3217,0.0206,-1.6867,0.5613,0.6704,1.4887,2.0551,0.0675,2.4113,7.3598
ffc173_Rep2.TIF,0.423,0.023,-1.6377,0.6305,0.371,1.5057,1.7077,0.062,2.5973,8.6339
ffc174_Rep1.TIF,0.4145,0.0161,-1.7934,0.6155,0.2334,1.5583,1.6324,0.0653,2.254,6.1183
ffc174_Rep2.TIF,0.4341,0.0168,-1.7739,0.6471,0.2205,1.5555,1.6113,0.059,2.4705,7.2357
ffc175_Rep1.TIF,0.3632,0.0153,-1.815,0.5379,0.2261,1.5382,1.7772,0.0663,2.1688,5.6467
ffc175_Rep2.TIF,0.132,0.0364,-1.4385,0.1956,0.2301,1.3078,4.44,0.081,1.4596,2.322
ffc176_Rep1.TIF,0.2829,0.0185,-1.7323,0.4925,0.7223,1.4922,2.2221,0.0688,2.2942,6.4114
ffc176_Rep2.TIF,0.368,0.0159,-1.7995,0.5497,0.4261,1.5443,1.7512,0.0701,2.1301,5.3657
ffc177_Rep1.TIF,0.327,0.0157,-1.8047,0.4911,0.4159,1.5224,1.8684,0.0764,1.8811,3.6724
ffc177_Rep2.TIF,0.3301,0.0159,-1.7999,0.4869,0.3107,1.5219,1.831,0.0688,2.2376,6.1622
ffc177_Rep3.TIF,0.2998,0.0164,-1.7843,0.4427,0.3888,1.5037,1.9747,0.0748,1.9877,4.3958
ffc177_Rep4.TIF,0.2603,0.0192,-1.7163,0.3826,0.4624,1.4624,2.291,0.0706,2.3533,7.035
ffc178_Rep1.TIF,0.3613,0.0176,-1.7544,0.5379,0.3395,1.5283,1.7804,0.0657,2.273,6.6934
ffc178_Rep2.TIF,0.3358,0.0166,-1.7798,0.5106,0.3659,1.5231,1.8857,0.0701,1.9661,4.8758
ffc178_Rep3.TIF,0.3852,0.0183,-1.7378,0.5794,0.3039,1.528,1.7091,0.0675,2.0546,4.68
ffc178_Rep4.TIF,0.3807,0.0153,-1.8141,0.5604,0.335,1.5528,1.671,0.0605,2.4196,7.9287
ffc179_Rep1.TIF,0.2618,0.0256,-1.5921,0.6102,0.6567,1.4579,2.5933,0.0558,2.6381,9.0143
ffc179_Rep2.TIF,0.3996,0.0165,-1.7836,0.5993,0.1826,1.5538,1.6866,0.065,2.4592,7.3787
ffc17_Rep1.TIF,0.3521,0.0146,-1.8347,0.5386,0.4132,1.554,1.797,0.0686,1.9079,4.2862
ffc17_Rep2.TIF,0.4519,0.0224,-1.6503,0.6779,0.134,1.5256,1.6038,0.0615,2.1254,5.7256
ffc180_Rep1.TIF,0.1902,0.028,-1.5529,0.5783,0.7904,1.4454,3.3366,0.0657,2.0494,5.102
ffc180_Rep2.TIF,0.4457,0.0204,-1.6898,0.6598,0.2873,1.5339,1.6058,0.0662,2.253,6.1045
ffc181_Rep1.TIF,0.4939,0.0304,-1.5169,0.73,0.2634,1.489,1.5721,0.0573,2.4124,7.6367
ffc181_Rep2.TIF,0.4715,0.0256,-1.5919,0.6975,0.3427,1.5099,1.5984,0.0603,2.262,6.5414
ffc182_Rep1.TIF,0.2336,0.0224,-1.6505,0.358,0.3985,1.4354,2.6436,0.0887,1.4345,1.5439
ffc182_Rep2.TIF,0.1786,0.0317,-1.4984,0.4553,0.8212,1.3918,3.5904,0.0645,2.4398,7.2529
ffc182_Rep3.TIF,0.3385,0.0165,-1.7838,0.4991,0.2078,1.5277,1.8419,0.0656,2.0913,5.3571
ffc182_Rep4.TIF,0.3779,0.0176,-1.7533,0.5644,0.293,1.5315,1.7196,0.0717,2.1231,5.5338
ffc182_Rep5.TIF,0.1417,0.0203,-1.6932,0.2654,0.7269,1.4026,3.6397,0.0792,1.9154,4.5
ffc182_Rep6.TIF,0.2736,0.0218,-1.6619,0.4073,0.3777,1.4492,2.2923,0.0754,2.0974,5.4732
ffc183_Rep1.TIF,0.3943,0.0177,-1.7532,0.5962,0.2692,1.5412,1.6925,0.0721,2.0637,5.3123
ffc183_Rep2.TIF,0.4003,0.0198,-1.7037,0.6071,0.2207,1.5246,1.7119,0.0646,2.2879,6.8029
ffc184_Rep1.TIF,0.3809,0.0151,-1.8206,0.5745,0.2927,1.5572,1.708,0.0686,2.0432,5.2888
ffc184_Rep2.TIF,0.4675,0.0221,-1.6561,0.6933,0.2008,1.5289,1.5644,0.0597,2.0824,5.2339
ffc185_Rep1.TIF,0.4228,0.0192,-1.7177,0.6326,0.19,1.5365,1.6249,0.067,2.0627,5.2344
ffc185_Rep2.TIF,0.2056,0.0294,-1.5311,0.3526,0.7437,1.4049,3.0161,0.0773,1.7774,3.6907
ffc185_Rep3.TIF,0.4338,0.0174,-1.759,0.6443,0.1475,1.5541,1.5572,0.0612,2.4564,8.5444
ffc185_Rep4.TIF,0.4343,0.0201,-1.6959,0.647,0.2788,1.5307,1.6275,0.0663,2.1961,6.084
ffc186_Rep1.TIF,0.4431,0.0199,-1.7002,0.6644,0.2489,1.536,1.602,0.064,2.2703,6.6807
ffc186_Rep2.TIF,0.1005,0.0456,-1.3411,0.3764,0.9256,1.3417,5.7591,0.0763,1.2234,0.9402
ffc186_Rep3.TIF,0.2307,0.0319,-1.4967,0.5787,0.6775,1.4294,2.8617,0.0575,2.2157,6.8275
ffc186_Rep4.TIF,0.4405,0.0222,-1.6539,0.6556,0.3153,1.5214,1.6421,0.0628,2.3898,8.3271
ffc187_Rep1.TIF,0.3091,0.0188,-1.7264,0.53,0.7233,1.5115,2.1159,0.0657,1.8371,4.3644
ffc187_Rep2.TIF,0.4666,0.0216,-1.6658,0.6922,0.234,1.5301,1.579,0.0615,2.4138,7.6019
ffc188_Rep1.TIF,0.3838,0.0158,-1.8013,0.5856,0.2949,1.5485,1.7218,0.0789,1.7942,3.5169
ffc188_Rep2.TIF,0.0939,0.0396,-1.402,0.4168,0.9267,1.3686,5.8326,0.0718,1.5826,2.5605
ffc188_Rep3.TIF,0.4462,0.0227,-1.6449,0.6742,0.3162,1.5213,1.6367,0.0623,2.2345,6.6215
ffc188_Rep4.TIF,0.4489,0.02,-1.6987,0.6685,0.2494,1.5409,1.5926,0.0713,2.0287,5.309
ffc189_Rep1.TIF,0.4669,0.0231,-1.6362,0.698,0.2863,1.5242,1.5801,0.066,2.2398,6.3469
ffc189_Rep2.TIF,0.4636,0.0235,-1.6286,0.6919,0.2537,1.5182,1.5947,0.0623,2.2468,7.0043
ffc189_Rep3.TIF,0.4635,0.0215,-1.6666,0.6884,0.2427,1.5319,1.5806,0.065,2.1495,5.6283
ffc189_Rep4.TIF,0.4583,0.0239,-1.6224,0.6829,0.2651,1.515,1.6037,0.0678,2.1262,5.5006
ffc18_Rep1.TIF,0.481,0.0234,-1.6311,0.7156,0.3711,1.526,1.5754,0.0641,2.3039,6.5832
ffc18_Rep2.TIF,0.48,0.0256,-1.5914,0.7135,0.36,1.5152,1.575,0.0606,2.8318,10.5932
ffc190_Rep1.TIF,0.3904,0.0167,-1.7781,0.5794,0.2653,1.5409,1.678,0.0658,1.9576,4.6072
ffc190_Rep2.TIF,0.3626,0.0156,-1.8069,0.5382,0.2526,1.5421,1.7101,0.0679,2.171,5.9238
ffc190_Rep3.TIF,0.3737,0.0163,-1.7889,0.56,0.2326,1.5394,1.7036,0.0694,2.1162,5.9101
ffc190_Rep4.TIF,0.1208,0.0344,-1.4639,0.3954,0.8818,1.4066,4.6451,0.0798,2.03,4.8861
ffc191_Rep1.TIF,0.4312,0.0169,-1.7711,0.6389,0.2734,1.556,1.5894,0.0624,2.1961,6.3701
ffc191_Rep2.TIF,0.2599,0.0206,-1.6856,0.4723,0.7039,1.4819,2.3616,0.0737,2.0976,5.6519
ffc191_Rep3.TIF,0.4061,0.0187,-1.728,0.6117,0.1588,1.5366,1.6762,0.0641,2.1601,6.3912
ffc191_Rep4.TIF,0.2662,0.0206,-1.6869,0.5173,0.7616,1.4968,2.3521,0.0639,1.89,5.1399
ffc192_Rep1.TIF,0.3331,0.0171,-1.7659,0.4995,0.2648,1.5192,1.8755,0.078,1.5889,2.6773
ffc192_Rep2.TIF,0.2791,0.0221,-1.6556,0.4122,0.3685,1.4547,2.2482,0.0741,2.0207,4.9351
ffc192_Rep3.TIF,0.3605,0.0166,-1.7796,0.5384,0.208,1.5352,1.7691,0.0729,1.8926,4.4968
ffc192_Rep4.TIF,0.0617,0.0394,-1.4041,0.328,0.8033,1.3565,8.6864,0.073,1.9132,4.0622
ffc193_Rep1.TIF,0.4649,0.0258,-1.5883,0.6966,0.2439,1.5059,1.6116,0.0567,2.2788,6.9212
ffc193_Rep2.TIF,0.4774,0.0257,-1.5905,0.7058,0.0748,1.5116,1.5803,0.0616,2.4312,7.7612
ffc194_Rep1.TIF,0.4978,0.0295,-1.5303,0.7434,0.2468,1.4956,1.5651,0.0582,2.3216,7.0539
ffc194_Rep2.TIF,0.4868,0.0256,-1.5918,0.724,0.2403,1.5136,1.5677,0.0603,2.1485,5.5891
ffc19_Rep1.TIF,0.3359,0.0181,-1.7418,0.497,0.4034,1.5108,1.8874,0.0685,2.0346,4.8449
ffc19_Rep2.TIF,0.1366,0.0368,-1.4338,0.2024,0.2293,1.3039,4.2564,0.084,1.7368,3.2947
ffc1_Rep1.TIF,0.3637,0.0127,-1.8973,0.5435,0.2889,1.5749,1.6885,0.0637,2.2346,6.732
ffc1_Rep2.TIF,0.2637,0.0243,-1.6149,0.5026,0.8137,1.4713,2.4791,0.0723,1.9533,4.4154
ffc20_Rep1.TIF,0.5097,0.0235,-1.6288,0.7537,0.1958,1.5307,1.5058,0.0587,2.5545,8.3582
ffc20_Rep2.TIF,0.5011,0.0289,-1.5398,0.7437,0.2639,1.4972,1.5682,0.0582,2.3033,6.3126
ffc21_Rep1.TIF,0.163,0.0318,-1.4973,0.2427,0.4276,1.327,3.8177,0.0867,1.2709,1.3426
ffc21_Rep2.TIF,0.1248,0.0353,-1.4524,0.1861,0.3425,1.3013,4.7306,0.0836,1.4232,2.5608
ffc22_Rep1.TIF,0.0768,0.0498,-1.3032,0.2272,0.9215,1.2854,7.5998,0.0858,1.4633,2.7841
ffc22_Rep2.TIF,0.1241,0.0417,-1.3797,0.1873,0.3748,1.2741,4.7505,0.0885,1.3923,1.7397
ffc23_Rep1.TIF,0.4328,0.0146,-1.8353,0.6381,0.2057,1.5767,1.5598,0.0661,2.3494,6.5544
ffc23_Rep2.TIF,0.0338,0.1281,-0.8925,0.4763,0.9612,1.2167,17.6766,0.091,1.0655,0.8918
ffc24_Rep1.TIF,0.4328,0.0208,-1.6813,0.6535,0.3458,1.5284,1.6376,0.0645,2.0021,4.7521
ffc24_Rep2.TIF,0.4222,0.0211,-1.6756,0.6294,0.2922,1.5229,1.6634,0.066,2.2584,6.4831
ffc25_Rep1.TIF,0.423,0.019,-1.7206,0.6269,0.3637,1.5384,1.6394,0.0651,2.4046,7.2975
ffc25_Rep2.TIF,0.4533,0.0235,-1.6282,0.6706,0.3938,1.5125,1.6295,0.0671,2.0743,4.7763
ffc26_Rep1.TIF,0.0796,0.0584,-1.2337,0.1576,0.8435,1.2662,7.1844,0.0795,1.6965,3.2409
ffc26_Rep2.TIF,0.0634,0.0675,-1.1706,0.1969,0.9304,1.2281,8.9451,0.0804,1.7364,3.7323
ffc27_Rep1.TIF,0.0883,0.0563,-1.2497,0.1601,0.8096,1.2335,6.5982,0.0858,1.1946,1.2497
ffc27_Rep2.TIF,0.4639,0.021,-1.6784,0.6826,0.3233,1.5301,1.5845,0.0609,2.5322,8.2398
ffc28_Rep1.TIF,0.5011,0.0244,-1.6134,0.7392,0.1689,1.5279,1.5195,0.0583,2.5086,8.2219
ffc28_Rep2.TIF,0.517,0.0319,-1.4962,0.7649,0.2059,1.4906,1.5299,0.0588,2.5095,7.7746
ffc29_Rep1.TIF,0.1176,0.0382,-1.4184,0.176,0.1746,1.2812,4.7983,0.0855,1.8904,3.8577
ffc29_Rep2.TIF,0.0856,0.0479,-1.3197,0.1464,0.771,1.2297,6.5078,0.0929,1.6403,2.7045
ffc2_Rep1.TIF,0.1201,0.0373,-1.4287,0.1802,0.2296,1.2897,4.7562,0.0911,1.4834,1.9228
ffc2_Rep2.TIF,0.1362,0.0383,-1.4172,0.2033,0.2819,1.2966,4.353,0.0813,1.8546,3.9393
ffc30_Rep1.TIF,0.4287,0.0172,-1.7639,0.6494,0.0726,1.5497,1.6293,0.0556,2.2037,6.8254
ffc30_Rep2.TIF,0.4758,0.0216,-1.6662,0.7091,0.2231,1.5347,1.5558,0.0544,2.8094,11.1288
ffc31_Rep1.TIF,0.0614,0.0728,-1.138,0.2221,0.9416,1.2235,9.625,0.0812,1.1369,1.7559
ffc31_Rep2.TIF,0.3198,0.0125,-1.9036,0.472,0.2088,1.5515,1.8502,0.0693,2.2195,5.8362
ffc32_Rep1.TIF,0.4036,0.0145,-1.8383,0.598,0.0669,1.5654,1.6852,0.0652,2.3398,6.5488
ffc32_Rep2.TIF,0.3484,0.0153,-1.8159,0.5151,0.2131,1.5366,1.8625,0.0658,2.2464,5.7064
ffc33_Rep1.TIF,0.1231,0.0305,-1.5164,0.4238,0.9225,1.4249,4.8281,0.0661,2.1568,6.0178
ffc33_Rep2.TIF,0.1661,0.0258,-1.5882,0.2457,0.2147,1.3718,3.5409,0.0783,1.6944,3.7064
ffc34_Rep1.TIF,0.4006,0.0167,-1.778,0.5979,0.2666,1.5456,1.7125,0.0675,2.225,5.4541
ffc34_Rep2.TIF,0.4486,0.0182,-1.7407,0.6654,0.2721,1.553,1.5809,0.0608,2.4402,7.3792
ffc35_Rep1.TIF,0.3909,0.0189,-1.7241,0.5871,0.3412,1.5287,1.7113,0.0683,2.1788,5.6262
ffc35_Rep2.TIF,0.4115,0.0167,-1.7782,0.6144,0.2055,1.5558,1.6304,0.0688,2.1044,5.2628
ffc36_Rep1.TIF,0.4296,0.0219,-1.66,0.655,0.2956,1.5197,1.6693,0.0613,2.164,5.4039
ffc36_Rep2.TIF,0.4832,0.021,-1.678,0.719,0.2733,1.5403,1.5306,0.0581,2.4328,7.5541
ffc37_Rep1.TIF,0.4828,0.025,-1.6014,0.7187,0.1765,1.5153,1.5646,0.0555,2.5685,8.067
ffc37_Rep2.TIF,0.2832,0.0168,-1.774,0.5045,0.7339,1.5226,2.2406,0.0616,2.3496,6.4819
ffc38_Rep1.TIF,0.4243,0.0185,-1.7333,0.6335,0.1878,1.5407,1.6476,0.0706,2.0706,4.7849
ffc38_Rep2.TIF,0.4912,0.0257,-1.5907,0.7246,0.2446,1.5126,1.5541,0.0597,2.5328,8.3586
ffc39_Rep1.TIF,0.0642,0.083,-1.0811,0.2062,0.9341,1.2058,9.2158,0.0702,1.4656,2.0075
ffc39_Rep2.TIF,0.1267,0.0339,-1.4703,0.1884,0.272,1.3056,4.5539,0.0826,1.412,1.999
ffc3_Rep1.TIF,0.0918,0.0478,-1.3203,0.1545,0.7296,1.2389,6.4409,0.0863,1.1051,1.1378
ffc3_Rep2.TIF,0.3353,0.019,-1.7202,0.4999,0.4341,1.5021,2.0125,0.0682,2.1969,5.9051
ffc40_Rep1.TIF,0.4423,0.0195,-1.7109,0.6568,0.2377,1.5388,1.6363,0.0697,2.5082,7.2549
ffc40_Rep2.TIF,0.4518,0.0221,-1.6552,0.6727,0.4411,1.5235,1.6282,0.0626,2.6833,9.0742
ffc41_Rep1.TIF,0.4295,0.0166,-1.7794,0.6424,0.2111,1.5597,1.5952,0.0642,2.0105,4.8672
ffc41_Rep2.TIF,0.471,0.025,-1.6028,0.7035,0.2587,1.5157,1.5887,0.0567,2.6714,9.2946
ffc42_Rep1.TIF,0.2679,0.0168,-1.775,0.3956,0.3063,1.4939,2.265,0.0741,2.2119,5.5153
ffc42_Rep2.TIF,0.1278,0.0374,-1.4272,0.191,0.0685,1.298,4.4912,0.0855,1.3351,2.2034
ffc43_Rep1.TIF,0.4563,0.0198,-1.7042,0.6788,0.2503,1.5459,1.5613,0.0558,2.6728,9.3322
ffc43_Rep2.TIF,0.4796,0.0212,-1.6737,0.7078,0.3024,1.5426,1.5354,0.0572,2.7757,10.3035
ffc44_Rep1.TIF,0.4627,0.0267,-1.5742,0.6866,0.3237,1.5019,1.6255,0.0633,2.4482,7.4187
ffc44_Rep2.TIF,0.4361,0.0225,-1.6487,0.6463,0.3182,1.5205,1.6556,0.0574,2.3954,7.7957
ffc45_Rep1.TIF,0.4651,0.0224,-1.6495,0.6942,0.13,1.5255,1.5717,0.067,2.1294,5.3618
ffc45_Rep2.TIF,0.4939,0.0261,-1.5842,0.7355,0.3263,1.5146,1.5529,0.0618,2.301,6.4136
ffc46_Rep1.TIF,0.1377,0.0367,-1.4349,0.2048,0.3352,1.2921,4.272,0.0809,1.4925,2.4908
ffc46_Rep2.TIF,0.1403,0.0352,-1.4531,0.2089,0.2405,1.3124,4.2239,0.084,1.5758,3.0594
ffc47_Rep1.TIF,0.1331,0.0361,-1.4427,0.1992,0.2253,1.2971,4.4341,0.0922,1.4784,2.1665
ffc47_Rep2.TIF,0.0145,0.2527,-0.5975,0.7096,0.981,1.0654,37.3294,0.0701,0.5439,0.0563
ffc48_Rep1.TIF,0.1404,0.0418,-1.3793,0.2077,0.2168,1.2864,4.2672,0.0862,1.6137,2.6008
ffc48_Rep2.TIF,0.1359,0.0404,-1.3938,0.2039,0.3283,1.2933,4.3756,0.0903,1.6294,2.6544
ffc49_Rep1.TIF,0.4379,0.0191,-1.7196,0.6484,0.2085,1.5419,1.6174,0.0628,2.2708,6.2676
ffc49_Rep2.TIF,0.2616,0.0253,-1.5975,0.5542,0.5744,1.4538,2.5297,0.0598,2.246,6.1162
ffc4_Rep1.TIF,0.4499,0.0172,-1.7647,0.6645,0.2961,1.5599,1.5749,0.0694,2.2315,6.12
ffc4_Rep2.TIF,0.4654,0.0184,-1.7347,0.6907,0.212,1.5549,1.5538,0.0624,2.2038,5.8689
ffc50_Rep1.TIF,0.1265,0.0371,-1.4302,0.1897,0.1833,1.2991,4.5728,0.0895,1.5527,2.4315
ffc50_Rep2.TIF,0.1298,0.0388,-1.4111,0.1942,0.1788,1.2974,4.5172,0.0907,1.5321,2.0629
ffc51_Rep1.TIF,0.1277,0.0379,-1.4214,0.1907,0.2215,1.3,4.5725,0.0782,1.7109,3.2734
ffc51_Rep2.TIF,0.0912,0.0547,-1.2617,0.1584,0.7611,1.2138,6.4534,0.0829,1.7518,3.1389
ffc52_Rep1.TIF,0.1324,0.0281,-1.5508,0.1992,0.2245,1.3203,4.3275,0.081,1.3434,2.4279
ffc52_Rep2.TIF,0.445,0.0237,-1.6258,0.6589,0.4179,1.5092,1.6262,0.0618,2.302,7.0228
ffc53_Rep1.TIF,0.4818,0.0209,-1.6806,0.7135,0.1688,1.5385,1.5366,0.0618,2.3132,7.0852
ffc53_Rep2.TIF,0.4535,0.0191,-1.7199,0.6754,0.2658,1.5514,1.5873,0.0606,2.2929,7.3383
ffc54_Rep1.TIF,0.4073,0.0184,-1.7353,0.6156,0.1471,1.5368,1.7133,0.0617,2.3102,6.3563
ffc54_Rep2.TIF,0.2882,0.0202,-1.6948,0.4397,0.2912,1.4708,2.2271,0.0789,1.921,3.7556
ffc55_Rep1.TIF,0.1569,0.0327,-1.4859,0.2333,0.3561,1.3416,3.837,0.0832,1.4283,2.0888
ffc55_Rep2.TIF,0.2938,0.0241,-1.6174,0.4368,0.2742,1.4494,2.2182,0.0788,1.9286,4.016
ffc56_Rep1.TIF,0.1839,0.0239,-1.622,0.2732,0.3041,1.3939,3.1656,0.0778,1.7791,3.6744
ffc56_Rep2.TIF,0.1325,0.039,-1.4086,0.1971,0.2102,1.293,4.4963,0.0812,1.6819,3.3925
ffc57_Rep1.TIF,0.106,0.0366,-1.436,0.3017,0.8987,1.3489,5.507,0.0754,1.5422,2.6153
ffc57_Rep2.TIF,0.4033,0.015,-1.8232,0.603,0.2395,1.5606,1.6326,0.0626,2.4959,7.4073
ffc58_Rep1.TIF,0.2506,0.0227,-1.6446,0.3708,0.3678,1.4446,2.4629,0.0748,2.0887,5.0383
ffc58_Rep2.TIF,0.2083,0.0217,-1.6629,0.3134,0.4187,1.4163,2.8123,0.0823,1.7359,3.0702
ffc59_Rep1.TIF,0.4727,0.0219,-1.66,0.6976,0.2091,1.531,1.5649,0.0612,2.3159,6.671
ffc59_Rep2.TIF,0.1385,0.0274,-1.5616,0.2057,0.2297,1.3435,4.2463,0.0796,1.1484,1.8976
ffc5_Rep1.TIF,0.4806,0.0228,-1.6421,0.7115,0.2465,1.5275,1.5573,0.059,2.0725,4.9019
ffc5_Rep2.TIF,0.4922,0.0247,-1.6069,0.7255,0.2293,1.5183,1.5411,0.0614,2.3174,6.8848
ffc60_Rep1.TIF,0.1199,0.0446,-1.3508,0.1822,0.1966,1.2736,4.9168,0.0755,1.1038,0.965
ffc60_Rep2.TIF,0.126,0.039,-1.4086,0.1901,0.2474,1.2878,4.6043,0.0799,1.5048,2.1241
ffc61_Rep1.TIF,0.125,0.0306,-1.5143,0.1878,0.2754,1.3161,4.5094,0.0802,1.8179,3.7963
ffc61_Rep2.TIF,0.1258,0.0387,-1.412,0.1901,0.2893,1.297,4.6845,0.0915,1.5555,2.426
ffc62_Rep1.TIF,0.1809,0.0272,-1.5649,0.2711,0.4283,1.3721,3.2613,0.0806,1.9,4.2995
ffc62_Rep2.TIF,0.2597,0.0174,-1.7607,0.3943,0.4655,1.4798,2.279,0.0751,2.0402,4.853
ffc63_Rep1.TIF,0.1538,0.0314,-1.5031,0.2301,0.3106,1.3288,3.8307,0.0883,1.4151,1.4993
ffc63_Rep2.TIF,0.1521,0.0358,-1.4467,0.226,0.3212,1.3251,3.9411,0.0812,1.3873,1.8213
ffc64_Rep1.TIF,0.2291,0.0171,-1.7661,0.342,0.5085,1.4539,2.5025,0.0734,2.2121,5.6241
ffc64_Rep2.TIF,0.2451,0.0212,-1.674,0.3675,0.3588,1.4342,2.4436,0.0819,1.9585,4.2555
ffc65_Rep1.TIF,0.4699,0.0208,-1.6822,0.7003,0.2776,1.5363,1.5646,0.0654,2.1911,5.684
ffc65_Rep2.TIF,0.3857,0.0142,-1.8463,0.574,0.1582,1.5626,1.6951,0.0721,1.9657,3.8855
ffc66_Rep1.TIF,0.2823,0.0285,-1.5458,0.4195,0.3516,1.4241,2.4113,0.0717,2.1395,5.3715
ffc66_Rep2.TIF,0.3465,0.0228,-1.6413,0.5157,0.4563,1.4822,1.9717,0.0665,2.233,6.0149
ffc67_Rep1.TIF,0.4144,0.0191,-1.7191,0.6224,0.3546,1.5371,1.6808,0.0577,2.0999,5.9361
ffc67_Rep2.TIF,0.279,0.0266,-1.5748,0.5239,0.787,1.4586,2.4247,0.0615,2.2656,6.1363
ffc68_Rep1.TIF,0.4286,0.0176,-1.7537,0.6453,0.2845,1.5508,1.6174,0.0715,1.8665,4.0552
ffc68_Rep2.TIF,0.4536,0.0199,-1.7012,0.681,0.2996,1.5371,1.6044,0.0655,2.1609,5.6177
ffc69_Rep1.TIF,0.4319,0.0189,-1.7235,0.6408,0.3744,1.5379,1.6198,0.0621,2.4,7.4623
ffc69_Rep2.TIF,0.4433,0.0183,-1.7367,0.6594,0.2789,1.5508,1.5853,0.0594,2.1874,6.0135
ffc6_Rep1.TIF,0.2361,0.0191,-1.7188,0.4497,0.7255,1.49,2.48,0.0708,1.7623,3.3242
ffc6_Rep2.TIF,0.3683,0.0204,-1.6914,0.5705,0.3367,1.5098,1.8333,0.0744,2.163,5.4233
ffc70_Rep1.TIF,0.3584,0.0179,-1.7466,0.5329,0.3379,1.5235,1.818,0.0668,2.2391,6.6035
ffc70_Rep2.TIF,0.4049,0.0171,-1.7672,0.6021,0.3367,1.5409,1.6669,0.0736,1.7648,3.2948
ffc71_Rep1.TIF,0.3427,0.0211,-1.6754,0.5141,0.3803,1.4892,1.9402,0.0629,2.3185,7.0877
ffc71_Rep2.TIF,0.3387,0.0197,-1.7066,0.5147,0.3302,1.4981,1.9242,0.0765,1.8344,3.7951
ffc72_Rep1.TIF,0.3218,0.0164,-1.785,0.484,0.3054,1.5154,1.9146,0.0816,1.546,2.4456
ffc72_Rep2.TIF,0.0185,0.2816,-0.5504,0.6844,0.9838,1.0755,30.7514,0.1107,0.723,-0.1174
ffc73_Rep1.TIF,0.3898,0.0159,-1.7984,0.595,0.3975,1.5511,1.6857,0.0736,1.9123,4.2651
ffc73_Rep2.TIF,0.4254,0.0188,-1.7264,0.6307,0.2704,1.5393,1.6325,0.069,2.1463,5.7386
ffc74_Rep1.TIF,0.2513,0.0205,-1.6875,0.3822,0.315,1.4449,2.4177,0.0673,2.3871,7.7345
ffc74_Rep2.TIF,0.2113,0.0322,-1.4921,0.5355,0.7325,1.3966,3.131,0.0644,2.5788,8.7141
ffc75_Rep1.TIF,0.4665,0.0202,-1.695,0.6914,0.2662,1.5441,1.5494,0.0634,2.0367,5.2114
ffc75_Rep2.TIF,0.4152,0.0194,-1.7133,0.6274,0.3997,1.5317,1.6985,0.0654,2.1486,5.8063
ffc76_Rep1.TIF,0.2984,0.0188,-1.7266,0.4432,0.5057,1.4871,2.0759,0.0743,1.9805,4.528
ffc76_Rep2.TIF,0.3311,0.0184,-1.7358,0.4924,0.5088,1.5051,1.9389,0.0674,2.2248,6.5973
ffc77_Rep1.TIF,0.1625,0.0262,-1.5823,0.2428,0.3595,1.3579,3.5954,0.0727,2.0263,4.4397
ffc77_Rep2.TIF,0.2399,0.0199,-1.7006,0.3559,0.3226,1.4465,2.4822,0.075,2.0222,4.6242
ffc78_Rep1.TIF,0.2699,0.0146,-1.8351,0.4644,0.6984,1.5156,2.1622,0.0709,1.8948,4.6333
ffc78_Rep2.TIF,0.4297,0.0175,-1.7573,0.6476,0.2034,1.5608,1.6157,0.0615,2.1584,6.2621
ffc79_Rep1.TIF,0.254,0.0211,-1.6748,0.3781,0.2783,1.45,2.3744,0.0749,2.1374,5.1144
ffc79_Rep2.TIF,0.276,0.0247,-1.608,0.4065,0.2855,1.4248,2.3444,0.0698,2.2066,5.9366
ffc7_Rep1.TIF,0.447,0.0211,-1.6764,0.6673,0.1856,1.5314,1.6022,0.0572,2.5168,8.4325
ffc7_Rep2.TIF,0.4836,0.0245,-1.6101,0.7177,0.1495,1.5186,1.5501,0.06,2.4295,7.7863
ffc80_Rep1.TIF,0.3458,0.0162,-1.7895,0.5277,0.1551,1.5289,1.8408,0.0663,2.2439,6.1842
ffc80_Rep2.TIF,0.3823,0.0177,-1.751,0.5824,0.2544,1.5435,1.7197,0.0653,2.2836,6.4837
ffc81_Rep1.TIF,0.4437,0.0187,-1.7284,0.6642,0.2252,1.548,1.6077,0.064,2.0831,5.5847
ffc81_Rep2.TIF,0.4172,0.0168,-1.7741,0.6297,0.1453,1.5575,1.6468,0.0676,1.7447,3.4854
ffc82_Rep1.TIF,0.4678,0.0206,-1.6863,0.6998,0.1958,1.542,1.5633,0.0629,2.2824,6.5801
ffc82_Rep2.TIF,0.4768,0.0207,-1.6834,0.7127,0.2476,1.5426,1.5548,0.0534,2.4401,8.0412
ffc83_Rep1.TIF,0.4746,0.021,-1.6788,0.705,0.3063,1.5393,1.5566,0.0589,2.352,7.2583
ffc83_Rep2.TIF,0.4713,0.0192,-1.716,0.7067,0.1876,1.5483,1.5514,0.0557,2.0528,5.1016
ffc84_Rep1.TIF,0.0849,0.0565,-1.2483,0.1517,0.8094,1.2163,6.8562,0.0838,1.5388,2.3883
ffc84_Rep2.TIF,0.2138,0.0278,-1.556,0.3882,0.6971,1.4125,2.9023,0.0729,2.0094,4.5149
ffc85_Rep1.TIF,0.4531,0.0197,-1.7065,0.6707,0.3453,1.5403,1.5778,0.0616,2.076,5.6448
ffc85_Rep2.TIF,0.4687,0.02,-1.6987,0.701,0.1677,1.5467,1.5571,0.064,1.9497,4.1787
ffc86_Rep1.TIF,0.4436,0.0247,-1.6077,0.6539,0.3417,1.4996,1.6647,0.065,2.2486,6.2264
ffc86_Rep2.TIF,0.2705,0.018,-1.744,0.4035,0.3368,1.4807,2.3565,0.0641,1.9104,5.0307
ffc87_Rep1.TIF,0.4794,0.0212,-1.674,0.7116,0.1351,1.5391,1.5412,0.0575,2.5891,9.1321
ffc87_Rep2.TIF,0.4429,0.0176,-1.7542,0.6552,0.257,1.5526,1.5773,0.0666,1.989,4.6514
ffc88_Rep1.TIF,0.4353,0.0172,-1.7644,0.6453,0.2921,1.5571,1.586,0.063,2.4034,7.6602
ffc88_Rep2.TIF,0.4165,0.0172,-1.7636,0.6193,0.2177,1.5533,1.643,0.0669,2.0322,5.1547
ffc89_Rep1.TIF,0.4339,0.0224,-1.6492,0.6577,0.3422,1.5152,1.6797,0.0662,2.1481,5.8195
ffc89_Rep2.TIF,0.405,0.0179,-1.7474,0.6021,0.3067,1.5395,1.6713,0.0672,2.1197,5.5439
ffc8_Rep1.TIF,0.4804,0.0247,-1.6069,0.7159,0.2453,1.5162,1.5709,0.0617,2.3228,6.5124
ffc8_Rep2.TIF,0.489,0.0255,-1.5926,0.7282,0.272,1.5134,1.5542,0.0535,2.1229,6.1354
ffc90_Rep1.TIF,0.3463,0.0138,-1.8599,0.5338,0.327,1.5567,1.7803,0.0708,1.919,4.4696
ffc90_Rep2.TIF,0.4577,0.0211,-1.6764,0.6864,0.1838,1.5336,1.5923,0.0575,2.351,7.7317
ffc91_Rep1.TIF,0.4348,0.0187,-1.7277,0.6443,0.218,1.5429,1.6261,0.0601,2.2338,6.2344
ffc91_Rep2.TIF,0.4458,0.0227,-1.6436,0.6783,0.2109,1.5191,1.6506,0.0571,2.3401,7.2073
ffc93_Rep1.TIF,0.4346,0.0166,-1.78,0.6492,0.3523,1.5583,1.5982,0.0661,2.1477,5.941
ffc93_Rep2.TIF,0.4326,0.0177,-1.7514,0.6429,0.2681,1.5516,1.6057,0.0644,2.0638,5.7262
ffc94_Rep1.TIF,0.4173,0.0158,-1.8002,0.6318,0.232,1.5689,1.6453,0.0738,1.9044,3.8492
ffc94_Rep2.TIF,0.4461,0.0178,-1.7505,0.6644,0.2755,1.5525,1.5799,0.0644,2.236,6.2392
ffc95_Rep1.TIF,0.4286,0.0184,-1.7361,0.6361,0.2654,1.5442,1.6065,0.0624,2.0774,5.5789
ffc95_Rep2.TIF,0.419,0.0185,-1.7327,0.63,0.268,1.5417,1.6344,0.059,2.162,6.2183
ffc96_Rep1.TIF,0.3832,0.0156,-1.8075,0.5764,0.1814,1.5537,1.6799,0.0707,1.7912,3.7831
ffc96_Rep2.TIF,0.1421,0.0225,-1.648,0.2776,0.824,1.3809,3.7824,0.0823,1.6713,2.6373
ffc97_Rep1.TIF,0.4896,0.026,-1.5849,0.7242,0.2521,1.5136,1.538,0.0599,2.2785,6.2725
ffc97_Rep2.TIF,0.4772,0.0254,-1.5954,0.718,0.363,1.5125,1.5756,0.0584,2.386,7.2185
ffc98_Rep1.TIF,0.2387,0.0203,-1.6925,0.3591,0.2105,1.4368,2.5199,0.0784,2.0705,4.7972
ffc98_Rep2.TIF,0.3656,0.0189,-1.7239,0.5444,0.1682,1.5137,1.8008,0.0714,2.3086,6.3993
ffc9_Rep1.TIF,0.4051,0.0238,-1.623,0.6054,0.2657,1.4991,1.7198,0.0622,2.5053,8.2148
ffc9_Rep2.TIF,0.3788,0.0242,-1.617,0.5607,0.2727,1.483,1.8287,0.0628,2.3984,7.5435
ffc0_src.TIF,0.1802,0.0232,-1.6341,0.3556,0.8125,1.4226,3.1239,0.0787,1.6116,2.7419
ffc105_src.TIF,0.3949,0.0175,-1.7564,0.5994,0.2417,1.5419,1.6862,0.0648,2.283,6.082
ffc112_src.TIF,0.1352,0.0328,-1.4839,0.2005,0.2737,1.3219,4.2943,0.0863,1.5623,2.77
ffc119_src.TIF,0.1269,0.0403,-1.395,0.1905,0.2468,1.2924,4.6418,0.086,1.6198,2.7077
ffc126_src.TIF,0.333,0.0132,-1.8779,0.4951,0.2019,1.5462,1.8077,0.0728,1.9838,4.5673
ffc133_src.TIF,0.0619,0.1038,-0.984,0.2104,0.9435,1.1653,9.9802,0.085,1.1191,1.0184
ffc140_src.TIF,0.1339,0.0384,-1.4154,0.1996,0.1659,1.2967,4.3679,0.0759,1.5569,2.9409
ffc147_src.TIF,0.2214,0.0229,-1.641,0.3305,0.2253,1.4148,2.7157,0.074,2.0512,5.1677
ffc14_src.TIF,0.4886,0.0266,-1.5751,0.7288,0.3099,1.5089,1.5518,0.0542,2.3944,7.2132
ffc154_src.TIF,0.2471,0.0199,-1.7017,0.37,0.469,1.4479,2.482,0.0772,1.805,3.6856
ffc161_src.TIF,0.0169,0.2503,-0.6015,0.7159,0.9837,1.1,32.2739,0.0975,0.8317,-0.2325
ffc168_src.TIF,0.1303,0.0382,-1.4176,0.194,0.229,1.2952,4.4178,0.0825,1.7804,3.4749
ffc175_src.TIF,0.3632,0.0153,-1.815,0.5379,0.2261,1.5382,1.7772,0.0663,2.1688,5.6467
ffc182_src.TIF,0.2336,0.0224,-1.6505,0.358,0.3985,1.4354,2.6436,0.0887,1.4345,1.5439
ffc189_src.TIF,0.4669,0.0231,-1.6362,0.698,0.2863,1.5242,1.5801,0.066,2.2398,6.3469
ffc21_src.TIF,0.163,0.0318,-1.4973,0.2427,0.4276,1.327,3.8177,0.0867,1.2709,1.3426
ffc28_src.TIF,0.5011,0.0244,-1.6134,0.7392,0.1689,1.5279,1.5195,0.0583,2.5086,8.2219
ffc35_src.TIF,0.3909,0.0189,-1.7241,0.5871,0.3412,1.5287,1.7113,0.0683,2.1788,5.6262
ffc42_src.TIF,0.2679,0.0168,-1.775,0.3956,0.3063,1.4939,2.265,0.0741,2.2119,5.5153
ffc49_src.TIF,0.4379,0.0191,-1.7196,0.6484,0.2085,1.5419,1.6174,0.0628,2.2708,6.2676
ffc56_src.TIF,0.1839,0.0239,-1.622,0.2732,0.3041,1.3939,3.1656,0.0778,1.7791,3.6744
ffc63_src.TIF,0.1538,0.0314,-1.5031,0.2301,0.3106,1.3288,3.8307,0.0883,1.4151,1.4993
ffc70_src.TIF,0.3584,0.0179,-1.7466,0.5329,0.3379,1.5235,1.818,0.0668,2.2391,6.6035
ffc77_src.TIF,0.1625,0.0262,-1.5823,0.2428,0.3595,1.3579,3.5954,0.0727,2.0263,4.4397
ffc7_src.TIF,0.447,0.0211,-1.6764,0.6673,0.1856,1.5314,1.6022,0.0572,2.5168,8.4325
ffc84_src.TIF,0.0849,0.0565,-1.2483,0.1517,0.8094,1.2163,6.8562,0.0838,1.5388,2.3883
ffc91_src.TIF,0.4348,0.0187,-1.7277,0.6443,0.218,1.5429,1.6261,0.0601,2.2338,6.2344
ffc98_src.TIF,0.2387,0.0203,-1.6925,0.3591,0.2105,1.4368,2.5199,0.0784,2.0705,4.7972
ffc0_Rep1.TIF,0.1802,0.0232,-1.6341,0.3556,0.8125,1.4226,3.1239,0.0787,1.6116,2.7419
ffc0_Rep2.TIF,0.3141,0.0173,-1.761,0.5231,0.6349,1.5144,2.0099,0.0633,2.0548,6.0872
ffc105_Rep1.TIF,0.3949,0.0175,-1.7564,0.5994,0.2417,1.5419,1.6862,0.0648,2.283,6.082
ffc105_Rep2.TIF,0.3834,0.0144,-1.8416,0.5729,0.3098,1.5566,1.6805,0.078,1.8339,3.1869
ffc112_Rep1.TIF,0.1352,0.0328,-1.4839,0.2005,0.2737,1.3219,4.2943,0.0863,1.5623,2.77
ffc112_Rep2.TIF,0.0707,0.0786,-1.1045,0.2424,0.9324,1.2392,8.5222,0.084,1.1623,0.8608
ffc119_Rep1.TIF,0.1269,0.0403,-1.395,0.1905,0.2468,1.2924,4.6418,0.086,1.6198,2.7077
ffc119_Rep2.TIF,0.0675,0.0854,-1.0688,0.1945,0.9287,1.2033,8.8358,0.0934,1.6474,2.8116
ffc126_Rep1.TIF,0.333,0.0132,-1.8779,0.4951,0.2019,1.5462,1.8077,0.0728,1.9838,4.5673
ffc126_Rep2.TIF,0.4321,0.0199,-1.7019,0.6433,0.251,1.534,1.6149,0.0603,2.3697,7.2816
ffc133_Rep1.TIF,0.0619,0.1038,-0.984,0.2104,0.9435,1.1653,9.9802,0.085,1.1191,1.0184
ffc133_Rep2.TIF,0.0136,0.1191,-0.9239,0.5936,0.9893,1.1648,31.4376,0.0632,1.4748,1.5981
ffc140_Rep1.TIF,0.1339,0.0384,-1.4154,0.1996,0.1659,1.2967,4.3679,0.0759,1.5569,2.9409
ffc140_Rep2.TIF,0.0997,0.046,-1.337,0.1687,0.7435,1.2453,5.7988,0.0828,1.7413,3.6437
ffc147_Rep1.TIF,0.2214,0.0229,-1.641,0.3305,0.2253,1.4148,2.7157,0.074,2.0512,5.1677
ffc147_Rep2.TIF,0.2576,0.0298,-1.5255,0.5485,0.6013,1.4214,2.6157,0.0543,2.6876,9.8387
ffc14_Rep1.TIF,0.4886,0.0266,-1.5751,0.7288,0.3099,1.5089,1.5518,0.0542,2.3944,7.2132
ffc14_Rep2.TIF,0.4565,0.0238,-1.6243,0.6876,0.4463,1.5176,1.6274,0.0576,2.4565,7.4051
ffc14_Rep3.TIF,0.4809,0.0244,-1.6129,0.723,0.209,1.5233,1.579,0.065,2.1748,5.5789
ffc14_Rep4.TIF,0.471,0.0217,-1.6626,0.7052,0.3126,1.5298,1.5796,0.0656,2.2828,6.2425
ffc154_Rep1.TIF,0.2471,0.0199,-1.7017,0.37,0.469,1.4479,2.482,0.0772,1.805,3.6856
ffc154_Rep2.TIF,0.1362,0.0417,-1.3803,0.2042,0.2899,1.2886,4.4625,0.088,1.4525,2.1602
ffc161_Rep1.TIF,0.0169,0.2503,-0.6015,0.7159,0.9837,1.1,32.2739,0.0975,0.8317,-0.2325
ffc161_Rep2.TIF,0.4159,0.0199,-1.7014,0.6185,0.1497,1.5268,1.6552,0.0657,2.3665,6.785
ffc168_Rep1.TIF,0.1303,0.0382,-1.4176,0.194,0.229,1.2952,4.4178,0.0825,1.7804,3.4749
ffc168_Rep2.TIF,0.1293,0.042,-1.3765,0.1922,0.2515,1.2786,4.6095,0.0799,1.6721,3.0806
ffc175_Rep1.TIF,0.3632,0.0153,-1.815,0.5379,0.2261,1.5382,1.7772,0.0663,2.1688,5.6467
ffc175_Rep2.TIF,0.132,0.0364,-1.4385,0.1956,0.2301,1.3078,4.44,0.081,1.4596,2.322
ffc182_Rep1.TIF,0.2336,0.0224,-1.6505,0.358,0.3985,1.4354,2.6436,0.0887,1.4345,1.5439
ffc182_Rep2.TIF,0.1786,0.0317,-1.4984,0.4553,0.8212,1.3918,3.5904,0.0645,2.4398,7.2529
ffc182_Rep3.TIF,0.3385,0.0165,-1.7838,0.4991,0.2078,1.5277,1.8419,0.0656,2.0913,5.3571
ffc182_Rep4.TIF,0.3779,0.0176,-1.7533,0.5644,0.293,1.5315,1.7196,0.0717,2.1231,5.5338
ffc182_Rep5.TIF,0.1417,0.0203,-1.6932,0.2654,0.7269,1.4026,3.6397,0.0792,1.9154,4.5
ffc182_Rep6.TIF,0.2736,0.0218,-1.6619,0.4073,0.3777,1.4492,2.2923,0.0754,2.0974,5.4732
ffc189_Rep1.TIF,0.4669,0.0231,-1.6362,0.698,0.2863,1.5242,1.5801,0.066,2.2398,6.3469
ffc189_Rep2.TIF,0.4636,0.0235,-1.6286,0.6919,0.2537,1.5182,1.5947,0.0623,2.2468,7.0043
ffc189_Rep3.TIF,0.4635,0.0215,-1.6666,0.6884,0.2427,1.5319,1.5806,0.065,2.1495,5.6283
ffc189_Rep4.TIF,0.4583,0.0239,-1.6224,0.6829,0.2651,1.515,1.6037,0.0678,2.1262,5.5006
ffc21_Rep1.TIF,0.163,0.0318,-1.4973,0.2427,0.4276,1.327,3.8177,0.0867,1.2709,1.3426
ffc21_Rep2.TIF,0.1248,0.0353,-1.4524,0.1861,0.3425,1.3013,4.7306,0.0836,1.4232,2.5608
ffc28_Rep1.TIF,0.5011,0.0244,-1.6134,0.7392,0.1689,1.5279,1.5195,0.0583,2.5086,8.2219
ffc28_Rep2.TIF,0.517,0.0319,-1.4962,0.7649,0.2059,1.4906,1.5299,0.0588,2.5095,7.7746
ffc35_Rep1.TIF,0.3909,0.0189,-1.7241,0.5871,0.3412,1.5287,1.7113,0.0683,2.1788,5.6262
ffc35_Rep2.TIF,0.4115,0.0167,-1.7782,0.6144,0.2055,1.5558,1.6304,0.0688,2.1044,5.2628
ffc42_Rep1.TIF,0.2679,0.0168,-1.775,0.3956,0.3063,1.4939,2.265,0.0741,2.2119,5.5153
ffc42_Rep2.TIF,0.1278,0.0374,-1.4272,0.191,0.0685,1.298,4.4912,0.0855,1.3351,2.2034
ffc49_Rep1.TIF,0.4379,0.0191,-1.7196,0.6484,0.2085,1.5419,1.6174,0.0628,2.2708,6.2676
ffc49_Rep2.TIF,0.2616,0.0253,-1.5975,0.5542,0.5744,1.4538,2.5297,0.0598,2.246,6.1162
ffc56_Rep1.TIF,0.1839,0.0239,-1.622,0.2732,0.3041,1.3939,3.1656,0.0778,1.7791,3.6744
ffc56_Rep2.TIF,0.1325,0.039,-1.4086,0.1971,0.2102,1.293,4.4963,0.0812,1.6819,3.3925
ffc63_Rep1.TIF,0.1538,0.0314,-1.5031,0.2301,0.3106,1.3288,3.8307,0.0883,1.4151,1.4993
ffc63_Rep2.TIF,0.1521,0.0358,-1.4467,0.226,0.3212,1.3251,3.9411,0.0812,1.3873,1.8213
ffc70_Rep1.TIF,0.3584,0.0179,-1.7466,0.5329,0.3379,1.5235,1.818,0.0668,2.2391,6.6035
ffc70_Rep2.TIF,0.4049,0.0171,-1.7672,0.6021,0.3367,1.5409,1.6669,0.0736,1.7648,3.2948
ffc77_Rep1.TIF,0.1625,0.0262,-1.5823,0.2428,0.3595,1.3579,3.5954,0.0727,2.0263,4.4397
ffc77_Rep2.TIF,0.2399,0.0199,-1.7006,0.3559,0.3226,1.4465,2.4822,0.075,2.0222,4.6242
ffc7_Rep1.TIF,0.447,0.0211,-1.6764,0.6673,0.1856,1.5314,1.6022,0.0572,2.5168,8.4325
ffc7_Rep2.TIF,0.4836,0.0245,-1.6101,0.7177,0.1495,1.5186,1.5501,0.06,2.4295,7.7863
ffc84_Rep1.TIF,0.0849,0.0565,-1.2483,0.1517,0.8094,1.2163,6.8562,0.0838,1.5388,2.3883
ffc84_Rep2.TIF,0.2138,0.0278,-1.556,0.3882,0.6971,1.4125,2.9023,0.0729,2.0094,4.5149
ffc91_Rep1.TIF,0.4348,0.0187,-1.7277,0.6443,0.218,1.5429,1.6261,0.0601,2.2338,6.2344
ffc91_Rep2.TIF,0.4458,0.0227,-1.6436,0.6783,0.2109,1.5191,1.6506,0.0571,2.3401,7.2073
ffc98_Rep1.TIF,0.2387,0.0203,-1.6925,0.3591,0.2105,1.4368,2.5199,0.0784,2.0705,4.7972
ffc98_Rep2.TIF,0.3656,0.0189,-1.7239,0.5444,0.1682,1.5137,1.8008,0.0714,2.3086,6.3993
ffc100_Rep1_s0.png,0.4324,0.0151,-1.8214,0.6449,0.1321,1.568,1.5971,0.0872,2.0537,4.7601
ffc100_Rep1_s1.png,0.4002,0.0157,-1.8037,0.5885,0.2039,1.5526,1.6818,0.098,2.2446,6.0555
ffc100_Rep1_s2.png,0.4049,0.0149,-1.8263,0.6143,0.0839,1.5647,1.658,0.1319,1.6953,2.4316
ffc100_Rep1_s3.png,0.4667,0.0181,-1.7429,0.6976,0.2041,1.5565,1.531,0.0732,2.2483,6.1318
ffc100_Rep1_s4.png,0.4275,0.0138,-1.861,0.6306,0.2877,1.5839,1.6271,0.1406,1.7201,2.3292
ffc100_Rep1_s5.png,0.3589,0.0155,-1.8091,0.5326,0.2432,1.5361,1.7456,0.1271,1.9171,3.6861
ffc100_Rep1_s6.png,0.4432,0.0148,-1.8283,0.6632,0.2905,1.5782,1.5731,0.1484,1.629,1.8736
ffc100_Rep1_s7.png,0.1564,0.0212,-1.6746,0.3579,0.7635,1.4224,3.7943,0.0963,1.8953,3.2552
ffc100_Rep2_s0.png,0.415,0.0142,-1.8484,0.6185,0.2077,1.5715,1.619,0.0931,1.9093,3.8222
ffc100_Rep2_s1.png,0.3784,0.0133,-1.8746,0.5541,0.2782,1.5686,1.6933,0.1211,2.0335,4.5236
ffc100_Rep2_s2.png,0.4069,0.014,-1.8523,0.621,0.1411,1.5732,1.6397,0.1128,1.7798,2.8659
ffc100_Rep2_s3.png,0.4874,0.0223,-1.6524,0.7075,0.26,1.5299,1.5248,0.0679,2.5417,8.0092
ffc100_Rep2_s4.png,0.4368,0.0145,-1.8372,0.6448,0.2709,1.5769,1.6011,0.1429,1.6146,1.8747
ffc100_Rep2_s5.png,0.3515,0.0146,-1.8343,0.5114,0.2027,1.5425,1.7571,0.13,2.0067,4.1267
ffc100_Rep2_s6.png,0.4292,0.0134,-1.872,0.6391,0.343,1.5893,1.5688,0.1402,1.7108,2.2653
ffc100_Rep2_s7.png,0.0315,0.0937,-1.0283,0.409,0.9264,1.1857,16.9761,0.0499,2.6653,7.9667
ffc101_Rep1_s0.png,0.4708,0.0192,-1.7178,0.7037,0.1768,1.549,1.5712,0.0929,1.9762,3.8028
ffc101_Rep1_s1.png,0.3046,0.0178,-1.7501,0.5282,0.3085,1.4979,2.1264,0.1037,2.5775,7.8005
ffc101_Rep1_s2.png,0.3694,0.0134,-1.8731,0.5588,0.2574,1.5682,1.7282,0.1438,1.5988,2.0632
ffc101_Rep1_s3.png,0.5061,0.0257,-1.5899,0.7433,0.2149,1.512,1.5216,0.0677,2.3437,6.8934
ffc101_Rep1_s4.png,0.4441,0.0161,-1.794,0.6555,0.286,1.5713,1.5785,0.1275,1.6762,2.5307
ffc101_Rep1_s5.png,0.3602,0.014,-1.8527,0.5278,0.2391,1.554,1.7164,0.1309,1.8773,3.4542
ffc101_Rep1_s6.png,0.4557,0.0174,-1.7584,0.6746,0.2838,1.5642,1.5517,0.1046,1.6366,2.191
ffc101_Rep1_s7.png,0.0448,0.044,-1.3564,0.3607,0.916,1.3238,11.0709,0.0972,2.1836,4.4582
ffc101_Rep2_s0.png,0.4583,0.0195,-1.7109,0.6856,0.0923,1.5385,1.5888,0.0892,2.0057,4.095
ffc101_Rep2_s1.png,0.3826,0.0145,-1.8383,0.5637,0.265,1.5569,1.6737,0.106,2.0988,5.0725
ffc101_Rep2_s2.png,0.4242,0.0154,-1.8118,0.6423,0.1742,1.5658,1.6227,0.1254,1.8212,2.9573
ffc101_Rep2_s3.png,0.5059,0.0267,-1.5742,0.7359,0.2427,1.511,1.5226,0.0633,2.4168,7.1213
ffc101_Rep2_s4.png,0.4336,0.0154,-1.8118,0.6443,0.2629,1.5696,1.5964,0.135,1.4722,1.5214
ffc101_Rep2_s5.png,0.3652,0.0142,-1.8465,0.5305,0.1992,1.552,1.7175,0.1224,1.9052,3.8212
ffc101_Rep2_s6.png,0.4351,0.0146,-1.836,0.653,0.349,1.5781,1.5807,0.1321,1.6997,2.2795
ffc101_Rep2_s7.png,0.036,0.0876,-1.0575,0.4505,0.9154,1.2177,15.8964,0.113,1.7746,2.1965
ffc102_Rep1_s0.png,0.418,0.0143,-1.8459,0.6243,0.1159,1.575,1.6138,0.0852,1.7812,3.531
ffc102_Rep1_s1.png,0.3466,0.0124,-1.9052,0.5204,0.231,1.5685,1.7329,0.1236,1.9752,4.2116
ffc102_Rep1_s2.png,0.4428,0.0182,-1.7407,0.6709,0.2812,1.5484,1.6095,0.1026,1.8995,3.5757
ffc102_Rep1_s3.png,0.45,0.0194,-1.7114,0.6504,0.3121,1.5417,1.5886,0.0676,2.1019,5.775
ffc102_Rep1_s4.png,0.4302,0.0153,-1.8154,0.6339,0.3136,1.5712,1.6252,0.1341,1.6157,2.0433
ffc102_Rep1_s5.png,0.3607,0.0129,-1.889,0.5305,0.2742,1.5649,1.7142,0.1049,1.7929,3.374
ffc102_Rep1_s6.png,0.4158,0.017,-1.7701,0.6135,0.3419,1.5507,1.6544,0.1021,1.4808,1.5993
ffc102_Rep1_s7.png,0.1528,0.0182,-1.7395,0.3677,0.5864,1.4367,3.6585,0.1015,1.5667,1.7101
ffc102_Rep2_s0.png,0.438,0.0159,-1.7973,0.6514,0.1296,1.5635,1.5875,0.0894,1.7146,2.8406
ffc102_Rep2_s1.png,0.2442,0.0187,-1.7277,0.4682,0.3602,1.4747,2.5168,0.09,2.2806,6.4015
ffc102_Rep2_s2.png,0.3937,0.0111,-1.9533,0.5916,0.1601,1.6029,1.6161,0.1242,1.6421,2.3959
ffc102_Rep2_s3.png,0.4324,0.0183,-1.7374,0.6471,0.2105,1.5443,1.6332,0.0678,2.0381,4.9666
ffc102_Rep2_s4.png,0.4326,0.0152,-1.8177,0.634,0.342,1.567,1.6231,0.1251,1.6126,2.0856
ffc102_Rep2_s5.png,0.3697,0.0132,-1.8809,0.5418,0.2931,1.5701,1.7091,0.1302,1.7365,2.8476
ffc102_Rep2_s6.png,0.4487,0.0141,-1.8516,0.658,0.3277,1.5844,1.5321,0.1338,1.6284,1.927
ffc102_Rep2_s7.png,0.0328,0.0647,-1.1893,0.3798,0.9077,1.2521,14.4458,0.0951,1.9861,3.4639
ffc102_Rep3_s0.png,0.4442,0.0165,-1.7819,0.6602,0.1393,1.5578,1.5906,0.0901,1.7373,2.9021
ffc102_Rep3_s1.png,0.3677,0.0152,-1.8172,0.5478,0.1723,1.5483,1.7758,0.123,1.8426,3.5424
ffc102_Rep3_s2.png,0.4178,0.0152,-1.8173,0.6286,0.1733,1.5653,1.6459,0.1151,1.7141,2.7772
ffc102_Rep3_s3.png,0.5134,0.0308,-1.5116,0.7674,0.146,1.4946,1.5282,0.064,2.357,7.13
ffc102_Rep3_s4.png,0.4396,0.0167,-1.7771,0.6436,0.3158,1.5559,1.6048,0.1224,1.5834,1.9202
ffc102_Rep3_s5.png,0.3487,0.0141,-1.851,0.503,0.1509,1.5528,1.7971,0.1201,1.8548,3.5623
ffc102_Rep3_s6.png,0.448,0.0146,-1.8366,0.659,0.3753,1.5824,1.5426,0.135,1.6198,1.8497
ffc102_Rep3_s7.png,0.0533,0.0418,-1.3784,0.3038,0.9049,1.2768,9.4704,0.094,1.7375,2.4698
ffc102_Rep4_s0.png,0.4232,0.0157,-1.8036,0.6296,0.129,1.5607,1.6138,0.0832,1.769,3.1467
ffc102_Rep4_s1.png,0.3913,0.0149,-1.8257,0.5745,0.2388,1.5606,1.6616,0.1192,2.0102,4.4584
ffc102_Rep4_s2.png,0.4261,0.0143,-1.8447,0.6386,0.1257,1.5797,1.6026,0.1241,1.8567,3.2524
ffc102_Rep4_s3.png,0.4845,0.021,-1.6771,0.6926,0.31,1.5418,1.5364,0.0672,2.3491,6.8418
ffc102_Rep4_s4.png,0.4507,0.0188,-1.7253,0.6629,0.3217,1.5451,1.6147,0.1119,1.5,1.8846
ffc102_Rep4_s5.png,0.3474,0.0146,-1.8369,0.497,0.1564,1.5433,1.7846,0.0916,1.8968,4.2899
ffc102_Rep4_s6.png,0.0992,0.0364,-1.4394,0.2873,0.8789,1.3645,5.8639,0.1059,1.3581,1.0541
ffc102_Rep4_s7.png,0.1897,0.0139,-1.8572,0.3361,0.7471,1.4782,2.9145,0.1064,1.5698,1.6336
ffc103_Rep1_s0.png,0.469,0.0193,-1.7139,0.7018,0.1111,1.5438,1.567,0.084,1.9564,3.8718
ffc103_Rep1_s1.png,0.3713,0.0136,-1.8671,0.5426,0.2715,1.5676,1.6973,0.1175,1.6608,2.6286
ffc103_Rep1_s2.png,0.4515,0.0178,-1.7498,0.6797,0.3333,1.557,1.6026,0.0924,2.0128,4.1783
ffc103_Rep1_s3.png,0.5049,0.0244,-1.6134,0.7344,0.2361,1.5209,1.5129,0.059,2.2594,6.616
ffc103_Rep1_s4.png,0.3956,0.0117,-1.9334,0.5895,0.3059,1.5907,1.6501,0.1248,1.4574,1.5723
ffc103_Rep1_s5.png,0.3284,0.0146,-1.8344,0.4747,0.2941,1.53,1.8773,0.1286,1.8365,3.381
ffc103_Rep1_s6.png,0.4621,0.0182,-1.7397,0.6787,0.3622,1.5554,1.5453,0.0998,1.5496,1.8674
ffc103_Rep1_s7.png,0.0756,0.0291,-1.5354,0.3216,0.8172,1.3542,6.8761,0.0893,1.892,3.1339
ffc103_Rep2_s0.png,0.427,0.015,-1.8241,0.6347,0.1216,1.5663,1.6115,0.097,1.6615,2.6669
ffc103_Rep2_s1.png,0.2306,0.0154,-1.8132,0.4618,0.4603,1.4786,2.5044,0.1038,2.2334,5.474
ffc103_Rep2_s2.png,0.4486,0.0168,-1.7742,0.6785,0.2864,1.5617,1.5975,0.1097,1.8326,3.1214
ffc103_Rep2_s3.png,0.505,0.0233,-1.6335,0.7333,0.2978,1.5316,1.5028,0.0604,2.16,5.9294
ffc103_Rep2_s4.png,0.4271,0.0158,-1.8025,0.6303,0.3385,1.5585,1.635,0.1266,1.4952,1.6341
ffc103_Rep2_s5.png,0.3344,0.0125,-1.9027,0.4806,0.2611,1.5576,1.8053,0.1324,1.7396,2.9403
ffc103_Rep2_s6.png,0.4341,0.0135,-1.8697,0.6403,0.3116,1.5889,1.5532,0.1506,1.5145,1.3634
ffc103_Rep2_s7.png,0.1087,0.0218,-1.6609,0.31,0.7742,1.4149,4.9191,0.0896,1.9175,3.5216
ffc104_Rep1_s0.png,0.4306,0.0156,-1.8062,0.645,0.2095,1.5644,1.6204,0.0902,1.9945,4.2573
ffc104_Rep1_s1.png,0.3026,0.0129,-1.8898,0.456,0.3382,1.5462,1.9534,0.1083,2.3633,6.65
ffc104_Rep1_s2.png,0.2511,0.0197,-1.7048,0.4625,0.4961,1.4539,2.4903,0.1012,2.0178,3.9668
ffc104_Rep1_s3.png,0.4529,0.0222,-1.6532,0.6851,0.1565,1.5245,1.6103,0.0662,2.457,7.8318
ffc104_Rep1_s4.png,0.256,0.0124,-1.9049,0.3848,0.4774,1.5154,2.3475,0.1546,1.1196,0.3066
ffc104_Rep1_s5.png,0.3534,0.0141,-1.8511,0.5211,0.2748,1.5517,1.7547,0.1326,1.9703,3.9274
ffc104_Rep1_s6.png,0.355,0.0149,-1.8265,0.5481,0.5712,1.5437,1.8616,0.1439,1.7594,2.3454
ffc104_Rep1_s7.png,0.179,0.0251,-1.6001,0.3878,0.801,1.4018,3.5692,0.0914,2.0669,3.8617
ffc104_Rep2_s0.png,0.4429,0.0172,-1.7647,0.6613,0.2095,1.5557,1.6047,0.0901,2.0611,4.5447
ffc104_Rep2_s1.png,0.2151,0.0152,-1.8192,0.3508,0.6106,1.4733,2.6834,0.1163,2.1621,5.2927
ffc104_Rep2_s2.png,0.4066,0.0181,-1.7425,0.6205,0.2909,1.5383,1.7003,0.1063,1.9076,3.5195
ffc104_Rep2_s3.png,0.5052,0.0235,-1.6298,0.7396,0.2396,1.5306,1.5079,0.0642,2.5334,8.1242
ffc104_Rep2_s4.png,0.4198,0.0128,-1.8944,0.6272,0.3097,1.5908,1.62,0.1415,1.5244,1.6155
ffc104_Rep2_s5.png,0.3649,0.0143,-1.8446,0.5387,0.2703,1.551,1.7223,0.1246,2.0972,4.5938
ffc104_Rep2_s6.png,0.4388,0.0144,-1.8402,0.6641,0.3894,1.5833,1.5932,0.1347,1.8105,2.6812
ffc104_Rep2_s7.png,0.0838,0.0278,-1.5556,0.3594,0.8809,1.3682,6.5255,0.0994,1.7859,3.007
ffc106_Rep1_s0.png,0.4486,0.0191,-1.7196,0.6721,0.282,1.542,1.6023,0.0879,1.983,4.3411
ffc106_Rep1_s1.png,0.3538,0.0126,-1.9,0.5312,0.1667,1.5686,1.728,0.1333,1.9886,3.9454
ffc106_Rep1_s2.png,0.3965,0.0146,-1.8366,0.6021,0.1748,1.5663,1.6558,0.144,1.7127,2.4389
ffc106_Rep1_s3.png,0.3208,0.0146,-1.835,0.4808,0.2674,1.5316,1.9526,0.0731,2.2053,5.9966
ffc106_Rep1_s4.png,0.4227,0.016,-1.7954,0.6308,0.35,1.5629,1.6259,0.1388,1.6101,1.9384
ffc106_Rep1_s5.png,0.3336,0.0148,-1.831,0.4835,0.3239,1.5328,1.8285,0.097,1.936,4.2857
ffc106_Rep1_s6.png,0.3958,0.0156,-1.8072,0.5924,0.4515,1.5682,1.6767,0.0991,1.8012,3.0683
ffc106_Rep1_s7.png,0.0879,0.053,-1.2755,0.4575,0.7665,1.3003,7.0949,0.0957,2.3232,4.7623
ffc106_Rep2_s0.png,0.442,0.0187,-1.728,0.6597,0.2393,1.5439,1.5996,0.0887,1.9739,4.3792
ffc106_Rep2_s1.png,0.3561,0.0122,-1.9134,0.5327,0.1843,1.5715,1.7098,0.132,1.9558,3.8438
ffc106_Rep2_s2.png,0.3864,0.0153,-1.8158,0.5854,0.0989,1.5571,1.6843,0.143,1.6977,2.3259
ffc106_Rep2_s3.png,0.3747,0.0177,-1.7518,0.5616,0.3581,1.5293,1.8059,0.0722,2.2219,5.973
ffc106_Rep2_s4.png,0.4478,0.0162,-1.7915,0.6624,0.3147,1.569,1.5779,0.1366,1.7883,2.594
ffc106_Rep2_s5.png,0.3457,0.0142,-1.8473,0.4987,0.0922,1.5447,1.7628,0.0948,2.1503,5.4746
ffc106_Rep2_s6.png,0.4327,0.0161,-1.7938,0.6438,0.3719,1.5632,1.5843,0.0939,1.7947,2.8529
ffc106_Rep2_s7.png,0.1135,0.0329,-1.4828,0.3715,0.854,1.3799,5.3274,0.0937,2.0956,3.8119
ffc107_Rep1_s0.png,0.4559,0.0209,-1.6791,0.6812,0.2439,1.5304,1.5925,0.0878,2.0475,4.5952
ffc107_Rep1_s1.png,0.3607,0.0135,-1.8694,0.5383,0.2448,1.5628,1.7294,0.1067,2.246,5.7109
ffc107_Rep1_s2.png,0.4063,0.0151,-1.8206,0.6162,0.2371,1.5638,1.6493,0.1484,1.6774,2.1655
ffc107_Rep1_s3.png,0.4399,0.0175,-1.756,0.651,0.2956,1.5509,1.5953,0.0676,2.2991,6.559
ffc107_Rep1_s4.png,0.414,0.0151,-1.8214,0.6137,0.3893,1.5678,1.6456,0.1337,1.6235,2.0612
ffc107_Rep1_s5.png,0.3455,0.0164,-1.7863,0.5036,0.1589,1.5237,1.8453,0.0973,2.0849,4.9283
ffc107_Rep1_s6.png,0.43,0.0148,-1.829,0.6438,0.3694,1.577,1.5882,0.0977,1.8981,3.5308
ffc107_Rep1_s7.png,0.0588,0.0344,-1.4636,0.3322,0.9075,1.3838,8.4384,0.1064,1.6723,2.0313
ffc107_Rep2_s0.png,0.4518,0.0185,-1.7321,0.6772,0.148,1.5434,1.5889,0.0919,2.0545,4.6865
ffc107_Rep2_s1.png,0.3603,0.0138,-1.859,0.5334,0.2587,1.558,1.7291,0.1334,1.9722,3.8687
ffc107_Rep2_s2.png,0.3972,0.0165,-1.7828,0.6053,0.2741,1.5466,1.6919,0.1438,1.8493,2.9401
ffc107_Rep2_s3.png,0.4342,0.0155,-1.8092,0.6276,0.2944,1.5639,1.5848,0.0613,2.4558,8.1927
ffc107_Rep2_s4.png,0.4198,0.0152,-1.8184,0.6233,0.2877,1.569,1.6103,0.137,1.5324,1.6896
ffc107_Rep2_s5.png,0.3254,0.0133,-1.8759,0.4675,0.2673,1.5446,1.8417,0.0934,2.2455,5.9631
ffc107_Rep2_s6.png,0.4451,0.0152,-1.8187,0.6616,0.322,1.5785,1.5465,0.0895,1.7905,3.1056
ffc107_Rep2_s7.png,0.0273,0.1006,-0.9974,0.4734,0.8122,1.2025,19.9435,0.0953,1.7959,2.5132
ffc108_Rep1_s0.png,0.1819,0.0826,-1.083,0.7739,0.3467,1.2544,4.4087,0.0346,2.8014,8.2031
ffc108_Rep1_s1.png,0.1465,0.0309,-1.5106,0.2206,0.2463,1.3528,4.135,0.124,1.7001,2.4897
ffc108_Rep1_s2.png,0.0926,0.047,-1.3283,0.5402,0.132,1.3132,7.1506,0.1162,0.9191,-0.5427
ffc108_Rep1_s3.png,0.14,0.0466,-1.3317,0.2086,0.3106,1.2843,4.328,0.087,1.5338,2.3394
ffc108_Rep1_s4.png,0.0661,0.0799,-1.0972,0.1759,0.9289,1.1966,9.2344,0.1473,0.9242,-0.0883
ffc108_Rep1_s5.png,0.0195,0.2117,-0.6743,0.6895,0.9867,1.1295,28.2691,0.0866,1.7889,2.6314
ffc108_Rep1_s6.png,0.1541,0.1218,-0.9144,0.7159,0.4253,1.216,5.0939,0.0443,2.8806,7.8101
ffc108_Rep1_s7.png,0.1154,0.0355,-1.4496,0.3356,0.8157,1.3006,5.2024,0.0841,2.2291,4.2587
ffc108_Rep2_s0.png,0.137,0.0396,-1.4022,0.2049,0.3013,1.3009,4.4523,0.1183,1.6223,2.37
ffc108_Rep2_s1.png,0.0562,0.0734,-1.134,0.211,0.9537,1.2188,10.7194,0.136,1.2834,0.7872
ffc108_Rep2_s2.png,0.2619,0.0244,-1.612,0.5017,0.4587,1.4474,2.47,0.1226,2.2686,5.3064
ffc108_Rep2_s3.png,0.2398,0.0217,-1.6645,0.3608,0.3304,1.4354,2.5201,0.078,1.7741,3.5569
ffc108_Rep2_s4.png,0.0608,0.0894,-1.0485,0.2501,0.9501,1.2123,10.2241,0.1793,0.6336,-0.8037
ffc108_Rep2_s5.png,0.0054,0.2386,-0.6224,0.7417,0.9929,0.92,55.97,0.0384,0.2838,-0.6685
ffc108_Rep2_s6.png,0.1154,0.027,-1.5687,0.4222,0.7467,1.3966,5.0242,0.0826,2.3749,6.1323
ffc108_Rep2_s7.png,0.0344,0.0906,-1.0428,0.489,0.587,1.2442,16.5187,0.1031,1.8554,2.4127
ffc109_Rep1_s0.png,0.4059,0.0181,-1.7431,0.6075,0.3073,1.5319,1.7203,0.0859,2.4594,7.0261
ffc109_Rep1_s1.png,0.3181,0.0146,-1.8354,0.4802,0.1969,1.5301,1.9444,0.107,2.5311,7.1741
ffc109_Rep1_s2.png,0.2944,0.0159,-1.7982,0.4502,0.4956,1.5046,2.0832,0.1277,2.1413,4.4496
ffc109_Rep1_s3.png,0.3641,0.0149,-1.8272,0.5451,0.3228,1.5489,1.7829,0.0712,2.1761,5.7208
ffc109_Rep1_s4.png,0.0101,0.1554,-0.8084,0.5449,0.9866,1.0627,38.1615,0.1292,0.9471,0.0104
ffc109_Rep1_s5.png,0.1449,0.0272,-1.5659,0.2096,0.179,1.3573,4.1043,0.1198,1.8084,3.0117
ffc109_Rep1_s6.png,0.0085,0.1232,-0.9096,0.3879,0.9915,1.0835,32.6235,0.0791,0.551,-0.2852
ffc109_Rep1_s7.png,0.0867,0.0545,-1.2632,0.4534,0.7596,1.2931,7.1707,0.094,2.4492,5.4423
ffc109_Rep2_s0.png,0.4295,0.0191,-1.7186,0.6367,0.3443,1.5349,1.656,0.0857,2.4858,7.2026
ffc109_Rep2_s1.png,0.3031,0.0147,-1.8315,0.4649,0.1904,1.5207,2.0411,0.0999,2.4274,6.6688
ffc109_Rep2_s2.png,0.3344,0.0167,-1.7783,0.5108,0.2993,1.5221,1.8834,0.145,1.7748,2.7348
ffc109_Rep2_s3.png,0.152,0.0272,-1.5647,0.2296,0.3093,1.3488,3.8194,0.0926,1.5619,2.4405
ffc109_Rep2_s4.png,0.0108,0.1476,-0.8308,0.5443,0.9865,1.0682,36.4862,0.1201,1.0627,0.4209
ffc109_Rep2_s5.png,0.148,0.0275,-1.5609,0.2174,0.2289,1.3463,4.0112,0.114,1.7148,2.6005
ffc109_Rep2_s6.png,0.0075,0.1209,-0.9175,0.3602,0.9917,1.0699,34.986,0.0785,0.1334,-0.8642
ffc109_Rep2_s7.png,0.0371,0.0845,-1.0733,0.4955,0.6795,1.2675,15.6418,0.1002,1.8657,2.5013
ffc10_Rep1_s0.png,0.4498,0.0179,-1.7482,0.6749,0.216,1.5494,1.5991,0.0851,2.1422,5.2675
ffc10_Rep1_s1.png,0.3638,0.0149,-1.8271,0.5461,0.3942,1.5449,1.7881,0.1215,2.2216,5.1711
ffc10_Rep1_s2.png,0.377,0.0157,-1.804,0.5756,0.1338,1.549,1.7226,0.1451,1.7737,2.6699
ffc10_Rep1_s3.png,0.3731,0.0193,-1.7136,0.5489,0.3816,1.5168,1.8011,0.0688,1.9234,4.6196
ffc10_Rep1_s4.png,0.1399,0.0258,-1.5876,0.2128,0.3526,1.3538,4.1706,0.1529,0.6986,-0.4545
ffc10_Rep1_s5.png,0.3142,0.0138,-1.86,0.4539,0.2643,1.5305,1.9187,0.1296,1.9956,4.1444
ffc10_Rep1_s6.png,0.427,0.0158,-1.8002,0.6408,0.3446,1.5684,1.6094,0.0956,2.0234,4.1932
ffc10_Rep1_s7.png,0.178,0.02,-1.7,0.3495,0.7286,1.424,3.3698,0.0947,2.0842,3.862
ffc10_Rep2_s0.png,0.4555,0.0172,-1.7653,0.6835,0.2668,1.5558,1.579,0.0821,2.3066,6.2396
ffc10_Rep2_s1.png,0.3501,0.0133,-1.8745,0.5266,0.2688,1.5602,1.7714,0.1309,2.158,4.7215
ffc10_Rep2_s2.png,0.4043,0.0152,-1.8184,0.618,0.1386,1.5634,1.6579,0.1379,1.8752,3.0788
ffc10_Rep2_s3.png,0.2833,0.0223,-1.6516,0.4281,0.2141,1.4598,2.249,0.0726,1.9089,4.686
ffc10_Rep2_s4.png,0.1226,0.0356,-1.4481,0.1901,0.4327,1.2966,4.8616,0.1563,0.5866,-0.5928
ffc10_Rep2_s5.png,0.3179,0.0154,-1.8119,0.4601,0.3065,1.5188,1.9394,0.127,2.1064,4.6924
ffc10_Rep2_s6.png,0.3746,0.0142,-1.8482,0.5647,0.3776,1.566,1.7107,0.1183,1.8069,2.9769
ffc10_Rep2_s7.png,0.0318,0.0836,-1.0776,0.4537,0.9353,1.2081,17.176,0.0943,2.2665,4.7186
ffc110_Rep1_s0.png,0.448,0.0187,-1.7284,0.6668,0.2477,1.5463,1.5992,0.0739,2.1904,5.7619
ffc110_Rep1_s1.png,0.36,0.0141,-1.8513,0.5395,0.2434,1.5625,1.7466,0.0996,2.3964,6.6874
ffc110_Rep1_s2.png,0.3746,0.0144,-1.8412,0.5716,0.2955,1.5568,1.7082,0.1464,1.732,2.4789
ffc110_Rep1_s3.png,0.2632,0.0178,-1.7487,0.3959,0.0889,1.4704,2.3021,0.0729,2.0111,4.9542
ffc110_Rep1_s4.png,0.4425,0.0145,-1.8383,0.6553,0.2842,1.5771,1.5746,0.1353,1.8414,2.8993
ffc110_Rep1_s5.png,0.3332,0.0157,-1.8048,0.4857,0.2328,1.5249,1.8517,0.096,2.2987,6.0644
ffc110_Rep1_s6.png,0.4191,0.0153,-1.8141,0.6267,0.3698,1.5713,1.6068,0.0901,1.9344,3.8764
ffc110_Rep1_s7.png,0.2594,0.0153,-1.8158,0.3815,0.4593,1.4903,2.3651,0.0919,2.0159,3.6511
ffc110_Rep2_s0.png,0.4358,0.0169,-1.7731,0.6525,0.1514,1.5548,1.6007,0.0802,2.0319,4.9281
ffc110_Rep2_s1.png,0.3657,0.0139,-1.8562,0.5479,0.2067,1.5599,1.7371,0.0941,2.342,6.7517
ffc110_Rep2_s2.png,0.3685,0.0157,-1.8029,0.5657,0.2804,1.5456,1.7461,0.1395,1.6133,2.0568
ffc110_Rep2_s3.png,0.4905,0.0213,-1.6721,0.7081,0.3623,1.5411,1.5273,0.0575,2.3112,6.8125
ffc110_Rep2_s4.png,0.4389,0.0169,-1.773,0.653,0.2252,1.5582,1.6166,0.1304,1.7777,2.6543
ffc110_Rep2_s5.png,0.3497,0.014,-1.8536,0.5136,0.2205,1.5525,1.7383,0.1233,2.1029,4.7705
ffc110_Rep2_s6.png,0.4247,0.0151,-1.8204,0.6325,0.3093,1.5731,1.5802,0.0874,1.6812,2.8385
ffc110_Rep2_s7.png,0.0774,0.0398,-1.4002,0.3729,0.7344,1.3238,7.1943,0.0768,2.4755,6.1242
ffc111_Rep1_s0.png,0.4632,0.0201,-1.6958,0.6911,0.2269,1.5375,1.5741,0.08,2.4837,7.3575
ffc111_Rep1_s1.png,0.3312,0.0139,-1.8557,0.4956,0.2145,1.5483,1.8567,0.1049,2.3381,6.1558
ffc111_Rep1_s2.png,0.3967,0.0147,-1.8323,0.5996,0.1112,1.5638,1.6485,0.1429,1.9529,3.4097
ffc111_Rep1_s3.png,0.3718,0.0162,-1.7909,0.5409,0.3222,1.537,1.7802,0.0675,2.1526,5.6811
ffc111_Rep1_s4.png,0.418,0.0133,-1.877,0.6188,0.3244,1.5822,1.6103,0.1322,1.8637,2.9999
ffc111_Rep1_s5.png,0.3132,0.0147,-1.832,0.4519,0.1632,1.5269,1.877,0.0985,2.4192,6.9415
ffc111_Rep1_s6.png,0.4472,0.0178,-1.7502,0.6647,0.3601,1.5563,1.5723,0.0847,2.0386,4.3398
ffc111_Rep1_s7.png,0.0835,0.0302,-1.5195,0.3089,0.9156,1.3524,6.2543,0.0924,2.1666,4.1423
ffc111_Rep2_s0.png,0.4444,0.0187,-1.7272,0.6612,0.3364,1.5473,1.6088,0.0771,2.4732,6.9997
ffc111_Rep2_s1.png,0.3545,0.0153,-1.8145,0.5247,0.3942,1.5423,1.8071,0.0953,2.3292,6.0569
ffc111_Rep2_s2.png,0.3973,0.014,-1.8531,0.6005,0.1316,1.5715,1.639,0.1407,2.0342,3.7544
ffc111_Rep2_s3.png,0.3602,0.017,-1.7685,0.5248,0.3905,1.522,1.8364,0.0688,2.3461,6.8881
ffc111_Rep2_s4.png,0.3597,0.0171,-1.7674,0.5313,0.4848,1.5271,1.8743,0.1268,1.8225,2.9071
ffc111_Rep2_s5.png,0.2883,0.0144,-1.8411,0.4173,0.2253,1.5142,2.0062,0.0995,2.3348,6.1456
ffc111_Rep2_s6.png,0.4154,0.0166,-1.7801,0.6196,0.3959,1.5544,1.6456,0.0844,2.1178,4.8016
ffc111_Rep2_s7.png,0.033,0.0572,-1.2423,0.4731,0.7069,1.2708,15.5746,0.0864,1.9861,3.6335
ffc113_Rep1_s0.png,0.4584,0.0169,-1.7713,0.6858,0.1669,1.5629,1.5814,0.082,1.92,4.1877
ffc113_Rep1_s1.png,0.2581,0.0174,-1.7595,0.4685,0.4446,1.4911,2.3656,0.1042,2.4453,6.9365
ffc113_Rep1_s2.png,0.4093,0.0171,-1.7675,0.6218,0.2014,1.5449,1.6743,0.1216,1.8553,3.3198
ffc113_Rep1_s3.png,0.3263,0.0145,-1.8376,0.4916,0.2761,1.5342,1.9174,0.0688,2.0716,5.6465
ffc113_Rep1_s4.png,0.4083,0.0147,-1.8326,0.6061,0.3216,1.5643,1.6826,0.1365,1.5875,1.8482
ffc113_Rep1_s5.png,0.3495,0.0147,-1.8318,0.5117,0.1543,1.5383,1.7797,0.1007,2.0399,4.5219
ffc113_Rep1_s6.png,0.4542,0.0173,-1.7628,0.6761,0.3839,1.5568,1.5654,0.0983,1.6904,2.3921
ffc113_Rep1_s7.png,0.0161,0.2467,-0.6078,0.7198,0.7112,1.0082,37.8048,0.0414,2.117,5.0505
ffc113_Rep2_s0.png,0.4579,0.0193,-1.7146,0.6789,0.2595,1.5455,1.5837,0.0803,1.9495,4.2331
ffc113_Rep2_s1.png,0.3502,0.0135,-1.871,0.5263,0.158,1.5575,1.7772,0.0952,2.3088,6.1837
ffc113_Rep2_s2.png,0.38,0.0174,-1.7606,0.5772,0.1535,1.5319,1.7363,0.1254,1.826,3.1661
ffc113_Rep2_s3.png,0.3301,0.0145,-1.8373,0.496,0.26,1.5392,1.868,0.0679,2.1736,6.0892
ffc113_Rep2_s4.png,0.429,0.0194,-1.7132,0.6322,0.301,1.5356,1.6402,0.1013,1.8946,3.5175
ffc113_Rep2_s5.png,0.3486,0.0151,-1.8203,0.5098,0.3043,1.5363,1.7898,0.0902,2.1808,5.5122
ffc113_Rep2_s6.png,0.4415,0.0173,-1.7619,0.6554,0.3473,1.5582,1.5794,0.0839,1.7234,2.7064
ffc113_Rep2_s7.png,0.0033,0.3625,-0.4406,0.5688,0.8541,0.8905,98.26,0.0108,2.5215,11.8547
ffc114_Rep1_s0.png,0.4391,0.0177,-1.752,0.6548,0.1012,1.5516,1.6058,0.09,1.8816,3.7846
ffc114_Rep1_s1.png,0.1131,0.0289,-1.539,0.2938,0.7294,1.349,4.9444,0.1108,1.7361,3.2779
ffc114_Rep1_s2.png,0.4095,0.0164,-1.7841,0.6219,0.1526,1.5571,1.6554,0.123,1.7705,2.7696
ffc114_Rep1_s3.png,0.4628,0.0189,-1.7231,0.6929,0.1576,1.5501,1.5639,0.0629,2.4367,7.6739
ffc114_Rep1_s4.png,0.436,0.016,-1.7952,0.6461,0.241,1.5636,1.6049,0.144,1.5788,1.7656
ffc114_Rep1_s5.png,0.3521,0.0143,-1.8445,0.5123,0.0966,1.5446,1.7517,0.1257,1.9774,4.0709
ffc114_Rep1_s6.png,0.4532,0.0161,-1.7931,0.6714,0.3402,1.571,1.5444,0.1412,1.602,1.7211
ffc114_Rep1_s7.png,0.1338,0.0205,-1.6878,0.3311,0.793,1.3969,4.099,0.089,2.1552,4.3427
ffc114_Rep2_s0.png,0.4539,0.0171,-1.7669,0.6768,0.1749,1.5598,1.5689,0.0859,2.0039,4.5075
ffc114_Rep2_s1.png,0.2701,0.0118,-1.9287,0.4352,0.443,1.5332,2.0359,0.107,2.1611,5.4791
ffc114_Rep2_s2.png,0.3939,0.0153,-1.815,0.5998,0.2573,1.5562,1.6801,0.1469,1.676,2.2267
ffc114_Rep2_s3.png,0.4585,0.0192,-1.7167,0.686,0.1638,1.5447,1.5685,0.0628,2.4563,7.969
ffc114_Rep2_s4.png,0.4348,0.0165,-1.7821,0.6438,0.245,1.5599,1.6139,0.1412,1.6222,1.9331
ffc114_Rep2_s5.png,0.3562,0.0139,-1.8568,0.5164,0.1907,1.5502,1.7607,0.1316,2.057,4.3638
ffc114_Rep2_s6.png,0.4265,0.0141,-1.8506,0.6341,0.3682,1.5805,1.5809,0.1424,1.5455,1.5324
ffc114_Rep2_s7.png,0.1042,0.0296,-1.5286,0.3448,0.7724,1.3824,5.4037,0.0874,2.2608,4.9079
ffc115_Rep1_s0.png,0.4813,0.0195,-1.7098,0.7151,0.2004,1.5461,1.5444,0.0927,1.9015,3.5804
ffc115_Rep1_s1.png,0.3661,0.0116,-1.9358,0.5392,0.088,1.5861,1.6649,0.1213,1.6796,2.6308
ffc115_Rep1_s2.png,0.4605,0.0193,-1.7137,0.6931,0.2911,1.5461,1.5844,0.0801,2.0053,4.2977
ffc115_Rep1_s3.png,0.4663,0.0206,-1.6852,0.7137,0.2144,1.542,1.5698,0.0574,1.8989,4.5527
ffc115_Rep1_s4.png,0.4212,0.0134,-1.8717,0.6297,0.273,1.5843,1.6093,0.1257,1.3834,1.244
ffc115_Rep1_s5.png,0.3737,0.0143,-1.8441,0.5457,0.255,1.557,1.6763,0.1229,1.9339,3.7638
ffc115_Rep1_s6.png,0.4636,0.0181,-1.7433,0.6774,0.3484,1.5569,1.5439,0.0962,1.6464,2.2212
ffc115_Rep1_s7.png,0.0165,0.2985,-0.525,0.7121,0.7342,0.9651,37.6527,0.0607,2.1312,4.7159
ffc115_Rep2_s0.png,0.4637,0.0192,-1.7159,0.6887,0.195,1.5446,1.5757,0.0851,2.0687,4.4258
ffc115_Rep2_s1.png,0.4013,0.0145,-1.8393,0.5983,0.3225,1.5692,1.644,0.1208,2.0863,4.4203
ffc115_Rep2_s2.png,0.4374,0.0175,-1.7576,0.6643,0.3072,1.5537,1.6154,0.1014,2.114,4.5496
ffc115_Rep2_s3.png,0.511,0.0242,-1.6165,0.7439,0.2436,1.5273,1.5007,0.0561,2.5554,9.2881
ffc115_Rep2_s4.png,0.4379,0.0165,-1.7833,0.6459,0.2794,1.562,1.6092,0.1279,1.5544,1.7441
ffc115_Rep2_s5.png,0.3602,0.0138,-1.859,0.525,0.241,1.5563,1.7105,0.1233,1.956,4.1341
ffc115_Rep2_s6.png,0.4457,0.0171,-1.7676,0.658,0.3742,1.5626,1.574,0.1158,1.7562,2.4959
ffc115_Rep2_s7.png,0.0154,0.3622,-0.4411,0.7233,0.7689,0.9578,40.2116,0.0571,2.4664,6.1377
ffc116_Rep1_s0.png,0.4712,0.0213,-1.6718,0.7032,0.1933,1.5347,1.5728,0.0886,2.0749,4.5902
ffc116_Rep1_s1.png,0.1842,0.0204,-1.6896,0.3384,0.7814,1.4403,3.0796,0.1053,1.833,3.9806
ffc116_Rep1_s2.png,0.3702,0.0156,-1.8062,0.5651,0.1667,1.5481,1.766,0.145,1.652,2.0936
ffc116_Rep1_s3.png,0.4942,0.0224,-1.6505,0.7191,0.259,1.5322,1.5205,0.0603,2.443,7.3481
ffc116_Rep1_s4.png,0.4264,0.016,-1.7966,0.6321,0.278,1.5641,1.6197,0.1377,1.5537,1.7793
ffc116_Rep1_s5.png,0.3589,0.0144,-1.8408,0.5196,0.2278,1.5462,1.7207,0.122,2.03,4.3021
ffc116_Rep1_s6.png,0.4137,0.0136,-1.8666,0.6218,0.3365,1.583,1.6058,0.14,1.6221,1.975
ffc116_Rep1_s7.png,0.0163,0.3042,-0.5168,0.6725,0.7992,0.9617,37.6107,0.0614,2.7,8.2884
ffc116_Rep2_s0.png,0.4612,0.0199,-1.7012,0.6901,0.2137,1.5419,1.5823,0.0947,1.9262,3.824
ffc116_Rep2_s1.png,0.2083,0.0186,-1.7302,0.3403,0.6565,1.4425,2.7589,0.1066,1.9189,4.2768
ffc116_Rep2_s2.png,0.3983,0.0166,-1.7796,0.6056,0.0963,1.5504,1.6756,0.1427,1.6782,2.3352
ffc116_Rep2_s3.png,0.5039,0.0251,-1.5997,0.7573,0.2028,1.522,1.515,0.0671,2.3537,7.2993
ffc116_Rep2_s4.png,0.4252,0.0137,-1.8632,0.6285,0.2894,1.5819,1.5892,0.1409,1.5666,1.7859
ffc116_Rep2_s5.png,0.3512,0.0139,-1.8557,0.5115,0.2584,1.5469,1.7653,0.1341,1.9541,3.7247
ffc116_Rep2_s6.png,0.4391,0.0151,-1.8219,0.6524,0.3414,1.5743,1.5629,0.144,1.5608,1.5414
ffc116_Rep2_s7.png,0.0164,0.2752,-0.5604,0.6865,0.7703,0.9697,37.1691,0.0579,2.4722,6.3766
ffc117_Rep1_s0.png,0.445,0.0176,-1.7534,0.6644,0.2842,1.5524,1.6059,0.0845,2.1881,5.6359
ffc117_Rep1_s1.png,0.3685,0.014,-1.8532,0.5511,0.1287,1.5603,1.7312,0.1054,2.2468,5.8544
ffc117_Rep1_s2.png,0.398,0.0173,-1.7631,0.6057,0.2101,1.5399,1.6931,0.1335,1.7963,2.8667
ffc117_Rep1_s3.png,0.4936,0.0222,-1.6534,0.741,0.2206,1.5393,1.5198,0.0648,2.6922,9.4776
ffc117_Rep1_s4.png,0.3997,0.0125,-1.9014,0.5912,0.3112,1.588,1.6631,0.1372,1.7895,2.6452
ffc117_Rep1_s5.png,0.3545,0.0157,-1.8047,0.5217,0.2048,1.533,1.7633,0.1008,2.2888,5.7778
ffc117_Rep1_s6.png,0.4412,0.015,-1.8231,0.6555,0.3029,1.5788,1.5573,0.1081,1.8383,3.0709
ffc117_Rep1_s7.png,0.0159,0.1769,-0.7523,0.5634,0.8998,1.0492,32.8942,0.0677,2.9941,10.0975
ffc117_Rep2_s0.png,0.4542,0.0195,-1.7103,0.677,0.2997,1.5413,1.5931,0.0807,2.2322,5.8915
ffc117_Rep2_s1.png,0.3661,0.0129,-1.8891,0.5481,0.179,1.5725,1.6987,0.0965,2.4274,7.0671
ffc117_Rep2_s2.png,0.3741,0.0162,-1.7895,0.575,0.321,1.5407,1.7512,0.151,1.6845,2.2616
ffc117_Rep2_s3.png,0.4675,0.0228,-1.6418,0.7016,0.2257,1.5238,1.5883,0.0656,2.6489,8.995
ffc117_Rep2_s4.png,0.4284,0.0168,-1.776,0.6398,0.2834,1.5562,1.6429,0.1361,1.8552,2.9032
ffc117_Rep2_s5.png,0.3495,0.0156,-1.8082,0.5138,0.1234,1.5333,1.7834,0.0945,2.2728,5.7799
ffc117_Rep2_s6.png,0.4446,0.0178,-1.7489,0.6656,0.4264,1.5555,1.6005,0.0891,2.1921,5.296
ffc117_Rep2_s7.png,0.2647,0.0124,-1.9051,0.3791,0.4932,1.5242,2.2457,0.0968,1.9937,3.6642
ffc118_Rep1_s0.png,0.4816,0.0233,-1.6323,0.721,0.28,1.5216,1.5715,0.085,2.3997,6.5621
ffc118_Rep1_s1.png,0.3682,0.0133,-1.8771,0.5525,0.0938,1.5675,1.7107,0.1303,2.1543,4.779
ffc118_Rep1_s2.png,0.3911,0.0156,-1.8078,0.5953,0.2564,1.5513,1.6877,0.128,1.923,3.4611
ffc118_Rep1_s3.png,0.1708,0.0277,-1.5574,0.2571,0.1904,1.3698,3.5434,0.0774,1.6386,3.1429
ffc118_Rep1_s4.png,0.0908,0.0446,-1.3506,0.1721,0.7772,1.2763,6.4583,0.1796,0.6674,-0.7341
ffc118_Rep1_s5.png,0.3172,0.0159,-1.7984,0.4634,0.2424,1.5192,1.921,0.0973,2.2387,5.5337
ffc118_Rep1_s6.png,0.3727,0.0167,-1.777,0.5619,0.489,1.5387,1.7879,0.0999,1.8491,3.1245
ffc118_Rep1_s7.png,0.0371,0.1037,-0.9843,0.5044,0.6773,1.24,16.0541,0.1155,1.8407,2.5397
ffc118_Rep2_s0.png,0.4682,0.0209,-1.6796,0.6969,0.301,1.5381,1.5768,0.0846,2.3568,6.3775
ffc118_Rep2_s1.png,0.355,0.0129,-1.891,0.5345,0.2651,1.5667,1.7465,0.1001,2.4533,6.9808
ffc118_Rep2_s2.png,0.3744,0.0157,-1.804,0.5692,0.2395,1.5452,1.7219,0.1185,1.9039,3.605
ffc118_Rep2_s3.png,0.4241,0.0214,-1.6702,0.6367,0.3704,1.5213,1.6954,0.0681,2.3826,7.2043
ffc118_Rep2_s4.png,0.1378,0.03,-1.5228,0.2054,0.4594,1.3309,4.3111,0.1444,0.9591,0.0423
ffc118_Rep2_s5.png,0.3068,0.0153,-1.8163,0.4492,0.2375,1.518,1.9442,0.1019,2.2873,5.6782
ffc118_Rep2_s6.png,0.413,0.0155,-1.8104,0.6173,0.3601,1.5633,1.6287,0.0908,1.7252,2.8084
ffc118_Rep2_s7.png,0.0488,0.1023,-0.99,0.5283,0.6139,1.2504,12.9193,0.0992,2.1613,4.0471
ffc11_Rep1_s0.png,0.4465,0.0198,-1.7031,0.6667,0.1603,1.5356,1.612,0.0876,1.8027,3.2161
ffc11_Rep1_s1.png,0.3599,0.0139,-1.8581,0.5308,0.2772,1.5546,1.7418,0.1282,1.9113,3.8461
ffc11_Rep1_s2.png,0.3798,0.0155,-1.8095,0.5748,0.2607,1.5503,1.7375,0.1309,1.6295,2.2621
ffc11_Rep1_s3.png,0.4503,0.0201,-1.6964,0.6757,0.2369,1.5387,1.5838,0.0637,2.2071,5.8018
ffc11_Rep1_s4.png,0.4277,0.0163,-1.7885,0.6409,0.2629,1.56,1.6214,0.1382,1.3644,1.1426
ffc11_Rep1_s5.png,0.3271,0.015,-1.8245,0.4728,0.2785,1.528,1.8846,0.1299,1.8231,3.368
ffc11_Rep1_s6.png,0.4235,0.0148,-1.8302,0.6285,0.3721,1.5757,1.5872,0.1434,1.5804,1.6492
ffc11_Rep1_s7.png,0.0203,0.0664,-1.1781,0.355,0.7271,1.1831,18.8845,0.084,1.6424,2.4864
ffc11_Rep2_s0.png,0.4409,0.0171,-1.7661,0.6564,0.1125,1.5511,1.6044,0.0866,1.7563,3.1408
ffc11_Rep2_s1.png,0.3511,0.0141,-1.8511,0.5245,0.2082,1.5522,1.7846,0.1309,2.0026,4.1935
ffc11_Rep2_s2.png,0.3942,0.0139,-1.8581,0.5947,0.2494,1.573,1.6639,0.1343,1.7043,2.5184
ffc11_Rep2_s3.png,0.4906,0.0217,-1.663,0.7133,0.1775,1.5339,1.5346,0.0654,2.5127,8.0991
ffc11_Rep2_s4.png,0.4404,0.0173,-1.7618,0.6484,0.2527,1.5563,1.608,0.1312,1.5942,2.0359
ffc11_Rep2_s5.png,0.3271,0.0142,-1.8477,0.4744,0.2936,1.5348,1.8665,0.1274,1.8664,3.5877
ffc11_Rep2_s6.png,0.4393,0.0182,-1.7404,0.6546,0.3419,1.5524,1.6027,0.1061,1.7693,2.6619
ffc11_Rep2_s7.png,0.0465,0.0396,-1.4029,0.341,0.8664,1.341,10.1945,0.1166,1.6491,1.8943
ffc120_Rep1_s0.png,0.4848,0.0227,-1.6436,0.7228,0.1895,1.5301,1.5598,0.086,2.0848,4.856
ffc120_Rep1_s1.png,0.3808,0.0136,-1.8665,0.5628,0.2321,1.5698,1.6548,0.1246,2.0265,4.4593
ffc120_Rep1_s2.png,0.4147,0.0153,-1.8154,0.628,0.1401,1.5661,1.6256,0.1296,1.7496,2.6799
ffc120_Rep1_s3.png,0.4087,0.0163,-1.7875,0.6135,0.315,1.5508,1.6447,0.0686,2.2984,6.3743
ffc120_Rep1_s4.png,0.4298,0.0143,-1.8443,0.6371,0.216,1.5785,1.5942,0.1402,1.5666,1.7955
ffc120_Rep1_s5.png,0.365,0.0149,-1.8267,0.5277,0.0908,1.5464,1.7205,0.1052,2.1951,5.5368
ffc120_Rep1_s6.png,0.4388,0.0162,-1.7893,0.653,0.3892,1.5632,1.5848,0.1059,1.8678,3.2591
ffc120_Rep1_s7.png,0.0784,0.0389,-1.4097,0.3406,0.4936,1.2659,7.1276,0.0828,2.6056,6.873
ffc120_Rep2_s0.png,0.4675,0.0205,-1.6877,0.6977,0.2196,1.5378,1.5737,0.0917,1.9134,3.7701
ffc120_Rep2_s1.png,0.3887,0.0153,-1.8148,0.5769,0.2017,1.5559,1.7026,0.1215,2.0254,4.3427
ffc120_Rep2_s2.png,0.4108,0.0165,-1.7814,0.6245,0.1331,1.5543,1.6511,0.1258,1.8132,2.9645
ffc120_Rep2_s3.png,0.2555,0.0187,-1.7287,0.385,0.2698,1.4713,2.3829,0.0791,1.9706,4.4653
ffc120_Rep2_s4.png,0.4597,0.0171,-1.7676,0.6799,0.2681,1.5613,1.5631,0.1421,1.5976,1.7931
ffc120_Rep2_s5.png,0.3411,0.0142,-1.8491,0.4996,0.1846,1.5406,1.7844,0.1277,2.0061,4.0689
ffc120_Rep2_s6.png,0.4422,0.0146,-1.8342,0.6559,0.3555,1.5807,1.5531,0.1382,1.6761,2.067
ffc120_Rep2_s7.png,0.0152,0.2067,-0.6847,0.622,0.7722,1.0046,36.7896,0.0567,2.3201,5.8918
ffc121_Rep1_s0.png,0.4706,0.0191,-1.7186,0.6987,0.1905,1.5486,1.5555,0.0906,2.1108,4.8886
ffc121_Rep1_s1.png,0.3846,0.0128,-1.8914,0.5677,0.2381,1.5769,1.651,0.1186,1.8573,3.5954
ffc121_Rep1_s2.png,0.3837,0.0134,-1.8714,0.5823,0.1423,1.5718,1.6958,0.1346,1.6889,2.2917
ffc121_Rep1_s3.png,0.4571,0.0171,-1.7659,0.6828,0.2058,1.5605,1.5405,0.0585,2.3869,7.1868
ffc121_Rep1_s4.png,0.4181,0.0136,-1.8654,0.6176,0.2814,1.5822,1.6035,0.1391,1.5674,1.8017
ffc121_Rep1_s5.png,0.3661,0.0139,-1.8571,0.5359,0.2313,1.5584,1.6918,0.1269,1.9606,3.8408
ffc121_Rep1_s6.png,0.2635,0.0155,-1.8087,0.4585,0.6789,1.492,2.3796,0.1154,2.0415,4.1203
ffc121_Rep1_s7.png,0.0514,0.0518,-1.2855,0.3241,0.7761,1.2459,10.5659,0.0901,1.98,3.7757
ffc121_Rep2_s0.png,0.4574,0.0184,-1.735,0.6842,0.24,1.5484,1.5843,0.0983,1.8926,3.5357
ffc121_Rep2_s1.png,0.0479,0.0382,-1.4184,0.0908,0.8378,1.2014,8.5183,0.0953,1.2186,2.1985
ffc121_Rep2_s2.png,0.4208,0.0153,-1.8141,0.6415,0.1029,1.5657,1.6257,0.123,1.8286,2.8663
ffc121_Rep2_s3.png,0.4834,0.0211,-1.6748,0.7265,0.1981,1.5409,1.5328,0.0655,2.4513,7.9379
ffc121_Rep2_s4.png,0.4399,0.0157,-1.8051,0.6506,0.2335,1.5694,1.5901,0.1405,1.6226,1.9864
ffc121_Rep2_s5.png,0.3576,0.0141,-1.8492,0.5262,0.219,1.5523,1.7107,0.1344,1.9258,3.581
ffc121_Rep2_s6.png,0.454,0.0156,-1.806,0.6726,0.3586,1.5729,1.5458,0.1419,1.6291,1.797
ffc121_Rep2_s7.png,0.0342,0.1011,-0.9954,0.4475,0.9184,1.1791,16.5855,0.0664,2.5838,7.05
ffc122_Rep1_s0.png,0.4426,0.0179,-1.7476,0.6637,0.2105,1.5491,1.6113,0.0893,2.0375,4.6025
ffc122_Rep1_s1.png,0.2011,0.0177,-1.7515,0.3,0.5164,1.4484,2.7817,0.0992,2.5617,8.2409
ffc122_Rep1_s2.png,0.3518,0.0165,-1.783,0.5402,0.2866,1.5259,1.8291,0.1479,1.6574,1.9998
ffc122_Rep1_s3.png,0.3872,0.0189,-1.7239,0.5794,0.3964,1.5272,1.751,0.0679,2.1064,5.3644
ffc122_Rep1_s4.png,0.1466,0.0263,-1.5806,0.2229,0.4278,1.3536,4.0683,0.1734,0.6177,-0.7633
ffc122_Rep1_s5.png,0.2763,0.015,-1.8247,0.403,0.3093,1.5013,2.083,0.1408,1.9293,3.5145
ffc122_Rep1_s6.png,0.2388,0.014,-1.8531,0.3614,0.6122,1.4825,2.4743,0.0939,2.0304,3.997
ffc122_Rep1_s7.png,0.1594,0.0265,-1.5772,0.3827,0.8086,1.4491,3.9477,0.1024,1.9098,3.0372
ffc122_Rep2_s0.png,0.4533,0.0195,-1.7089,0.672,0.2984,1.5409,1.5932,0.0834,2.327,6.5914
ffc122_Rep2_s1.png,0.338,0.0141,-1.8515,0.5103,0.1937,1.5459,1.8326,0.1002,2.449,6.7963
ffc122_Rep2_s2.png,0.3689,0.0159,-1.7978,0.5647,0.3287,1.5455,1.753,0.1327,1.8449,3.2146
ffc122_Rep2_s3.png,0.3577,0.0192,-1.716,0.5411,0.4122,1.5141,1.8646,0.0675,2.1576,5.6507
ffc122_Rep2_s4.png,0.0135,0.1476,-0.831,0.5026,0.9834,1.0618,33.5916,0.168,0.7429,-0.4449
ffc122_Rep2_s5.png,0.2924,0.015,-1.824,0.4266,0.3154,1.512,2.0022,0.0989,2.2486,5.5229
ffc122_Rep2_s6.png,0.4119,0.0168,-1.7755,0.614,0.419,1.5548,1.6547,0.0861,1.9896,4.0664
ffc122_Rep2_s7.png,0.0414,0.0815,-1.089,0.4522,0.6115,1.27,14.4006,0.0875,2.377,5.2282
ffc123_Rep1_s0.png,0.4448,0.0169,-1.7712,0.6604,0.1851,1.5558,1.5827,0.0852,1.86,3.6927
ffc123_Rep1_s1.png,0.2856,0.0129,-1.8907,0.4236,0.3554,1.528,2.0273,0.0961,2.272,6.5621
ffc123_Rep1_s2.png,0.3814,0.0153,-1.815,0.5783,0.2232,1.548,1.7405,0.1345,1.769,2.6992
ffc123_Rep1_s3.png,0.5116,0.0282,-1.549,0.7634,0.1248,1.5075,1.5224,0.0627,2.4184,7.7213
ffc123_Rep1_s4.png,0.4378,0.016,-1.7948,0.6441,0.2547,1.566,1.6019,0.1322,1.6531,2.1886
ffc123_Rep1_s5.png,0.3666,0.0129,-1.888,0.5352,0.2119,1.5662,1.689,0.129,1.8931,3.5279
ffc123_Rep1_s6.png,0.4227,0.0159,-1.7996,0.6235,0.3734,1.5603,1.6064,0.1366,1.5143,1.4464
ffc123_Rep1_s7.png,0.0174,0.2733,-0.5634,0.6529,0.8384,0.9922,35.1243,0.0615,2.9813,10.6022
ffc123_Rep2_s0.png,0.4509,0.018,-1.7441,0.6728,0.188,1.5497,1.586,0.0852,1.9886,4.3887
ffc123_Rep2_s1.png,0.3691,0.014,-1.8543,0.5526,0.1202,1.561,1.7316,0.1293,1.9282,3.8118
ffc123_Rep2_s2.png,0.3992,0.0149,-1.8271,0.6066,0.0727,1.5639,1.6626,0.1233,1.7283,2.7996
ffc123_Rep2_s3.png,0.5047,0.0264,-1.579,0.7561,0.193,1.5134,1.5215,0.0627,2.2786,6.6872
ffc123_Rep2_s4.png,0.4247,0.0155,-1.8105,0.629,0.2745,1.5713,1.6084,0.1422,1.5618,1.7352
ffc123_Rep2_s5.png,0.3503,0.0131,-1.8833,0.5139,0.3285,1.5558,1.7462,0.1393,1.8215,3.1221
ffc123_Rep2_s6.png,0.4258,0.0166,-1.7809,0.631,0.4264,1.5567,1.618,0.1447,1.5696,1.5967
ffc123_Rep2_s7.png,0.0163,0.2424,-0.6155,0.6168,0.8661,0.9878,35.8362,0.0706,2.611,7.6317
ffc124_Rep1_s0.png,0.4692,0.0204,-1.6911,0.6974,0.1932,1.5371,1.5602,0.0779,2.0665,4.9444
ffc124_Rep1_s1.png,0.3912,0.0145,-1.8373,0.5784,0.2472,1.562,1.6658,0.1214,2.1132,4.795
ffc124_Rep1_s2.png,0.3989,0.0139,-1.8584,0.6052,0.1035,1.5743,1.6406,0.1292,1.8538,3.05
ffc124_Rep1_s3.png,0.5143,0.028,-1.5523,0.7711,0.2125,1.5074,1.5124,0.0684,2.5565,8.293
ffc124_Rep1_s4.png,0.4224,0.0148,-1.8311,0.6239,0.3035,1.5722,1.6123,0.1403,1.5046,1.5743
ffc124_Rep1_s5.png,0.3373,0.0135,-1.8708,0.4893,0.2801,1.5474,1.7944,0.1368,1.7849,2.9848
ffc124_Rep1_s6.png,0.4431,0.0159,-1.7998,0.6566,0.3408,1.5668,1.5739,0.1369,1.6652,2.0844
ffc124_Rep1_s7.png,0.0171,0.2595,-0.5858,0.6233,0.8318,0.9927,35.6085,0.0674,2.5173,7.1363
ffc124_Rep2_s0.png,0.4675,0.02,-1.6998,0.6929,0.1847,1.5437,1.5609,0.0854,2.0565,4.6488
ffc124_Rep2_s1.png,0.2661,0.0136,-1.8661,0.3936,0.1698,1.5103,2.1537,0.0958,2.1727,5.8429
ffc124_Rep2_s2.png,0.4087,0.0165,-1.7827,0.6199,0.2983,1.5491,1.6681,0.1075,1.8162,3.2038
ffc124_Rep2_s3.png,0.4805,0.0199,-1.7009,0.7203,0.2171,1.5468,1.5218,0.0677,2.4029,7.2105
ffc124_Rep2_s4.png,0.4353,0.0169,-1.7714,0.6411,0.2912,1.5533,1.6176,0.1348,1.6095,1.9897
ffc124_Rep2_s5.png,0.3451,0.0146,-1.8367,0.5055,0.2538,1.5438,1.7769,0.0963,1.96,4.277
ffc124_Rep2_s6.png,0.4335,0.0143,-1.8453,0.6395,0.3223,1.5796,1.5552,0.1349,1.6264,1.947
ffc124_Rep2_s7.png,0.0153,0.2522,-0.5982,0.6964,0.7148,0.9977,39.2509,0.0498,2.1722,4.9081
ffc125_Rep1_s0.png,0.4533,0.0191,-1.7191,0.679,0.2573,1.541,1.5922,0.0899,2.0246,4.5242
ffc125_Rep1_s1.png,0.3628,0.0145,-1.8384,0.5464,0.1799,1.556,1.7594,0.1319,2.0212,4.2017
ffc125_Rep1_s2.png,0.404,0.0178,-1.7496,0.6155,0.2557,1.5388,1.6705,0.1334,1.8327,3.0376
ffc125_Rep1_s3.png,0.3559,0.0143,-1.8455,0.5358,0.332,1.5463,1.8165,0.076,2.1892,5.9571
ffc125_Rep1_s4.png,0.4177,0.0138,-1.8592,0.6201,0.3249,1.5785,1.6174,0.1302,1.6969,2.3943
ffc125_Rep1_s5.png,0.3463,0.0149,-1.8278,0.5066,0.1682,1.5368,1.76,0.1277,2.1152,4.5785
ffc125_Rep1_s6.png,0.4598,0.0172,-1.7649,0.6837,0.3599,1.5598,1.5475,0.0891,1.883,3.5478
ffc125_Rep1_s7.png,0.0328,0.0811,-1.0908,0.3455,0.8781,1.2093,16.3794,0.0918,2.0914,4.048
ffc125_Rep2_s0.png,0.4491,0.0186,-1.7301,0.6697,0.275,1.5442,1.6062,0.0858,2.1603,5.3732
ffc125_Rep2_s1.png,0.3478,0.0133,-1.8752,0.5177,0.1663,1.5596,1.7698,0.1106,2.2011,5.4561
ffc125_Rep2_s2.png,0.4014,0.0168,-1.7744,0.6096,0.178,1.5443,1.656,0.1429,1.7478,2.5852
ffc125_Rep2_s3.png,0.3554,0.015,-1.8234,0.5332,0.3506,1.545,1.8253,0.0735,2.2481,6.41
ffc125_Rep2_s4.png,0.4217,0.0172,-1.7634,0.6241,0.3312,1.5525,1.6522,0.1414,1.5929,1.8747
ffc125_Rep2_s5.png,0.3504,0.0147,-1.8332,0.5121,0.1867,1.5421,1.7469,0.0943,2.2817,6.097
ffc125_Rep2_s6.png,0.4678,0.0181,-1.7416,0.6931,0.3286,1.5592,1.5379,0.0906,1.8254,3.148
ffc125_Rep2_s7.png,0.1091,0.0268,-1.5715,0.3811,0.7979,1.4244,5.2759,0.1099,1.756,2.4129
ffc127_Rep1_s0.png,0.4529,0.017,-1.7685,0.6767,0.216,1.5567,1.5749,0.0904,1.8863,3.7964
ffc127_Rep1_s1.png,0.291,0.0178,-1.7505,0.5056,0.3856,1.4977,2.1783,0.1077,2.2259,5.4782
ffc127_Rep1_s2.png,0.4141,0.0156,-1.8066,0.6292,0.1142,1.5595,1.653,0.1277,1.7413,2.7663
ffc127_Rep1_s3.png,0.4873,0.0244,-1.6124,0.7343,0.1503,1.5234,1.5418,0.0664,2.2716,6.6583
ffc127_Rep1_s4.png,0.4132,0.0155,-1.8103,0.6087,0.35,1.5637,1.6786,0.1322,1.6099,2.0763
ffc127_Rep1_s5.png,0.3484,0.0146,-1.8369,0.5106,0.1969,1.5363,1.7653,0.1341,1.9513,3.6685
ffc127_Rep1_s6.png,0.4198,0.0125,-1.9027,0.6199,0.2503,1.598,1.5546,0.1471,1.5266,1.4877
ffc127_Rep1_s7.png,0.0986,0.0298,-1.5259,0.3473,0.6457,1.3279,5.7056,0.0793,2.4564,6.6345
ffc127_Rep2_s0.png,0.4621,0.0192,-1.7169,0.6917,0.1915,1.543,1.5774,0.0956,1.9038,3.6086
ffc127_Rep2_s1.png,0.3468,0.0163,-1.7888,0.5435,0.4663,1.5312,1.8539,0.1159,2.1136,4.973
ffc127_Rep2_s2.png,0.4291,0.016,-1.7972,0.6521,0.1761,1.5623,1.6155,0.1159,1.9356,3.621
ffc127_Rep2_s3.png,0.4883,0.0233,-1.6332,0.7328,0.1484,1.5257,1.5402,0.0624,2.5154,8.2049
ffc127_Rep2_s4.png,0.4361,0.0132,-1.8778,0.6462,0.2804,1.5939,1.5707,0.1407,1.5394,1.6425
ffc127_Rep2_s5.png,0.3641,0.0147,-1.8335,0.5359,0.2563,1.5514,1.7113,0.127,2.0478,4.2416
ffc127_Rep2_s6.png,0.4044,0.0143,-1.8438,0.6088,0.3631,1.5741,1.6279,0.1421,1.699,2.163
ffc127_Rep2_s7.png,0.0195,0.2644,-0.5777,0.6582,0.8289,1.0011,32.3045,0.0675,2.1273,4.7701
ffc128_Rep1_s0.png,0.468,0.0212,-1.6737,0.6936,0.2572,1.5347,1.57,0.0802,2.2799,6.1649
ffc128_Rep1_s1.png,0.3619,0.0131,-1.8823,0.5424,0.1285,1.5659,1.7383,0.104,2.3694,6.3957
ffc128_Rep1_s2.png,0.3565,0.0172,-1.7656,0.5467,0.2835,1.5277,1.8123,0.1407,1.7068,2.3956
ffc128_Rep1_s3.png,0.3382,0.0155,-1.8108,0.5089,0.3072,1.5326,1.8609,0.0732,2.2747,6.2334
ffc128_Rep1_s4.png,0.4006,0.0122,-1.9135,0.5911,0.3815,1.5868,1.6415,0.1289,1.9479,3.5869
ffc128_Rep1_s5.png,0.3266,0.0157,-1.8042,0.4771,0.2433,1.5194,1.8893,0.1004,2.2492,5.7406
ffc128_Rep1_s6.png,0.4148,0.0166,-1.7812,0.6192,0.2773,1.5585,1.6327,0.0896,1.8778,3.6389
ffc128_Rep1_s7.png,0.0356,0.0679,-1.1684,0.5033,0.8166,1.2686,15.0857,0.0838,2.2124,4.7204
ffc128_Rep2_s0.png,0.4696,0.0227,-1.6434,0.6967,0.3148,1.5257,1.5764,0.0807,2.4013,6.7484
ffc128_Rep2_s1.png,0.3426,0.013,-1.8857,0.5131,0.1998,1.5604,1.7674,0.0989,2.5297,7.3602
ffc128_Rep2_s2.png,0.3547,0.0175,-1.7573,0.5391,0.2876,1.5254,1.8234,0.1409,1.8701,3.1112
ffc128_Rep2_s3.png,0.3227,0.0174,-1.7601,0.479,0.2567,1.5083,1.9682,0.0687,2.2576,6.2362
ffc128_Rep2_s4.png,0.3869,0.0129,-1.8905,0.5724,0.3809,1.5777,1.6896,0.1265,1.9681,3.5749
ffc128_Rep2_s5.png,0.2696,0.0154,-1.8122,0.3926,0.1969,1.4943,2.1645,0.1008,2.2638,5.5629
ffc128_Rep2_s6.png,0.3941,0.016,-1.7962,0.5887,0.3591,1.5539,1.696,0.086,2.0408,4.4994
ffc128_Rep2_s7.png,0.0609,0.0403,-1.3948,0.3329,0.9264,1.3024,8.571,0.1016,1.7469,2.3419
ffc129_Rep1_s0.png,0.4706,0.0195,-1.7096,0.7019,0.2157,1.5462,1.5673,0.0921,2.0173,4.2137
ffc129_Rep1_s1.png,0.3798,0.0134,-1.8741,0.5615,0.2512,1.5677,1.6768,0.123,1.8604,3.6843
ffc129_Rep1_s2.png,0.405,0.0139,-1.8555,0.6149,0.1841,1.576,1.6487,0.1201,1.7668,2.7513
ffc129_Rep1_s3.png,0.5102,0.024,-1.6206,0.7433,0.2111,1.5266,1.5001,0.0619,2.2718,6.5975
ffc129_Rep1_s4.png,0.4518,0.0173,-1.7617,0.6674,0.2758,1.558,1.5691,0.1392,1.5838,1.8051
ffc129_Rep1_s5.png,0.3219,0.0127,-1.8973,0.4669,0.2502,1.5506,1.8235,0.1385,1.749,2.8835
ffc129_Rep1_s6.png,0.4516,0.0146,-1.8342,0.6673,0.3277,1.5844,1.5308,0.1317,1.674,2.1292
ffc129_Rep1_s7.png,0.0629,0.0509,-1.2936,0.3852,0.7439,1.2636,9.1492,0.0915,2.0777,4.0039
ffc129_Rep2_s0.png,0.4481,0.0183,-1.7385,0.6706,0.2091,1.5468,1.6012,0.0963,1.9008,3.6676
ffc129_Rep2_s1.png,0.3748,0.0134,-1.8727,0.5602,0.2022,1.573,1.681,0.1277,1.98,4.1071
ffc129_Rep2_s2.png,0.4364,0.019,-1.7206,0.6633,0.2215,1.541,1.6138,0.1153,1.7936,3.0166
ffc129_Rep2_s3.png,0.4862,0.023,-1.6379,0.7329,0.2375,1.5296,1.5423,0.0598,2.3111,7.1031
ffc129_Rep2_s4.png,0.4472,0.0173,-1.7612,0.6621,0.2373,1.558,1.5832,0.1408,1.5936,1.8227
ffc129_Rep2_s5.png,0.3454,0.0132,-1.8781,0.5053,0.248,1.5543,1.7518,0.1355,1.8119,3.0598
ffc129_Rep2_s6.png,0.44,0.0154,-1.8133,0.6553,0.3653,1.5718,1.5657,0.1398,1.5779,1.6073
ffc129_Rep2_s7.png,0.0257,0.1489,-0.8271,0.4792,0.7554,1.1245,23.1824,0.0764,2.6323,7.1964
ffc12_Rep1_s0.png,0.4351,0.0153,-1.814,0.6491,0.2033,1.5729,1.5913,0.0902,1.899,3.9802
ffc12_Rep1_s1.png,0.3628,0.0123,-1.9103,0.5335,0.267,1.5763,1.6864,0.1233,1.9359,4.0395
ffc12_Rep1_s2.png,0.3911,0.0153,-1.8167,0.5975,0.2865,1.5548,1.7124,0.1086,1.9701,3.7015
ffc12_Rep1_s3.png,0.4885,0.0214,-1.6701,0.7079,0.2913,1.5385,1.5298,0.0629,2.6008,8.7027
ffc12_Rep1_s4.png,0.436,0.0146,-1.835,0.6528,0.2747,1.5743,1.6097,0.1386,1.5948,1.8434
ffc12_Rep1_s5.png,0.3487,0.0152,-1.8183,0.5073,0.1823,1.5342,1.7889,0.0989,2.2699,6.1022
ffc12_Rep1_s6.png,0.4054,0.0127,-1.8957,0.6062,0.3507,1.5904,1.6076,0.1447,1.6559,2.0531
ffc12_Rep1_s7.png,0.0955,0.0279,-1.5549,0.3572,0.7795,1.3953,5.7782,0.0919,1.8638,3.0308
ffc12_Rep2_s0.png,0.4369,0.0164,-1.7857,0.6529,0.2075,1.5622,1.6148,0.0945,1.9208,4.0732
ffc12_Rep2_s1.png,0.3956,0.0148,-1.829,0.5832,0.276,1.5624,1.6532,0.0974,2.1555,5.6008
ffc12_Rep2_s2.png,0.4001,0.0157,-1.8045,0.6095,0.3906,1.5563,1.6978,0.1005,2.1206,4.4783
ffc12_Rep2_s3.png,0.5155,0.0271,-1.5663,0.7491,0.289,1.5102,1.5165,0.0597,2.4733,7.7536
ffc12_Rep2_s4.png,0.3863,0.0128,-1.8936,0.5824,0.2701,1.5809,1.6957,0.147,1.4595,1.3108
ffc12_Rep2_s5.png,0.3535,0.0137,-1.862,0.5167,0.197,1.5529,1.7241,0.1235,2.1068,4.8737
ffc12_Rep2_s6.png,0.4153,0.014,-1.8542,0.6218,0.3654,1.5819,1.6022,0.147,1.685,2.0658
ffc12_Rep2_s7.png,0.0871,0.0252,-1.5991,0.3816,0.8461,1.397,6.0192,0.1074,1.6629,2.1335
ffc130_Rep1_s0.png,0.464,0.0198,-1.7025,0.6933,0.1948,1.5408,1.5858,0.0841,1.9853,4.2398
ffc130_Rep1_s1.png,0.3726,0.0139,-1.8569,0.5534,0.174,1.5562,1.7106,0.1045,2.0304,4.7614
ffc130_Rep1_s2.png,0.3867,0.0145,-1.8372,0.5891,0.2091,1.5612,1.6936,0.1292,1.8015,2.8979
ffc130_Rep1_s3.png,0.4959,0.0235,-1.6296,0.7169,0.2961,1.5247,1.5268,0.0601,2.4465,7.872
ffc130_Rep1_s4.png,0.4225,0.016,-1.7958,0.6235,0.2935,1.557,1.6486,0.1281,1.6379,2.133
ffc130_Rep1_s5.png,0.3494,0.0152,-1.8194,0.5023,0.2363,1.5384,1.7912,0.0943,2.0755,4.875
ffc130_Rep1_s6.png,0.4464,0.0155,-1.8109,0.6629,0.386,1.5715,1.5567,0.0943,1.7914,3.1179
ffc130_Rep1_s7.png,0.0203,0.3051,-0.5155,0.6803,0.789,0.9838,32.348,0.0603,2.3974,6.3853
ffc130_Rep2_s0.png,0.4487,0.0183,-1.7378,0.6685,0.2193,1.5471,1.5966,0.0852,1.7866,3.2425
ffc130_Rep2_s1.png,0.3853,0.0145,-1.8396,0.5699,0.2397,1.5579,1.676,0.1204,2.1185,4.8536
ffc130_Rep2_s2.png,0.4074,0.0159,-1.7973,0.6163,0.1251,1.5589,1.6421,0.1349,1.8664,3.056
ffc130_Rep2_s3.png,0.4839,0.0226,-1.6468,0.7233,0.2084,1.5289,1.5483,0.0621,2.4586,7.59
ffc130_Rep2_s4.png,0.4434,0.0151,-1.82,0.6551,0.314,1.5748,1.5802,0.1351,1.7037,2.3301
ffc130_Rep2_s5.png,0.3565,0.0152,-1.8186,0.5196,0.1865,1.5406,1.7362,0.0994,2.064,4.7302
ffc130_Rep2_s6.png,0.4366,0.0137,-1.8631,0.6473,0.3402,1.587,1.5524,0.1331,1.685,2.1815
ffc130_Rep2_s7.png,0.0196,0.3203,-0.4944,0.7159,0.8089,0.9901,33.1773,0.0698,2.0973,4.5062
ffc131_Rep1_s0.png,0.4464,0.0177,-1.7519,0.6691,0.3655,1.5517,1.6154,0.0939,2.1335,4.9531
ffc131_Rep1_s1.png,0.2495,0.0128,-1.8941,0.3833,0.116,1.5092,2.2649,0.0945,2.8209,10.1361
ffc131_Rep1_s2.png,0.368,0.0161,-1.7933,0.5598,0.1521,1.5384,1.7683,0.1113,2.0729,4.2704
ffc131_Rep1_s3.png,0.4091,0.0196,-1.7084,0.618,0.3948,1.5283,1.7079,0.0702,2.3829,6.999
ffc131_Rep1_s4.png,0.1259,0.03,-1.5232,0.1923,0.3898,1.3236,4.631,0.1728,0.518,-0.875
ffc131_Rep1_s5.png,0.2957,0.0133,-1.8747,0.4268,0.2311,1.5295,1.9507,0.1042,2.2891,5.967
ffc131_Rep1_s6.png,0.0097,0.2979,-0.526,0.6947,0.9563,0.9762,52.8063,0.1199,0.7374,-0.4327
ffc131_Rep1_s7.png,0.0031,0.3363,-0.4733,0.5836,0.8682,0.908,97.1295,0.009,1.3286,2.8436
ffc131_Rep2_s0.png,0.461,0.0206,-1.686,0.6886,0.3509,1.5367,1.602,0.0806,2.4786,7.2028
ffc131_Rep2_s1.png,0.3413,0.0151,-1.8197,0.5132,0.3192,1.541,1.8722,0.1,2.4805,7.0752
ffc131_Rep2_s2.png,0.3687,0.0137,-1.8639,0.5582,0.1013,1.5627,1.7023,0.1435,1.8931,3.1988
ffc131_Rep2_s3.png,0.3644,0.0179,-1.7473,0.5445,0.3361,1.5225,1.8413,0.0718,2.1243,5.4053
ffc131_Rep2_s4.png,0.3898,0.0141,-1.8495,0.5801,0.3491,1.565,1.7081,0.1377,1.7637,2.4991
ffc131_Rep2_s5.png,0.2804,0.0142,-1.8468,0.4098,0.2293,1.5091,2.037,0.1085,2.2451,5.556
ffc131_Rep2_s6.png,0.4185,0.0158,-1.8022,0.6244,0.3472,1.5608,1.6281,0.0843,2.0475,4.1979
ffc131_Rep2_s7.png,0.0631,0.0507,-1.2951,0.3797,0.8956,1.2848,8.9162,0.0949,1.9157,2.9165
ffc134_Rep1_s0.png,0.432,0.0184,-1.7356,0.645,0.3396,1.5419,1.6349,0.0824,2.3279,6.5341
ffc134_Rep1_s1.png,0.3418,0.013,-1.8856,0.5141,0.3117,1.5596,1.8157,0.0977,2.5566,7.3287
ffc134_Rep1_s2.png,0.3713,0.0144,-1.8409,0.5629,0.1711,1.557,1.7099,0.1372,1.8958,3.2891
ffc134_Rep1_s3.png,0.215,0.0229,-1.6404,0.3203,0.3313,1.4107,2.8581,0.0795,1.8576,4.1182
ffc134_Rep1_s4.png,0.0658,0.0941,-1.0265,0.2605,0.9487,1.2236,9.606,0.1381,0.7345,-0.4613
ffc134_Rep1_s5.png,0.2962,0.0133,-1.8753,0.4296,0.2076,1.5307,1.9431,0.0991,2.3988,6.8658
ffc134_Rep1_s6.png,0.4406,0.0172,-1.7633,0.6524,0.3838,1.5605,1.5829,0.0785,2.1684,5.2366
ffc134_Rep1_s7.png,0.0248,0.0763,-1.1175,0.4447,0.8793,1.1894,21.3866,0.0806,2.1062,4.3447
ffc134_Rep2_s0.png,0.4244,0.0149,-1.8281,0.6352,0.2591,1.5708,1.6133,0.0828,2.2156,5.8312
ffc134_Rep2_s1.png,0.3703,0.0139,-1.8576,0.5551,0.2148,1.5594,1.7158,0.1006,2.6706,7.9254
ffc134_Rep2_s2.png,0.3864,0.0153,-1.8166,0.5881,0.1852,1.553,1.6889,0.1337,1.9292,3.5582
ffc134_Rep2_s3.png,0.1476,0.023,-1.6382,0.2235,0.2932,1.3686,3.7715,0.0809,1.6173,3.0625
ffc134_Rep2_s4.png,0.0593,0.0947,-1.0237,0.2431,0.9537,1.2005,10.4619,0.1564,0.6681,-0.5872
ffc134_Rep2_s5.png,0.2983,0.0154,-1.8128,0.4339,0.2717,1.5158,2.0222,0.0996,2.4798,7.1061
ffc134_Rep2_s6.png,0.4158,0.0166,-1.7804,0.6217,0.3334,1.5606,1.6237,0.088,2.0163,4.2943
ffc134_Rep2_s7.png,0.1708,0.0185,-1.7335,0.312,0.7282,1.4313,3.3747,0.0981,1.8863,2.936
ffc136_Rep1_s0.png,0.4045,0.0163,-1.7889,0.5995,0.2488,1.5471,1.6944,0.0894,2.1269,5.4599
ffc136_Rep1_s1.png,0.3585,0.0132,-1.879,0.5385,0.2222,1.5634,1.7319,0.1029,2.5575,7.5797
ffc136_Rep1_s2.png,0.2943,0.0199,-1.701,0.5032,0.5805,1.4946,2.1609,0.1414,1.7324,2.4913
ffc136_Rep1_s3.png,0.371,0.0175,-1.7569,0.5548,0.3337,1.5294,1.8115,0.0701,2.1317,5.5357
ffc136_Rep1_s4.png,0.2375,0.0143,-1.8437,0.3588,0.3512,1.4868,2.4728,0.1559,1.1764,0.5166
ffc136_Rep1_s5.png,0.3149,0.0171,-1.766,0.4597,0.2092,1.5025,1.9788,0.0956,2.3012,6.0403
ffc136_Rep1_s6.png,0.3631,0.0194,-1.7129,0.5484,0.3757,1.5137,1.8652,0.0953,1.8504,3.4357
ffc136_Rep1_s7.png,0.0839,0.0382,-1.4185,0.3916,0.918,1.3997,6.8785,0.1112,1.9169,2.9167
ffc136_Rep2_s0.png,0.3342,0.0162,-1.7892,0.4952,0.3032,1.5219,1.945,0.0899,2.2027,5.788
ffc136_Rep2_s1.png,0.3315,0.0142,-1.8486,0.503,0.3054,1.5434,1.8742,0.1007,2.54,7.2903
ffc136_Rep2_s2.png,0.3578,0.0163,-1.7882,0.5467,0.3011,1.5379,1.788,0.142,1.8333,2.9887
ffc136_Rep2_s3.png,0.1252,0.0362,-1.4412,0.1908,0.0683,1.3081,4.5802,0.0851,1.4772,2.3306
ffc136_Rep2_s4.png,0.0625,0.1022,-0.9903,0.2722,0.9512,1.2008,10.1516,0.1472,0.7641,-0.4568
ffc136_Rep2_s5.png,0.142,0.0287,-1.5416,0.2078,0.1378,1.3498,4.1786,0.1196,1.6035,2.1712
ffc136_Rep2_s6.png,0.2967,0.0223,-1.6516,0.4482,0.2767,1.4665,2.2411,0.0934,1.7486,3.057
ffc136_Rep2_s7.png,0.031,0.1372,-0.8626,0.4623,0.8682,1.1383,18.9771,0.0713,3.3682,12.0395
ffc137_Rep1_s0.png,0.065,0.0468,-1.3293,0.1509,0.8726,1.2688,7.8202,0.1051,1.6701,2.9801
ffc137_Rep1_s1.png,0.1138,0.0204,-1.69,0.1738,0.3582,1.3585,4.6555,0.1461,1.6446,1.9786
ffc137_Rep1_s2.png,0.3385,0.0147,-1.8317,0.5144,0.2402,1.5406,1.8266,0.1456,1.966,3.4241
ffc137_Rep1_s3.png,0.15,0.0395,-1.4036,0.2272,0.2782,1.3063,4.046,0.0773,1.721,3.3288
ffc137_Rep1_s4.png,0.0108,0.1499,-0.8243,0.6468,0.9879,1.0922,38.7927,0.153,0.6189,-0.8844
ffc137_Rep1_s5.png,0.1474,0.0264,-1.5791,0.2126,0.1908,1.3626,4.0462,0.1183,1.8925,3.4083
ffc137_Rep1_s6.png,0.3422,0.0131,-1.8829,0.5119,0.3766,1.5617,1.806,0.094,2.1835,5.2269
ffc137_Rep1_s7.png,0.1439,0.0302,-1.5204,0.3928,0.8332,1.3627,4.3302,0.0984,1.9006,2.7601
ffc137_Rep2_s0.png,0.3317,0.0165,-1.7819,0.4892,0.2413,1.5178,1.9576,0.0914,2.3723,6.4522
ffc137_Rep2_s1.png,0.0317,0.1415,-0.8492,0.3098,0.9714,1.145,19.0464,0.1517,1.414,1.074
ffc137_Rep2_s2.png,0.3317,0.0139,-1.8573,0.5045,0.2515,1.5446,1.858,0.1471,1.9807,3.473
ffc137_Rep2_s3.png,0.1305,0.0399,-1.3987,0.1972,0.2241,1.2914,4.5049,0.0841,1.5885,2.6609
ffc137_Rep2_s4.png,0.0108,0.0952,-1.0213,0.3118,0.9851,1.0907,29.7275,0.1251,0.8804,-0.3056
ffc137_Rep2_s5.png,0.2867,0.0144,-1.8402,0.4129,0.2329,1.5124,2.0677,0.0969,2.5712,7.645
ffc137_Rep2_s6.png,0.4368,0.0175,-1.7573,0.6475,0.3372,1.559,1.6102,0.0797,2.3998,6.6702
ffc137_Rep2_s7.png,0.0325,0.0713,-1.147,0.4429,0.6999,1.2341,17.0973,0.0745,2.3382,5.6941
ffc138_Rep1_s0.png,0.4386,0.0184,-1.7353,0.6578,0.2495,1.5409,1.6124,0.083,2.2015,5.7187
ffc138_Rep1_s1.png,0.3619,0.0146,-1.8364,0.5403,0.2384,1.5507,1.7414,0.0969,2.6189,7.9355
ffc138_Rep1_s2.png,0.4008,0.0169,-1.772,0.6087,0.2341,1.5418,1.6807,0.1268,2.1159,4.2901
ffc138_Rep1_s3.png,0.3689,0.0149,-1.826,0.5518,0.3083,1.5497,1.7178,0.0662,2.3244,6.823
ffc138_Rep1_s4.png,0.1736,0.0221,-1.6554,0.262,0.3381,1.3915,3.4189,0.1554,0.9574,-0.0537
ffc138_Rep1_s5.png,0.2666,0.0156,-1.8067,0.3894,0.2165,1.49,2.1632,0.0959,2.3058,5.9564
ffc138_Rep1_s6.png,0.4058,0.0184,-1.7353,0.6101,0.4018,1.5388,1.6948,0.0875,2.0248,4.1844
ffc138_Rep1_s7.png,0.1354,0.0242,-1.6159,0.3499,0.8409,1.3862,4.3622,0.0991,1.7235,2.0699
ffc138_Rep2_s0.png,0.4568,0.0215,-1.6678,0.6825,0.2755,1.5298,1.6051,0.0847,2.4549,7.1439
ffc138_Rep2_s1.png,0.331,0.013,-1.8848,0.4974,0.2715,1.5512,1.8281,0.1067,2.463,6.6525
ffc138_Rep2_s2.png,0.4014,0.0187,-1.7282,0.6097,0.227,1.5275,1.7076,0.1404,1.974,3.5385
ffc138_Rep2_s3.png,0.3042,0.0179,-1.7463,0.46,0.2553,1.4942,2.0609,0.0724,2.1309,5.6578
ffc138_Rep2_s4.png,0.131,0.0362,-1.4411,0.1978,0.3746,1.3053,4.6448,0.1648,0.6946,-0.5647
ffc138_Rep2_s5.png,0.1459,0.0277,-1.5575,0.2132,0.2483,1.3538,4.0933,0.1144,1.7382,2.8462
ffc138_Rep2_s6.png,0.4153,0.0188,-1.7253,0.6216,0.428,1.5375,1.6711,0.0848,2.0325,4.2305
ffc138_Rep2_s7.png,0.1912,0.0145,-1.8391,0.3177,0.4909,1.4672,2.9013,0.111,1.5424,1.5296
ffc13_Rep1_s0.png,0.4454,0.0192,-1.7174,0.665,0.2502,1.5429,1.6231,0.0814,2.1932,5.5702
ffc13_Rep1_s1.png,0.3855,0.0159,-1.7993,0.5736,0.1559,1.5501,1.7173,0.0958,2.4292,7.18
ffc13_Rep1_s2.png,0.3793,0.0153,-1.8151,0.5767,0.2412,1.55,1.7267,0.1028,1.8208,3.4672
ffc13_Rep1_s3.png,0.4271,0.0223,-1.6521,0.6414,0.3604,1.5151,1.6806,0.0742,2.5123,7.6854
ffc13_Rep1_s4.png,0.1834,0.0212,-1.6746,0.2764,0.4582,1.4093,3.271,0.1617,0.8822,-0.2933
ffc13_Rep1_s5.png,0.2579,0.0143,-1.8459,0.3784,0.3412,1.4979,2.184,0.1409,1.894,3.2498
ffc13_Rep1_s6.png,0.4031,0.0156,-1.8066,0.6012,0.3983,1.5604,1.6788,0.1034,1.7555,2.9292
ffc13_Rep1_s7.png,0.0048,0.4225,-0.3742,0.7435,0.9423,1.0377,91.001,0.0214,4.0954,19.6564
ffc13_Rep2_s0.png,0.3968,0.0169,-1.7725,0.5967,0.3507,1.5391,1.733,0.0911,2.2058,5.7526
ffc13_Rep2_s1.png,0.377,0.0143,-1.846,0.5603,0.3768,1.5559,1.717,0.1234,2.1358,5.0058
ffc13_Rep2_s2.png,0.3401,0.0141,-1.8499,0.5243,0.3331,1.55,1.8481,0.1467,1.5512,1.7729
ffc13_Rep2_s3.png,0.5239,0.0302,-1.5204,0.749,0.3682,1.494,1.5099,0.0616,2.8049,10.0073
ffc13_Rep2_s4.png,0.1433,0.0275,-1.5601,0.2197,0.4186,1.3525,4.2221,0.1725,0.5758,-0.7441
ffc13_Rep2_s5.png,0.3517,0.0153,-1.8145,0.5106,0.1383,1.5333,1.8028,0.1266,2.1085,4.699
ffc13_Rep2_s6.png,0.3401,0.0138,-1.861,0.5179,0.3519,1.5564,1.8162,0.1397,1.5756,1.8649
ffc13_Rep2_s7.png,0.0401,0.0722,-1.1412,0.4473,0.8847,1.2695,13.9183,0.092,2.1562,4.4194
ffc141_Rep1_s0.png,0.4616,0.0206,-1.686,0.6874,0.251,1.532,1.5845,0.0789,2.1699,5.6105
ffc141_Rep1_s1.png,0.3713,0.0148,-1.8297,0.5559,0.1619,1.5557,1.7313,0.094,2.4264,6.9377
ffc141_Rep1_s2.png,0.3838,0.016,-1.7949,0.5837,0.2144,1.5474,1.7091,0.1338,1.8185,3.0396
ffc141_Rep1_s3.png,0.415,0.0172,-1.7653,0.623,0.2147,1.548,1.6516,0.0659,2.4505,7.602
ffc141_Rep1_s4.png,0.4683,0.0176,-1.7539,0.6937,0.2997,1.5588,1.5495,0.1025,2.0373,4.2078
ffc141_Rep1_s5.png,0.3558,0.0142,-1.8478,0.5234,0.167,1.5499,1.7231,0.0952,2.2597,5.8669
ffc141_Rep1_s6.png,0.4383,0.0164,-1.7846,0.6533,0.306,1.567,1.5805,0.0887,1.8502,3.5107
ffc141_Rep1_s7.png,0.0676,0.0435,-1.3614,0.4038,0.889,1.367,8.4305,0.0857,2.396,5.6269
ffc141_Rep2_s0.png,0.451,0.0212,-1.6735,0.6727,0.3251,1.5293,1.6114,0.0792,2.2792,6.0166
ffc141_Rep2_s1.png,0.3436,0.0143,-1.8444,0.5175,0.2074,1.5482,1.8197,0.1009,2.4671,6.9605
ffc141_Rep2_s2.png,0.3713,0.0176,-1.754,0.5696,0.296,1.5324,1.7602,0.1269,1.8934,3.4948
ffc141_Rep2_s3.png,0.3725,0.0178,-1.7506,0.5585,0.3405,1.5289,1.814,0.0697,2.1472,5.7145
ffc141_Rep2_s4.png,0.4532,0.0191,-1.7184,0.6722,0.3578,1.543,1.6013,0.0957,2.1525,4.8305
ffc141_Rep2_s5.png,0.2833,0.0148,-1.8312,0.4144,0.2718,1.5034,2.0505,0.1025,2.2806,5.9028
ffc141_Rep2_s6.png,0.4489,0.0179,-1.7469,0.6682,0.3147,1.5571,1.584,0.0836,2.039,4.4584
ffc141_Rep2_s7.png,0.1548,0.0196,-1.7071,0.3091,0.7894,1.4078,3.7222,0.1082,1.7879,2.458
ffc142_Rep1_s0.png,0.4548,0.0194,-1.7118,0.6819,0.2655,1.54,1.5963,0.0895,2.0198,4.5181
ffc142_Rep1_s1.png,0.2748,0.0114,-1.9448,0.409,0.3272,1.5346,2.0217,0.0973,2.4633,7.7103
ffc142_Rep1_s2.png,0.3947,0.0159,-1.7975,0.6006,0.1132,1.5476,1.6816,0.1337,1.7663,2.7695
ffc142_Rep1_s3.png,0.5058,0.0247,-1.6082,0.7395,0.2675,1.5219,1.5171,0.0611,2.4279,7.677
ffc142_Rep1_s4.png,0.4169,0.0173,-1.7629,0.6262,0.3485,1.5471,1.6752,0.1374,1.5646,1.7863
ffc142_Rep1_s5.png,0.3589,0.0151,-1.8204,0.5174,0.2551,1.5434,1.7705,0.1015,2.1345,5.2574
ffc142_Rep1_s6.png,0.4115,0.0144,-1.8424,0.6222,0.3935,1.5769,1.6203,0.1384,1.6171,1.9088
ffc142_Rep1_s7.png,0.0186,0.3517,-0.4539,0.7249,0.766,0.9852,34.5161,0.0484,2.3738,6.7131
ffc142_Rep2_s0.png,0.4451,0.0185,-1.7336,0.6644,0.2177,1.547,1.6041,0.0918,1.9584,4.0376
ffc142_Rep2_s1.png,0.1993,0.0175,-1.7562,0.2956,0.5511,1.4354,2.7527,0.1009,1.7282,3.4813
ffc142_Rep2_s2.png,0.385,0.0146,-1.836,0.5844,0.1134,1.5613,1.7229,0.1431,1.7198,2.3746
ffc142_Rep2_s3.png,0.4888,0.0206,-1.686,0.7087,0.1928,1.541,1.5181,0.0656,2.3967,7.335
ffc142_Rep2_s4.png,0.4287,0.0161,-1.7933,0.6356,0.2916,1.5619,1.6297,0.1424,1.5209,1.6142
ffc142_Rep2_s5.png,0.3616,0.0143,-1.8447,0.5278,0.2554,1.5506,1.7561,0.1327,1.8915,3.4867
ffc142_Rep2_s6.png,0.4467,0.0152,-1.8194,0.6604,0.3583,1.5753,1.5474,0.1396,1.6154,1.8238
ffc142_Rep2_s7.png,0.0378,0.0792,-1.1012,0.4048,0.8854,1.2249,14.7942,0.0756,2.4088,5.7356
ffc143_Rep1_s0.png,0.0204,0.1334,-0.8749,0.3753,0.982,1.1094,24.7794,0.104,1.7568,3.529
ffc143_Rep1_s1.png,0.3295,0.0123,-1.9108,0.4909,0.1707,1.5597,1.8288,0.1148,2.5304,6.8248
ffc143_Rep1_s2.png,0.3514,0.0155,-1.8093,0.5361,0.3027,1.541,1.815,0.1409,2.0047,3.6254
ffc143_Rep1_s3.png,0.3381,0.017,-1.7689,0.5142,0.3684,1.5159,1.9173,0.0734,2.1252,5.3669
ffc143_Rep1_s4.png,0.0105,0.1267,-0.8971,0.5265,0.9871,1.1114,38.007,0.1548,0.5249,-1.1346
ffc143_Rep1_s5.png,0.1487,0.0257,-1.5898,0.2156,0.2545,1.3693,4.0088,0.1309,1.7959,2.9468
ffc143_Rep1_s6.png,0.1016,0.0332,-1.4794,0.1725,0.7865,1.3,5.54,0.1196,0.8961,0.1704
ffc143_Rep1_s7.png,0.0361,0.1155,-0.9375,0.5012,0.809,1.1942,16.2739,0.0958,2.2143,4.2085
ffc143_Rep2_s0.png,0.1505,0.0314,-1.5033,0.224,0.3415,1.3371,4.0551,0.1102,1.4942,1.9839
ffc143_Rep2_s1.png,0.347,0.0151,-1.8211,0.5212,0.3687,1.5381,1.8392,0.1008,2.4865,7.0237
ffc143_Rep2_s2.png,0.3407,0.0159,-1.7989,0.5183,0.2464,1.5271,1.8568,0.1241,2.0307,3.9624
ffc143_Rep2_s3.png,0.3769,0.0154,-1.8134,0.5701,0.3734,1.5527,1.7339,0.0772,2.3441,6.4495
ffc143_Rep2_s4.png,0.0105,0.1515,-0.8197,0.5421,0.9881,1.0789,37.678,0.1443,0.7157,-0.7554
ffc143_Rep2_s5.png,0.266,0.0149,-1.8261,0.3843,0.2386,1.4992,2.1886,0.1058,2.4753,6.8199
ffc143_Rep2_s6.png,0.3912,0.0158,-1.801,0.5866,0.3365,1.5583,1.697,0.0858,2.1464,4.929
ffc143_Rep2_s7.png,0.0175,0.2333,-0.632,0.5912,0.923,1.0276,32.8265,0.0783,2.8727,8.5788
ffc144_Rep1_s0.png,0.4408,0.019,-1.7205,0.6559,0.2926,1.5429,1.6147,0.08,2.2685,6.1965
ffc144_Rep1_s1.png,0.3582,0.013,-1.8857,0.5371,0.188,1.5648,1.7286,0.1,2.5856,7.5751
ffc144_Rep1_s2.png,0.377,0.0163,-1.7873,0.5739,0.2958,1.5493,1.7258,0.1289,1.887,3.4249
ffc144_Rep1_s3.png,0.357,0.0181,-1.7428,0.5314,0.3722,1.5203,1.8326,0.0666,2.1979,6.061
ffc144_Rep1_s4.png,0.0634,0.1064,-0.9731,0.2649,0.9532,1.2055,9.9918,0.1327,0.7616,-0.4137
ffc144_Rep1_s5.png,0.1536,0.0282,-1.5503,0.2247,0.2474,1.3556,3.9162,0.1175,1.6324,2.377
ffc144_Rep1_s6.png,0.4063,0.0156,-1.8067,0.6015,0.3478,1.563,1.6367,0.0795,1.9106,4.0066
ffc144_Rep1_s7.png,0.2384,0.0135,-1.8695,0.3401,0.5103,1.4961,2.4543,0.0917,1.9464,3.3558
ffc144_Rep2_s0.png,0.4457,0.0206,-1.6852,0.6652,0.2464,1.5306,1.6116,0.0811,2.3515,6.5247
ffc144_Rep2_s1.png,0.3594,0.0131,-1.8835,0.5411,0.2324,1.5673,1.7306,0.0992,2.5732,7.4796
ffc144_Rep2_s2.png,0.3857,0.0158,-1.8011,0.5887,0.257,1.5515,1.7,0.1332,1.8434,3.1152
ffc144_Rep2_s3.png,0.3364,0.0158,-1.8009,0.5,0.3222,1.5285,1.9089,0.0615,2.3279,6.916
ffc144_Rep2_s4.png,0.4577,0.02,-1.6994,0.6821,0.367,1.5388,1.6059,0.1033,2.0534,4.2029
ffc144_Rep2_s5.png,0.3194,0.0155,-1.8106,0.4681,0.2801,1.5166,1.9107,0.0995,2.2932,5.9715
ffc144_Rep2_s6.png,0.4075,0.0168,-1.774,0.6109,0.3169,1.5535,1.6603,0.0853,1.8174,3.492
ffc144_Rep2_s7.png,0.3134,0.0115,-1.9397,0.4162,0.5458,1.5555,1.9414,0.1253,1.819,2.6789
ffc145_Rep1_s0.png,0.4196,0.0183,-1.7369,0.628,0.3041,1.5368,1.6539,0.0857,2.2589,6.2493
ffc145_Rep1_s1.png,0.3496,0.0139,-1.8562,0.5302,0.2144,1.5516,1.779,0.0998,2.5518,7.2938
ffc145_Rep1_s2.png,0.3742,0.0169,-1.7716,0.5723,0.2886,1.5365,1.7471,0.1372,1.8781,3.2088
ffc145_Rep1_s3.png,0.1303,0.029,-1.5371,0.1967,0.3218,1.3326,4.3509,0.0792,1.577,2.9358
ffc145_Rep1_s4.png,0.0109,0.1611,-0.7928,0.5528,0.9877,1.0863,37.8159,0.1529,0.7428,-0.7293
ffc145_Rep1_s5.png,0.1539,0.0286,-1.5439,0.2254,0.1736,1.3631,3.9232,0.1208,1.7294,2.6695
ffc145_Rep1_s6.png,0.381,0.0197,-1.7063,0.57,0.463,1.5219,1.7939,0.086,1.8456,3.5146
ffc145_Rep1_s7.png,0.1446,0.0208,-1.6819,0.2966,0.8012,1.3939,3.9559,0.1021,1.7237,2.202
ffc145_Rep2_s0.png,0.4282,0.0178,-1.7506,0.6395,0.3238,1.5441,1.6342,0.0849,2.2377,6.0458
ffc145_Rep2_s1.png,0.3511,0.0143,-1.8445,0.5271,0.2802,1.546,1.8,0.0988,2.6557,7.9511
ffc145_Rep2_s2.png,0.3714,0.0142,-1.8476,0.5639,0.2518,1.5596,1.7033,0.1364,1.9788,3.7096
ffc145_Rep2_s3.png,0.3169,0.0165,-1.783,0.4774,0.2765,1.5157,1.9639,0.0662,2.3586,6.9325
ffc145_Rep2_s4.png,0.1288,0.0272,-1.5654,0.1953,0.3797,1.3374,4.4711,0.1594,0.767,-0.3259
ffc145_Rep2_s5.png,0.2597,0.0152,-1.8185,0.3794,0.1777,1.4896,2.1964,0.1007,2.2944,5.6563
ffc145_Rep2_s6.png,0.4336,0.0175,-1.7581,0.6475,0.3702,1.5548,1.6011,0.0817,2.0949,4.8422
ffc145_Rep2_s7.png,0.1235,0.0305,-1.5154,0.3825,0.8283,1.3467,4.8649,0.0813,1.8493,2.7765
ffc146_Rep1_s0.png,0.4751,0.0211,-1.6766,0.7086,0.1946,1.5346,1.567,0.0857,1.8177,3.1354
ffc146_Rep1_s1.png,0.3647,0.0126,-1.9006,0.5382,0.2834,1.5734,1.6957,0.1289,1.7789,3.1484
ffc146_Rep1_s2.png,0.4363,0.0163,-1.7873,0.6612,0.2186,1.5653,1.622,0.1027,1.9574,3.7404
ffc146_Rep1_s3.png,0.4676,0.0204,-1.6902,0.6902,0.2586,1.5393,1.5555,0.0614,2.0987,5.337
ffc146_Rep1_s4.png,0.4295,0.0141,-1.8501,0.6378,0.1688,1.5782,1.5963,0.1363,1.4864,1.5435
ffc146_Rep1_s5.png,0.3482,0.0124,-1.9049,0.505,0.2373,1.5625,1.7364,0.1352,1.7162,2.7489
ffc146_Rep1_s6.png,0.4695,0.0193,-1.7146,0.6966,0.3896,1.5526,1.553,0.0939,1.8294,3.1655
ffc146_Rep1_s7.png,0.0418,0.0591,-1.2282,0.3286,0.8381,1.2818,12.9369,0.0935,1.8295,2.6075
ffc146_Rep2_s0.png,0.4683,0.0185,-1.732,0.694,0.1734,1.5532,1.5594,0.0853,1.9577,3.9222
ffc146_Rep2_s1.png,0.3813,0.0136,-1.8655,0.5571,0.2936,1.5603,1.6843,0.123,1.8935,3.8436
ffc146_Rep2_s2.png,0.4491,0.0188,-1.7266,0.6782,0.3637,1.5434,1.6324,0.0974,1.8791,3.3953
ffc146_Rep2_s3.png,0.4277,0.0188,-1.7256,0.6293,0.3194,1.5404,1.635,0.0651,1.968,4.4822
ffc146_Rep2_s4.png,0.4168,0.0137,-1.8639,0.617,0.3094,1.5782,1.617,0.1335,1.3768,1.2455
ffc146_Rep2_s5.png,0.3362,0.0137,-1.8641,0.4855,0.3154,1.5446,1.8272,0.1317,1.7958,3.1833
ffc146_Rep2_s6.png,0.449,0.0186,-1.7307,0.6685,0.3458,1.5476,1.5931,0.1344,1.7156,2.2559
ffc146_Rep2_s7.png,0.0358,0.0874,-1.0584,0.4489,0.7589,1.2588,15.9178,0.1031,1.7598,2.3175
ffc148_Rep1_s0.png,0.3735,0.0171,-1.7668,0.551,0.191,1.5306,1.8119,0.0813,2.5327,7.5812
ffc148_Rep1_s1.png,0.0318,0.1458,-0.8364,0.4098,0.9774,1.1589,19.3141,0.1398,1.4422,1.3337
ffc148_Rep1_s2.png,0.2608,0.016,-1.795,0.3955,0.3319,1.483,2.307,0.1516,1.6951,2.2753
ffc148_Rep1_s3.png,0.0925,0.045,-1.3465,0.1604,0.7578,1.2562,6.062,0.0889,1.7578,3.2004
ffc148_Rep1_s4.png,0.017,0.1673,-0.7765,0.5995,0.9854,1.0979,28.4207,0.1174,0.989,-0.0279
ffc148_Rep1_s5.png,0.1569,0.026,-1.5853,0.2284,0.2517,1.3551,3.775,0.1121,1.8531,3.3717
ffc148_Rep1_s6.png,0.1466,0.0208,-1.6815,0.2175,0.3076,1.3743,3.7523,0.1019,1.4014,1.9461
ffc148_Rep1_s7.png,0.1574,0.0272,-1.5647,0.3573,0.7919,1.3768,3.8863,0.0878,2.3911,5.214
ffc148_Rep2_s0.png,0.4203,0.0155,-1.8096,0.6289,0.2948,1.5598,1.6417,0.0868,2.3275,6.2413
ffc148_Rep2_s1.png,0.1568,0.0162,-1.7896,0.2364,0.4296,1.4315,3.3511,0.1381,1.8113,2.8612
ffc148_Rep2_s2.png,0.3314,0.0144,-1.8415,0.5029,0.2622,1.5371,1.8713,0.1168,2.0674,4.3082
ffc148_Rep2_s3.png,0.1336,0.0315,-1.5018,0.2027,0.1873,1.3191,4.2381,0.0859,1.6903,3.0505
ffc148_Rep2_s4.png,0.1278,0.0309,-1.5105,0.1938,0.3737,1.3152,4.5536,0.1579,0.7185,-0.4305
ffc148_Rep2_s5.png,0.1484,0.0274,-1.5618,0.2136,0.1903,1.3642,4.0292,0.1175,1.9286,3.6364
ffc148_Rep2_s6.png,0.4092,0.0154,-1.8122,0.6118,0.3506,1.5659,1.6307,0.093,2.1221,4.7624
ffc148_Rep2_s7.png,0.0319,0.1192,-0.9239,0.521,0.7342,1.1872,19.5736,0.0625,2.6879,7.9163
ffc149_Rep1_s0.png,0.3411,0.015,-1.8237,0.5147,0.2901,1.5367,1.8825,0.0957,2.0734,4.8563
ffc149_Rep1_s1.png,0.3195,0.0148,-1.8286,0.4854,0.2498,1.5368,1.9266,0.1125,2.331,6.0855
ffc149_Rep1_s2.png,0.1261,0.0307,-1.513,0.1953,0.2077,1.3227,4.7398,0.1749,0.7421,-0.5944
ffc149_Rep1_s3.png,0.2148,0.0206,-1.6869,0.3238,0.4113,1.4244,2.7723,0.0844,1.724,3.2013
ffc149_Rep1_s4.png,0.0156,0.0507,-1.2952,0.1104,0.9732,1.1047,17.2074,0.1665,0.4774,-1.075
ffc149_Rep1_s5.png,0.0141,0.1277,-0.8939,0.5847,0.983,1.1456,33.36,0.1202,1.3987,0.9459
ffc149_Rep1_s6.png,0.1274,0.0365,-1.4376,0.5545,0.4969,1.3691,4.9473,0.0485,2.1215,4.3365
ffc149_Rep1_s7.png,0.1392,0.0374,-1.4266,0.4014,0.8015,1.3307,4.65,0.088,2.1465,3.927
ffc149_Rep2_s0.png,0.4367,0.0177,-1.7525,0.6483,0.2528,1.5484,1.6234,0.0892,2.3456,6.5708
ffc149_Rep2_s1.png,0.3273,0.0136,-1.8651,0.4951,0.1717,1.5518,1.8698,0.1254,2.2748,5.4735
ffc149_Rep2_s2.png,0.0392,0.1007,-0.9968,0.3863,0.5661,1.1201,14.4152,0.0098,3.2792,26.1211
ffc149_Rep2_s3.png,0.3929,0.0186,-1.7307,0.5931,0.3728,1.5276,1.7371,0.0713,2.2192,6.0371
ffc149_Rep2_s4.png,0.1327,0.0316,-1.5002,0.2018,0.4901,1.3253,4.5543,0.1741,0.6636,-0.6899
ffc149_Rep2_s5.png,0.2591,0.0158,-1.8,0.377,0.2714,1.4831,2.2328,0.1077,2.2974,5.7046
ffc149_Rep2_s6.png,0.2928,0.0163,-1.7874,0.4723,0.4092,1.512,2.1435,0.0868,2.1481,5.1902
ffc149_Rep2_s7.png,0.1374,0.029,-1.5378,0.3653,0.8488,1.3585,4.5013,0.1052,1.9354,3.0178
ffc150_Rep1_s0.png,0.4622,0.0227,-1.6432,0.6845,0.3418,1.5251,1.6198,0.0805,2.6354,8.2277
ffc150_Rep1_s1.png,0.3449,0.0146,-1.8368,0.5186,0.2818,1.5414,1.8412,0.1006,2.507,7.3653
ffc150_Rep1_s2.png,0.3667,0.0165,-1.7813,0.5581,0.1996,1.5352,1.7834,0.1046,2.1688,5.0815
ffc150_Rep1_s3.png,0.29,0.0171,-1.7662,0.4369,0.2684,1.4923,2.157,0.0766,2.1838,5.6172
ffc150_Rep1_s4.png,0.1264,0.0326,-1.4874,0.1924,0.5412,1.3104,4.7378,0.1532,0.7787,-0.4228
ffc150_Rep1_s5.png,0.2973,0.015,-1.823,0.4288,0.2988,1.5144,2.0194,0.0998,2.5763,7.4822
ffc150_Rep1_s6.png,0.0077,0.1156,-0.937,0.3637,0.9913,1.0748,33.7041,0.0714,0.6136,-0.076
ffc150_Rep1_s7.png,0.1072,0.0478,-1.3208,0.4296,0.9282,1.3177,6.0193,0.0923,2.2217,4.219
ffc150_Rep2_s0.png,0.4068,0.0191,-1.7182,0.6025,0.3628,1.5282,1.728,0.0836,2.5801,7.8362
ffc150_Rep2_s1.png,0.3316,0.0146,-1.835,0.5074,0.2818,1.54,1.8941,0.0965,2.4956,7.2348
ffc150_Rep2_s2.png,0.3516,0.0152,-1.8181,0.5357,0.22,1.5402,1.8051,0.1346,1.9222,3.4137
ffc150_Rep2_s3.png,0.0909,0.0485,-1.3145,0.1612,0.7665,1.243,6.3059,0.0973,1.6112,2.6964
ffc150_Rep2_s4.png,0.0087,0.1327,-0.877,0.3871,0.9892,1.072,34.5441,0.1342,1.0357,-0.2178
ffc150_Rep2_s5.png,0.2884,0.0143,-1.8442,0.4226,0.2547,1.5137,2.015,0.1007,2.3661,6.1871
ffc150_Rep2_s6.png,0.0065,0.114,-0.9432,0.3467,0.9917,1.0382,36.1282,0.0827,0.4673,-0.7698
ffc150_Rep2_s7.png,0.0201,0.0927,-1.033,0.6012,0.824,1.2748,25.9464,0.085,2.2576,5.0605
ffc151_Rep1_s0.png,0.4717,0.0236,-1.6268,0.6982,0.3559,1.5204,1.5933,0.0813,2.5432,7.7043
ffc151_Rep1_s1.png,0.333,0.0143,-1.8434,0.5043,0.3222,1.5426,1.8696,0.0999,2.4384,6.6177
ffc151_Rep1_s2.png,0.1383,0.0512,-1.2905,0.5395,0.4708,1.3192,4.7123,0.0811,1.9539,2.5869
ffc151_Rep1_s3.png,0.3247,0.017,-1.77,0.4821,0.3562,1.5132,1.9801,0.0738,2.1116,5.3028
ffc151_Rep1_s4.png,0.0116,0.1331,-0.8758,0.5547,0.9879,1.108,34.7252,0.1151,0.9348,-0.0412
ffc151_Rep1_s5.png,0.1424,0.0295,-1.5296,0.2085,0.1025,1.3508,4.1927,0.1212,1.6365,2.1915
ffc151_Rep1_s6.png,0.373,0.0185,-1.7337,0.5514,0.449,1.5253,1.8076,0.0774,1.9192,3.926
ffc151_Rep1_s7.png,0.0514,0.0471,-1.327,0.3781,0.7846,1.3328,10.3639,0.0982,1.8881,2.7799
ffc151_Rep2_s0.png,0.4406,0.0188,-1.7258,0.6549,0.3267,1.5416,1.6248,0.0854,2.475,7.3072
ffc151_Rep2_s1.png,0.327,0.0134,-1.8734,0.4927,0.2125,1.5512,1.8554,0.1117,2.3442,6.0634
ffc151_Rep2_s2.png,0.1409,0.0565,-1.2477,0.577,0.4487,1.305,4.8309,0.0777,2.0373,2.9508
ffc151_Rep2_s3.png,0.3223,0.0181,-1.7418,0.4872,0.3747,1.5063,2.0066,0.0731,2.0113,4.7047
ffc151_Rep2_s4.png,0.0095,0.1538,-0.8129,0.5922,0.9902,1.0717,39.3172,0.1288,0.899,-0.1363
ffc151_Rep2_s5.png,0.1381,0.0276,-1.5598,0.2005,0.1778,1.3518,4.2657,0.1204,1.7859,2.9214
ffc151_Rep2_s6.png,0.294,0.0184,-1.734,0.44,0.2793,1.4825,2.1424,0.0909,1.8309,3.6411
ffc151_Rep2_s7.png,0.1579,0.0206,-1.6854,0.3333,0.8049,1.4158,3.7087,0.1031,1.7792,2.3748
ffc152_Rep1_s0.png,0.4564,0.0206,-1.6851,0.68,0.2701,1.5324,1.5944,0.0813,2.3208,6.4353
ffc152_Rep1_s1.png,0.3402,0.0137,-1.8638,0.5111,0.2038,1.5547,1.8198,0.1046,2.4127,6.5819
ffc152_Rep1_s2.png,0.3708,0.0161,-1.7927,0.57,0.3169,1.5403,1.7544,0.1484,1.6832,2.343
ffc152_Rep1_s3.png,0.4753,0.0212,-1.674,0.716,0.1614,1.5368,1.5544,0.0688,2.3735,6.9999
ffc152_Rep1_s4.png,0.4258,0.0193,-1.7143,0.6326,0.3571,1.5359,1.6658,0.1047,1.8867,3.3563
ffc152_Rep1_s5.png,0.3549,0.0149,-1.8257,0.5207,0.1331,1.5427,1.7561,0.0973,2.3336,6.2786
ffc152_Rep1_s6.png,0.4256,0.0164,-1.7865,0.6349,0.3017,1.562,1.608,0.0899,1.841,3.4199
ffc152_Rep1_s7.png,0.2659,0.0122,-1.9125,0.3708,0.4822,1.523,2.2423,0.1237,1.8548,2.8599
ffc152_Rep2_s0.png,0.4653,0.0208,-1.6819,0.6944,0.2524,1.5341,1.5784,0.0816,2.3312,6.5133
ffc152_Rep2_s1.png,0.3528,0.0136,-1.8667,0.5266,0.2575,1.5601,1.7555,0.1001,2.4103,6.901
ffc152_Rep2_s2.png,0.4045,0.0156,-1.8066,0.6137,0.2031,1.5581,1.649,0.1415,1.7716,2.6965
ffc152_Rep2_s3.png,0.46,0.0189,-1.7243,0.6901,0.2313,1.5516,1.5576,0.0675,2.5293,8.1673
ffc152_Rep2_s4.png,0.4303,0.0169,-1.7717,0.6377,0.31,1.5581,1.6283,0.138,1.7524,2.5306
ffc152_Rep2_s5.png,0.3544,0.0151,-1.8196,0.5227,0.1638,1.5422,1.7464,0.1014,2.195,5.3726
ffc152_Rep2_s6.png,0.4241,0.0155,-1.8095,0.6328,0.2777,1.5678,1.5956,0.0969,1.7965,3.2044
ffc152_Rep2_s7.png,0.2097,0.0127,-1.8953,0.3358,0.6379,1.5051,2.6602,0.1239,1.6774,2.1039
ffc153_Rep1_s0.png,0.4426,0.0195,-1.7094,0.6569,0.3114,1.5369,1.6226,0.0806,2.4411,7.2427
ffc153_Rep1_s1.png,0.3506,0.0148,-1.8309,0.5239,0.3745,1.5486,1.8308,0.1067,2.3567,6.2439
ffc153_Rep1_s2.png,0.2701,0.0277,-1.5573,0.5249,0.4029,1.433,2.4709,0.1102,1.9982,3.9906
ffc153_Rep1_s3.png,0.3541,0.0133,-1.8776,0.5339,0.3127,1.5576,1.7599,0.0674,2.1216,5.6534
ffc153_Rep1_s4.png,0.4014,0.015,-1.8225,0.6,0.274,1.5612,1.6675,0.1129,1.8728,3.3284
ffc153_Rep1_s5.png,0.1413,0.0269,-1.5696,0.2068,0.2275,1.3621,4.1484,0.1169,1.6229,2.3756
ffc153_Rep1_s6.png,0.3575,0.0205,-1.6885,0.5344,0.4055,1.507,1.9183,0.0847,1.9251,3.9684
ffc153_Rep1_s7.png,0.1521,0.0223,-1.6514,0.3357,0.781,1.3993,3.8805,0.0931,2.0079,3.4912
ffc153_Rep2_s0.png,0.4551,0.0207,-1.6835,0.6822,0.3072,1.5324,1.6065,0.0856,2.5094,7.5693
ffc153_Rep2_s1.png,0.3335,0.0142,-1.8484,0.5042,0.3613,1.5484,1.8613,0.1277,2.0251,4.2936
ffc153_Rep2_s2.png,0.3366,0.0186,-1.73,0.5176,0.2442,1.506,1.9269,0.1428,1.7274,2.4482
ffc153_Rep2_s3.png,0.3742,0.0153,-1.8142,0.5651,0.3483,1.5499,1.7483,0.0761,2.1973,5.768
ffc153_Rep2_s4.png,0.1417,0.0303,-1.5191,0.2131,0.3768,1.3379,4.276,0.1712,0.7462,-0.5082
ffc153_Rep2_s5.png,0.2964,0.015,-1.8251,0.4323,0.3201,1.5133,1.9909,0.1003,2.4091,6.5884
ffc153_Rep2_s6.png,0.3159,0.0172,-1.7634,0.5066,0.4118,1.5134,2.0393,0.0861,2.1754,5.4102
ffc153_Rep2_s7.png,0.088,0.0451,-1.3463,0.3836,0.6937,1.3336,6.9085,0.0829,1.9825,3.3003
ffc155_Rep1_s0.png,0.4411,0.0195,-1.711,0.6607,0.3512,1.5333,1.6423,0.085,2.5671,7.5509
ffc155_Rep1_s1.png,0.3448,0.0137,-1.8631,0.5199,0.3151,1.5518,1.8248,0.1027,2.5491,7.3401
ffc155_Rep1_s2.png,0.3509,0.0146,-1.8371,0.533,0.1501,1.5473,1.793,0.149,1.9719,3.3842
ffc155_Rep1_s3.png,0.4037,0.0175,-1.7569,0.6083,0.3646,1.5406,1.7156,0.0683,2.5532,8.1388
ffc155_Rep1_s4.png,0.1128,0.0334,-1.4767,0.1786,0.6429,1.3151,5.2124,0.1722,0.7074,-0.6101
ffc155_Rep1_s5.png,0.2859,0.0145,-1.8383,0.4171,0.2074,1.512,2.0382,0.1009,2.4266,6.5252
ffc155_Rep1_s6.png,0.0062,0.1095,-0.9605,0.3415,0.9922,1.051,36.0741,0.0751,0.4537,-0.4662
ffc155_Rep1_s7.png,0.0034,0.3853,-0.4142,0.6145,0.8447,0.8928,98.1115,0.0081,1.9974,8.2405
ffc155_Rep2_s0.png,0.3886,0.0179,-1.7461,0.5734,0.3525,1.5301,1.7663,0.0833,2.4185,6.6079
ffc155_Rep2_s1.png,0.3353,0.0143,-1.8437,0.5044,0.2356,1.5434,1.8504,0.1038,2.5119,7.1595
ffc155_Rep2_s2.png,0.3457,0.0148,-1.8303,0.5241,0.2427,1.5375,1.8356,0.1489,2.0257,3.6919
ffc155_Rep2_s3.png,0.2222,0.0224,-1.6491,0.3358,0.2413,1.4359,2.7446,0.0788,2.0582,4.9296
ffc155_Rep2_s4.png,0.116,0.0398,-1.3999,0.1776,0.5447,1.2851,5.1,0.1684,0.767,-0.5221
ffc155_Rep2_s5.png,0.2691,0.0147,-1.8327,0.3912,0.2411,1.4997,2.1253,0.1006,2.3811,6.3075
ffc155_Rep2_s6.png,0.0479,0.0354,-1.4504,0.1739,0.9441,1.3046,9.3507,0.1276,0.9668,0.2287
ffc155_Rep2_s7.png,0.0032,0.3558,-0.4488,0.5899,0.8561,0.8784,99.0248,0.0101,1.4846,3.7418
ffc156_Rep1_s0.png,0.4401,0.0169,-1.7729,0.6558,0.1362,1.5565,1.5909,0.0885,1.9538,4.1269
ffc156_Rep1_s1.png,0.3795,0.0127,-1.895,0.559,0.2688,1.575,1.6822,0.1255,2.0034,4.2132
ffc156_Rep1_s2.png,0.3817,0.0128,-1.8916,0.58,0.1949,1.5777,1.6694,0.1382,1.6296,2.256
ffc156_Rep1_s3.png,0.4817,0.0203,-1.6923,0.7072,0.2837,1.5451,1.5307,0.0714,2.3392,6.5805
ffc156_Rep1_s4.png,0.4375,0.015,-1.8249,0.6514,0.241,1.5759,1.5804,0.1343,1.5934,1.9287
ffc156_Rep1_s5.png,0.3682,0.0149,-1.8282,0.5338,0.2532,1.5505,1.7149,0.1255,1.9604,3.9851
ffc156_Rep1_s6.png,0.435,0.0154,-1.8122,0.6512,0.3194,1.5685,1.5906,0.1325,1.6241,1.9419
ffc156_Rep1_s7.png,0.1434,0.0156,-1.8078,0.323,0.7797,1.4398,3.6309,0.0985,1.8192,3.1383
ffc156_Rep2_s0.png,0.4651,0.0176,-1.7541,0.6899,0.126,1.5561,1.5552,0.0807,1.9534,4.2455
ffc156_Rep2_s1.png,0.415,0.0123,-1.9108,0.6143,0.2803,1.5963,1.5848,0.1196,2.2446,5.2943
ffc156_Rep2_s2.png,0.4231,0.0148,-1.8312,0.64,0.2189,1.5751,1.6039,0.1319,1.8621,3.3113
ffc156_Rep2_s3.png,0.5081,0.0243,-1.6143,0.7289,0.2969,1.5176,1.5022,0.0612,2.38,7.4265
ffc156_Rep2_s4.png,0.4445,0.0178,-1.7498,0.6549,0.2147,1.5548,1.5973,0.1289,1.6295,2.1759
ffc156_Rep2_s5.png,0.3577,0.0136,-1.8668,0.5169,0.2362,1.5593,1.7402,0.1279,1.8239,3.2442
ffc156_Rep2_s6.png,0.3897,0.015,-1.8242,0.5975,0.5652,1.5669,1.7187,0.1394,1.6536,1.9236
ffc156_Rep2_s7.png,0.0344,0.0707,-1.1505,0.4109,0.9177,1.2352,16.0098,0.1043,1.8136,2.6043
ffc157_Rep1_s0.png,0.4467,0.0187,-1.7274,0.6693,0.1947,1.5441,1.6012,0.0928,1.9091,3.7774
ffc157_Rep1_s1.png,0.1671,0.0271,-1.5663,0.4627,0.7402,1.3946,3.6354,0.1023,2.2357,5.8822
ffc157_Rep1_s2.png,0.3914,0.0149,-1.8278,0.5966,0.1914,1.5576,1.6955,0.1395,1.7269,2.4979
ffc157_Rep1_s3.png,0.454,0.0191,-1.7181,0.684,0.1053,1.5471,1.5729,0.0681,2.2924,6.6294
ffc157_Rep1_s4.png,0.4195,0.0133,-1.8754,0.6219,0.2946,1.5827,1.6283,0.1404,1.5421,1.6198
ffc157_Rep1_s5.png,0.3381,0.0131,-1.8835,0.4934,0.1924,1.552,1.7945,0.1326,1.9432,3.7551
ffc157_Rep1_s6.png,0.4683,0.0185,-1.7331,0.6961,0.3789,1.5537,1.5505,0.1001,1.8155,2.9637
ffc157_Rep1_s7.png,0.0157,0.3827,-0.4171,0.724,0.7321,0.9495,39.9894,0.0388,2.5637,7.6692
ffc157_Rep2_s0.png,0.4764,0.0205,-1.688,0.7094,0.2239,1.5404,1.5601,0.087,2.2344,5.5902
ffc157_Rep2_s1.png,0.1354,0.0276,-1.5586,0.3798,0.7788,1.4245,4.3453,0.1001,2.3939,6.4668
ffc157_Rep2_s2.png,0.4145,0.016,-1.7953,0.6283,0.1146,1.5549,1.6306,0.1339,1.8259,2.9307
ffc157_Rep2_s3.png,0.3979,0.0158,-1.8009,0.5972,0.2547,1.5537,1.6863,0.0657,2.3511,7.1962
ffc157_Rep2_s4.png,0.441,0.0157,-1.8042,0.6519,0.3171,1.5696,1.5902,0.1344,1.6346,2.0681
ffc157_Rep2_s5.png,0.3489,0.0137,-1.8626,0.5026,0.1575,1.5505,1.7691,0.092,2.1139,5.3908
ffc157_Rep2_s6.png,0.4562,0.0171,-1.7669,0.6768,0.3536,1.5607,1.548,0.0953,1.8955,3.4337
ffc157_Rep2_s7.png,0.0168,0.2581,-0.5883,0.6154,0.8385,0.9999,35.9495,0.0616,2.7792,9.3344
ffc158_Rep1_s0.png,0.4425,0.0198,-1.7025,0.6619,0.3645,1.5354,1.6285,0.083,2.52,7.5459
ffc158_Rep1_s1.png,0.2306,0.0166,-1.7789,0.3467,0.3142,1.4657,2.5665,0.1191,2.1354,4.7018
ffc158_Rep1_s2.png,0.3668,0.0147,-1.8333,0.5566,0.1987,1.5547,1.7393,0.1375,2.0987,4.1281
ffc158_Rep1_s3.png,0.3446,0.0154,-1.8131,0.5158,0.3182,1.5382,1.8589,0.0707,2.3601,6.8793
ffc158_Rep1_s4.png,0.1117,0.0349,-1.4575,0.1741,0.4723,1.2943,5.107,0.1656,0.7493,-0.4909
ffc158_Rep1_s5.png,0.2767,0.0137,-1.8629,0.3986,0.2816,1.516,2.0768,0.1033,2.3229,6.0308
ffc158_Rep1_s6.png,0.378,0.0144,-1.841,0.5664,0.4662,1.5644,1.7114,0.0952,1.9918,4.0743
ffc158_Rep1_s7.png,0.0618,0.077,-1.1134,0.5532,0.7745,1.3001,10.281,0.0905,1.8772,2.6767
ffc158_Rep2_s0.png,0.4464,0.0197,-1.7058,0.6668,0.3426,1.5381,1.6161,0.0806,2.4209,6.9369
ffc158_Rep2_s1.png,0.3388,0.0131,-1.8834,0.5079,0.2513,1.5525,1.8176,0.1037,2.59,7.5024
ffc158_Rep2_s2.png,0.3803,0.0143,-1.8458,0.5777,0.2447,1.563,1.6964,0.1385,1.9935,3.6892
ffc158_Rep2_s3.png,0.3573,0.0196,-1.708,0.5391,0.3902,1.5079,1.893,0.0671,2.4313,7.5136
ffc158_Rep2_s4.png,0.1129,0.0367,-1.4351,0.1753,0.4719,1.2914,5.1082,0.1641,0.7473,-0.5084
ffc158_Rep2_s5.png,0.2849,0.0149,-1.8271,0.4154,0.269,1.5087,2.0441,0.104,2.2479,5.5614
ffc158_Rep2_s6.png,0.4193,0.015,-1.8226,0.6269,0.3606,1.5755,1.6023,0.0917,2.0025,4.2745
ffc158_Rep2_s7.png,0.0165,0.2038,-0.6909,0.5565,0.9273,1.0317,33.3758,0.0746,3.2531,11.5795
ffc159_Rep1_s0.png,0.1489,0.0359,-1.4453,0.2215,0.292,1.3221,4.1384,0.1096,1.5778,2.3068
ffc159_Rep1_s1.png,0.3476,0.0157,-1.8036,0.529,0.2921,1.5353,1.8698,0.1013,2.4881,6.8347
ffc159_Rep1_s2.png,0.0165,0.0846,-1.0728,0.2975,0.9818,1.1817,22.8474,0.1165,1.6363,2.5655
ffc159_Rep1_s3.png,0.0926,0.0465,-1.3329,0.1613,0.7535,1.2525,6.11,0.0913,1.6097,2.7467
ffc159_Rep1_s4.png,0.0125,0.1169,-0.9321,0.4883,0.9836,1.0852,33.1533,0.129,0.6948,-0.5519
ffc159_Rep1_s5.png,0.1397,0.0312,-1.5059,0.2045,0.1172,1.3405,4.2707,0.1225,1.6528,2.1877
ffc159_Rep1_s6.png,0.0148,0.1634,-0.7866,0.5535,0.9884,1.1176,30.7324,0.0707,0.63,-0.4449
ffc159_Rep1_s7.png,0.0783,0.0428,-1.3686,0.4113,0.7797,1.3182,7.3625,0.1069,1.8564,2.4356
ffc159_Rep2_s0.png,0.1607,0.032,-1.4942,0.2385,0.3584,1.3387,3.8582,0.1107,1.4209,1.5831
ffc159_Rep2_s1.png,0.3433,0.0137,-1.8619,0.5172,0.2551,1.5501,1.8265,0.1084,2.4637,6.691
ffc159_Rep2_s2.png,0.3306,0.0146,-1.8352,0.5022,0.295,1.536,1.9136,0.1519,1.8896,3.019
ffc159_Rep2_s3.png,0.1361,0.0323,-1.4906,0.2057,0.2083,1.3205,4.1919,0.0886,1.6316,2.8594
ffc159_Rep2_s4.png,0.0235,0.0555,-1.2558,0.114,0.9569,1.1607,13.6455,0.1491,0.895,-0.437
ffc159_Rep2_s5.png,0.1414,0.0267,-1.573,0.2042,0.1926,1.3575,4.1826,0.1198,1.8313,3.1162
ffc159_Rep2_s6.png,0.0148,0.1688,-0.7726,0.6021,0.9895,1.1221,30.9187,0.071,0.7533,-0.1024
ffc159_Rep2_s7.png,0.0342,0.1078,-0.9673,0.4661,0.8123,1.2221,16.4634,0.101,2.0211,3.3528
ffc15_Rep1_s0.png,0.4473,0.0175,-1.7577,0.6672,0.2135,1.5543,1.5971,0.0956,1.7051,2.7204
ffc15_Rep1_s1.png,0.3718,0.0132,-1.8791,0.5499,0.2604,1.5714,1.6951,0.1209,1.9317,4.0593
ffc15_Rep1_s2.png,0.4019,0.015,-1.8253,0.612,0.1699,1.5632,1.6666,0.1208,1.7218,2.6646
ffc15_Rep1_s3.png,0.5001,0.0244,-1.613,0.7294,0.3181,1.5231,1.5155,0.0627,2.0379,4.9555
ffc15_Rep1_s4.png,0.4457,0.0176,-1.7539,0.662,0.2216,1.5524,1.5911,0.124,1.5522,1.9557
ffc15_Rep1_s5.png,0.346,0.0146,-1.835,0.5018,0.268,1.5408,1.7983,0.1287,1.9484,3.9145
ffc15_Rep1_s6.png,0.4483,0.0177,-1.7527,0.6716,0.3838,1.5566,1.5889,0.1419,1.6998,2.0011
ffc15_Rep1_s7.png,0.0493,0.0588,-1.2306,0.4269,0.866,1.3026,11.1113,0.0924,1.924,3.3576
ffc15_Rep2_s0.png,0.4729,0.0186,-1.731,0.7033,0.1537,1.5524,1.5519,0.0861,1.9257,3.849
ffc15_Rep2_s1.png,0.3727,0.0122,-1.9151,0.548,0.2643,1.5799,1.6892,0.0987,2.0061,4.8951
ffc15_Rep2_s2.png,0.3987,0.0134,-1.8731,0.6029,0.1202,1.5836,1.6624,0.1174,1.7295,2.7234
ffc15_Rep2_s3.png,0.4366,0.018,-1.7458,0.6481,0.225,1.5507,1.6043,0.0691,2.1872,5.688
ffc15_Rep2_s4.png,0.4348,0.0168,-1.7743,0.6438,0.2726,1.5568,1.6151,0.1248,1.4564,1.6198
ffc15_Rep2_s5.png,0.3423,0.0134,-1.874,0.4979,0.2524,1.5536,1.8183,0.1079,1.7738,3.3815
ffc15_Rep2_s6.png,0.4752,0.0184,-1.7351,0.7009,0.3204,1.5548,1.5375,0.1345,1.6905,2.1375
ffc15_Rep2_s7.png,0.1022,0.0249,-1.603,0.3611,0.8145,1.4196,5.388,0.0948,1.7853,2.8153
ffc160_Rep1_s0.png,0.3571,0.0174,-1.7589,0.53,0.3279,1.5221,1.8548,0.0923,2.4815,6.9989
ffc160_Rep1_s1.png,0.3313,0.0143,-1.8461,0.5024,0.1977,1.544,1.8772,0.1059,2.4584,6.6512
ffc160_Rep1_s2.png,0.2728,0.0137,-1.864,0.4148,0.2868,1.5153,2.1659,0.1523,1.8424,2.8219
ffc160_Rep1_s3.png,0.1347,0.0398,-1.3997,0.204,0.2051,1.2992,4.3899,0.0858,1.5094,2.3475
ffc160_Rep1_s4.png,0.0225,0.0531,-1.2748,0.109,0.958,1.164,13.8675,0.1568,0.8717,-0.509
ffc160_Rep1_s5.png,0.0174,0.1576,-0.8023,0.6086,0.9778,1.1472,30.635,0.1035,1.5365,1.5805
ffc160_Rep1_s6.png,0.0104,0.1468,-0.8333,0.4772,0.9926,1.0892,32.4279,0.0695,0.6835,-0.1231
ffc160_Rep1_s7.png,0.1077,0.0248,-1.6057,0.3511,0.8193,1.4015,5.123,0.1116,1.6311,1.7303
ffc160_Rep2_s0.png,0.1435,0.0351,-1.4545,0.2141,0.33,1.3166,4.2833,0.1161,1.4937,1.9285
ffc160_Rep2_s1.png,0.3368,0.0141,-1.8493,0.5101,0.1942,1.543,1.8626,0.1101,2.4519,6.5743
ffc160_Rep2_s2.png,0.1772,0.0177,-1.752,0.2701,0.4132,1.4298,3.1859,0.1747,1.3369,0.8455
ffc160_Rep2_s3.png,0.1703,0.0248,-1.6049,0.257,0.298,1.3813,3.4024,0.086,1.6804,3.0077
ffc160_Rep2_s4.png,0.0161,0.0487,-1.3125,0.1063,0.9695,1.1245,16.4045,0.1588,0.8626,-0.477
ffc160_Rep2_s5.png,0.0157,0.1324,-0.8781,0.5541,0.9861,1.1633,30.3097,0.1,1.6724,2.0918
ffc160_Rep2_s6.png,0.0065,0.1169,-0.9322,0.3561,0.9921,1.0488,36.206,0.0767,0.3641,-0.7875
ffc160_Rep2_s7.png,0.0419,0.0622,-1.2064,0.347,0.8382,1.2723,12.5117,0.109,2.1374,3.8826
ffc162_Rep1_s0.png,0.4663,0.0197,-1.7061,0.6906,0.2024,1.5434,1.5723,0.0866,2.0678,4.8505
ffc162_Rep1_s1.png,0.3571,0.0142,-1.8464,0.5333,0.232,1.5526,1.7598,0.1051,2.348,6.2334
ffc162_Rep1_s2.png,0.4172,0.0163,-1.788,0.6342,0.1737,1.5558,1.6322,0.1401,1.8586,3.0712
ffc162_Rep1_s3.png,0.3733,0.0153,-1.8147,0.5617,0.355,1.5504,1.7425,0.0679,2.1756,5.7469
ffc162_Rep1_s4.png,0.3992,0.0128,-1.8931,0.5958,0.3335,1.5858,1.6474,0.1399,1.6867,2.2327
ffc162_Rep1_s5.png,0.3264,0.0158,-1.8022,0.4774,0.28,1.5217,1.8856,0.0958,2.1845,5.2557
ffc162_Rep1_s6.png,0.4675,0.0194,-1.7127,0.6968,0.3626,1.5495,1.5618,0.0831,1.9289,3.4729
ffc162_Rep1_s7.png,0.0501,0.0735,-1.134,0.3912,0.8564,1.2817,11.4324,0.0885,2.2187,4.5927
ffc162_Rep2_s0.png,0.4678,0.0217,-1.6632,0.6994,0.3609,1.527,1.5929,0.0811,2.4325,6.9252
ffc162_Rep2_s1.png,0.3673,0.0161,-1.7941,0.5532,0.2292,1.5389,1.7929,0.0975,2.507,7.1984
ffc162_Rep2_s2.png,0.4092,0.0171,-1.7672,0.6244,0.2268,1.5421,1.6786,0.1415,1.8722,3.0876
ffc162_Rep2_s3.png,0.3029,0.019,-1.7222,0.4573,0.315,1.4937,2.1062,0.0699,2.0818,5.415
ffc162_Rep2_s4.png,0.3352,0.0121,-1.9177,0.4982,0.4669,1.5616,1.8699,0.1358,1.6023,1.9634
ffc162_Rep2_s5.png,0.2938,0.0149,-1.8262,0.4287,0.2741,1.5123,1.9777,0.1041,2.2887,5.8038
ffc162_Rep2_s6.png,0.4313,0.0174,-1.7591,0.6417,0.395,1.5508,1.6215,0.0853,1.8737,3.3464
ffc162_Rep2_s7.png,0.0441,0.0509,-1.2937,0.3318,0.8476,1.3089,12.0374,0.1137,1.6001,1.6043
ffc164_Rep1_s0.png,0.4471,0.0176,-1.7538,0.6704,0.1589,1.5498,1.6013,0.0925,2.1275,5.0896
ffc164_Rep1_s1.png,0.3669,0.0138,-1.859,0.5468,0.0572,1.5652,1.72,0.1256,2.062,4.5731
ffc164_Rep1_s2.png,0.3951,0.0141,-1.8503,0.6017,0.1786,1.5699,1.6778,0.1231,1.7216,2.7131
ffc164_Rep1_s3.png,0.4494,0.0203,-1.6929,0.6799,0.1552,1.5374,1.5935,0.0676,2.0338,5.0617
ffc164_Rep1_s4.png,0.4443,0.0159,-1.7982,0.6582,0.3171,1.5661,1.5998,0.137,1.6465,2.0617
ffc164_Rep1_s5.png,0.3322,0.0141,-1.8505,0.481,0.297,1.5336,1.8493,0.1343,1.9156,3.6415
ffc164_Rep1_s6.png,0.4421,0.0166,-1.7799,0.6644,0.405,1.5612,1.5844,0.1177,1.7041,2.3857
ffc164_Rep1_s7.png,0.0126,0.2341,-0.6307,0.6804,0.6542,0.9694,42.2129,0.0362,2.1575,5.2543
ffc164_Rep2_s0.png,0.4526,0.0181,-1.7427,0.6748,0.1439,1.5507,1.5874,0.0917,1.874,3.5947
ffc164_Rep2_s1.png,0.3939,0.0149,-1.8266,0.582,0.2127,1.5613,1.6611,0.1215,2.1087,4.8894
ffc164_Rep2_s2.png,0.4226,0.0162,-1.7916,0.6416,0.2187,1.5566,1.6376,0.1183,1.806,2.9475
ffc164_Rep2_s3.png,0.4912,0.0246,-1.609,0.7364,0.1723,1.5205,1.5301,0.0692,2.2615,6.7134
ffc164_Rep2_s4.png,0.4465,0.0152,-1.8172,0.6594,0.3135,1.5707,1.5847,0.1179,1.5693,1.9691
ffc164_Rep2_s5.png,0.3535,0.0134,-1.8728,0.5087,0.2022,1.5548,1.7483,0.1347,1.8532,3.2893
ffc164_Rep2_s6.png,0.4516,0.0159,-1.7997,0.6704,0.371,1.5723,1.5495,0.1363,1.6035,1.7284
ffc164_Rep2_s7.png,0.0198,0.2773,-0.5571,0.6557,0.8382,1.0143,32.0905,0.0695,2.1869,5.0089
ffc165_Rep1_s0.png,0.4572,0.0174,-1.7606,0.6812,0.1908,1.5582,1.5737,0.0834,2.101,4.8693
ffc165_Rep1_s1.png,0.4429,0.0159,-1.7989,0.6487,0.2952,1.5675,1.5705,0.1134,2.3541,6.2812
ffc165_Rep1_s2.png,0.4333,0.014,-1.8551,0.6529,0.1812,1.5845,1.5956,0.1182,1.9533,3.5845
ffc165_Rep1_s3.png,0.4329,0.0181,-1.7427,0.6276,0.114,1.5435,1.6242,0.0669,2.3428,6.8345
ffc165_Rep1_s4.png,0.4174,0.0154,-1.8127,0.626,0.3209,1.5663,1.6413,0.1341,1.5135,1.6807
ffc165_Rep1_s5.png,0.3462,0.014,-1.854,0.4984,0.1915,1.5486,1.7743,0.1227,1.8518,3.631
ffc165_Rep1_s6.png,0.4502,0.0135,-1.8691,0.663,0.3196,1.5959,1.5208,0.138,1.7484,2.4223
ffc165_Rep1_s7.png,0.0503,0.0592,-1.2274,0.4354,0.8731,1.2991,11.0777,0.0984,1.895,2.8137
ffc165_Rep2_s0.png,0.4566,0.017,-1.7684,0.6798,0.1349,1.5638,1.5681,0.0871,2.0298,4.5507
ffc165_Rep2_s1.png,0.4543,0.018,-1.7458,0.6649,0.2977,1.5502,1.5662,0.1157,2.2812,5.6847
ffc165_Rep2_s2.png,0.4339,0.014,-1.8539,0.6578,0.1159,1.5857,1.6068,0.136,1.9381,3.272
ffc165_Rep2_s3.png,0.48,0.0195,-1.7109,0.6987,0.2484,1.5507,1.5312,0.0578,2.2849,6.3337
ffc165_Rep2_s4.png,0.4105,0.0146,-1.8347,0.6173,0.3613,1.5677,1.6654,0.1326,1.5186,1.6016
ffc165_Rep2_s5.png,0.3461,0.0141,-1.8513,0.5007,0.2252,1.5468,1.775,0.1207,1.9343,4.0716
ffc165_Rep2_s6.png,0.434,0.0145,-1.8376,0.6414,0.3241,1.5785,1.5648,0.1328,1.6344,2.1898
ffc165_Rep2_s7.png,0.0839,0.0322,-1.4923,0.3629,0.757,1.3625,6.7055,0.0962,1.7755,2.7553
ffc166_Rep1_s0.png,0.4902,0.0244,-1.613,0.7286,0.2001,1.5209,1.5591,0.0834,2.2523,5.8978
ffc166_Rep1_s1.png,0.3032,0.0133,-1.8772,0.4777,0.4652,1.5312,1.9874,0.1029,2.4543,7.0687
ffc166_Rep1_s2.png,0.4186,0.0156,-1.806,0.6345,0.1168,1.5602,1.6173,0.1235,1.8732,3.3733
ffc166_Rep1_s3.png,0.2982,0.0159,-1.7996,0.4518,0.3567,1.5063,2.0585,0.0751,2.0978,5.2545
ffc166_Rep1_s4.png,0.4151,0.014,-1.8544,0.6143,0.2836,1.5766,1.6298,0.1386,1.6619,2.1911
ffc166_Rep1_s5.png,0.3342,0.0154,-1.8121,0.4901,0.2622,1.5258,1.8468,0.1149,2.1417,4.8497
ffc166_Rep1_s6.png,0.4292,0.0159,-1.7986,0.6401,0.3519,1.5617,1.5899,0.102,1.6474,2.2812
ffc166_Rep1_s7.png,0.0163,0.3922,-0.4065,0.7446,0.757,0.9274,38.9228,0.043,2.5407,7.4955
ffc166_Rep2_s0.png,0.4685,0.0197,-1.7063,0.6993,0.2105,1.545,1.5664,0.087,2.0747,4.8369
ffc166_Rep2_s1.png,0.2892,0.0134,-1.873,0.4617,0.5063,1.5231,2.0589,0.1008,2.3959,6.8583
ffc166_Rep2_s2.png,0.4031,0.0151,-1.8199,0.6121,0.1942,1.5628,1.6475,0.1312,1.8357,3.0828
ffc166_Rep2_s3.png,0.4389,0.0174,-1.7587,0.6607,0.3251,1.5577,1.5875,0.0698,2.3208,6.498
ffc166_Rep2_s4.png,0.4032,0.0133,-1.8773,0.5979,0.3262,1.58,1.6497,0.144,1.5479,1.6301
ffc166_Rep2_s5.png,0.3268,0.0137,-1.8635,0.4777,0.1931,1.5412,1.8284,0.1329,1.8963,3.5126
ffc166_Rep2_s6.png,0.4355,0.015,-1.8234,0.6492,0.3663,1.5748,1.5708,0.1439,1.63,1.7285
ffc166_Rep2_s7.png,0.0273,0.0989,-1.0048,0.4288,0.855,1.1932,19.2199,0.0712,3.0697,11.0641
ffc167_Rep1_s0.png,0.4551,0.0181,-1.7427,0.6795,0.2586,1.551,1.5878,0.0869,2.0383,4.607
ffc167_Rep1_s1.png,0.3661,0.0129,-1.8879,0.5473,0.1724,1.5675,1.7154,0.1038,2.3567,6.3081
ffc167_Rep1_s2.png,0.3889,0.0163,-1.7886,0.5921,0.243,1.5421,1.6957,0.1461,1.7084,2.4203
ffc167_Rep1_s3.png,0.191,0.0238,-1.6243,0.2868,0.2504,1.3948,3.1637,0.0796,1.7779,3.7475
ffc167_Rep1_s4.png,0.4391,0.0152,-1.8173,0.6503,0.2738,1.5758,1.6006,0.1376,1.7553,2.4594
ffc167_Rep1_s5.png,0.3419,0.0135,-1.8682,0.4983,0.2031,1.5462,1.7815,0.0942,2.1131,5.1175
ffc167_Rep1_s6.png,0.4526,0.0161,-1.7924,0.6742,0.3357,1.5725,1.5557,0.0879,1.9589,3.6432
ffc167_Rep1_s7.png,0.0175,0.2633,-0.5796,0.6813,0.8024,1.0233,34.8169,0.0589,2.9487,10.8746
ffc167_Rep2_s0.png,0.4302,0.0183,-1.7371,0.6388,0.2785,1.5424,1.6282,0.0774,2.2807,6.091
ffc167_Rep2_s1.png,0.3676,0.016,-1.7961,0.5529,0.354,1.5379,1.8178,0.0913,2.5978,7.943
ffc167_Rep2_s2.png,0.3798,0.0149,-1.8254,0.5751,0.204,1.5542,1.6914,0.1364,1.9983,3.754
ffc167_Rep2_s3.png,0.3767,0.0194,-1.7132,0.56,0.3796,1.5174,1.7892,0.0672,2.2303,6.1441
ffc167_Rep2_s4.png,0.3945,0.0132,-1.8791,0.5835,0.341,1.5781,1.6532,0.1108,2.0854,4.2501
ffc167_Rep2_s5.png,0.3072,0.0143,-1.8432,0.45,0.3391,1.5243,1.9227,0.0931,2.2682,5.7375
ffc167_Rep2_s6.png,0.4291,0.0173,-1.762,0.6361,0.3952,1.5515,1.6194,0.0797,2.1028,4.8383
ffc167_Rep2_s7.png,0.0689,0.0367,-1.4349,0.2994,0.9272,1.3145,7.4297,0.0912,2.0894,3.8203
ffc169_Rep1_s0.png,0.4335,0.0177,-1.7514,0.6521,0.3685,1.5482,1.6493,0.0877,2.3061,6.2139
ffc169_Rep1_s1.png,0.3332,0.0149,-1.8262,0.5016,0.2186,1.5364,1.8608,0.1078,2.5997,7.2608
ffc169_Rep1_s2.png,0.3536,0.0162,-1.7905,0.5404,0.2334,1.5294,1.8488,0.1315,1.9988,3.6699
ffc169_Rep1_s3.png,0.3772,0.0187,-1.7279,0.5717,0.3597,1.5219,1.8203,0.0674,2.2757,6.3344
ffc169_Rep1_s4.png,0.0862,0.0474,-1.3242,0.1671,0.7888,1.2509,6.8709,0.1754,0.5335,-0.8558
ffc169_Rep1_s5.png,0.1509,0.0276,-1.559,0.2202,0.2891,1.365,3.9991,0.126,1.6744,2.3461
ffc169_Rep1_s6.png,0.0256,0.0819,-1.0869,0.4042,0.7515,1.2415,18.2686,0.117,1.2497,0.88
ffc169_Rep1_s7.png,0.0146,0.3568,-0.4475,0.6716,0.7257,0.962,41.366,0.0527,1.9963,3.7342
ffc169_Rep2_s0.png,0.4354,0.018,-1.7454,0.6546,0.3083,1.5469,1.6352,0.082,2.2482,5.9327
ffc169_Rep2_s1.png,0.3594,0.0137,-1.8641,0.5442,0.1971,1.5585,1.754,0.0971,2.3954,6.6468
ffc169_Rep2_s2.png,0.3968,0.0162,-1.7915,0.6063,0.1893,1.5498,1.6754,0.1425,1.7896,2.8744
ffc169_Rep2_s3.png,0.3151,0.0169,-1.7728,0.4772,0.3081,1.5106,1.9979,0.073,2.1374,5.5852
ffc169_Rep2_s4.png,0.0089,0.1171,-0.9315,0.3613,0.9882,1.0373,33.1973,0.1507,0.8738,-0.5646
ffc169_Rep2_s5.png,0.3103,0.014,-1.8525,0.4538,0.2404,1.5296,1.9237,0.0969,2.3953,6.6714
ffc169_Rep2_s6.png,0.4262,0.0171,-1.7671,0.6379,0.3582,1.5533,1.6241,0.0894,1.9317,3.6917
ffc169_Rep2_s7.png,0.0455,0.1078,-0.9672,0.4977,0.6377,1.2381,13.3567,0.0856,2.8411,8.0178
ffc16_Rep1_s0.png,0.4512,0.0187,-1.7275,0.6752,0.3344,1.5443,1.6085,0.0902,2.2151,5.4301
ffc16_Rep1_s1.png,0.374,0.0145,-1.8373,0.555,0.2766,1.5516,1.7073,0.1043,2.2329,5.7024
ffc16_Rep1_s2.png,0.308,0.0168,-1.7735,0.5319,0.3126,1.507,2.0873,0.1053,2.2372,5.2894
ffc16_Rep1_s3.png,0.4916,0.0246,-1.6088,0.7138,0.2227,1.5191,1.541,0.0647,2.3361,6.8284
ffc16_Rep1_s4.png,0.3336,0.0115,-1.9393,0.4995,0.3698,1.5686,1.8838,0.1456,1.3435,0.9951
ffc16_Rep1_s5.png,0.3443,0.014,-1.8542,0.4998,0.1236,1.5453,1.7589,0.1295,2.0629,4.4184
ffc16_Rep1_s6.png,0.4276,0.0115,-1.9379,0.6365,0.3419,1.6115,1.5388,0.145,1.7608,2.4201
ffc16_Rep1_s7.png,0.1208,0.0223,-1.6513,0.35,0.8325,1.4394,4.6908,0.105,1.5813,1.7613
ffc16_Rep2_s0.png,0.4663,0.0196,-1.7075,0.6959,0.2193,1.543,1.5754,0.0888,1.9815,4.0942
ffc16_Rep2_s1.png,0.0957,0.0447,-1.3496,0.4269,0.7224,1.3759,6.3505,0.1079,2.3231,6.1857
ffc16_Rep2_s2.png,0.2318,0.0171,-1.7676,0.3819,0.3697,1.459,2.592,0.1242,1.9499,3.6213
ffc16_Rep2_s3.png,0.4901,0.0209,-1.679,0.713,0.2764,1.5442,1.52,0.0689,2.198,5.9343
ffc16_Rep2_s4.png,0.3651,0.012,-1.9195,0.5454,0.2658,1.5719,1.7669,0.1399,1.4623,1.4249
ffc16_Rep2_s5.png,0.3531,0.0139,-1.856,0.513,0.2001,1.5459,1.7446,0.1285,2.0829,4.6337
ffc16_Rep2_s6.png,0.435,0.0134,-1.8733,0.6551,0.3897,1.5923,1.5717,0.1451,1.8138,2.6159
ffc16_Rep2_s7.png,0.1546,0.0232,-1.6337,0.3955,0.7604,1.4502,3.9317,0.113,1.7909,2.4741
ffc170_Rep1_s0.png,0.4429,0.019,-1.7219,0.6656,0.2183,1.5396,1.6237,0.09,2.0749,4.8177
ffc170_Rep1_s1.png,0.1638,0.0194,-1.7119,0.3491,0.7741,1.4169,3.4905,0.0874,2.8293,9.3951
ffc170_Rep1_s2.png,0.4016,0.0168,-1.7735,0.6124,0.1938,1.5439,1.678,0.1421,1.8039,2.8518
ffc170_Rep1_s3.png,0.2565,0.017,-1.7691,0.3908,0.1625,1.4756,2.3264,0.0737,1.9481,4.5525
ffc170_Rep1_s4.png,0.4382,0.0147,-1.8332,0.6538,0.2971,1.5799,1.5866,0.1348,1.6598,2.1734
ffc170_Rep1_s5.png,0.3654,0.0148,-1.829,0.5357,0.2134,1.5458,1.7165,0.0991,2.2746,5.8416
ffc170_Rep1_s6.png,0.4064,0.0155,-1.8094,0.6154,0.3551,1.5621,1.6551,0.1007,1.8702,3.5029
ffc170_Rep1_s7.png,0.0419,0.0693,-1.1593,0.4054,0.8421,1.2518,13.1288,0.1064,2.0437,3.7907
ffc170_Rep2_s0.png,0.4655,0.0215,-1.6674,0.6987,0.2985,1.5291,1.5876,0.083,2.2103,5.5939
ffc170_Rep2_s1.png,0.3579,0.0134,-1.8718,0.5363,0.2582,1.5613,1.7488,0.0979,2.4643,7.0658
ffc170_Rep2_s2.png,0.3912,0.0165,-1.7835,0.5973,0.1361,1.5463,1.6935,0.1469,1.7855,2.7256
ffc170_Rep2_s3.png,0.3798,0.0162,-1.7912,0.5766,0.3245,1.5408,1.7409,0.0676,2.159,5.9049
ffc170_Rep2_s4.png,0.4104,0.0149,-1.8254,0.6127,0.3009,1.5642,1.6552,0.1329,1.6588,2.1917
ffc170_Rep2_s5.png,0.3215,0.0146,-1.8347,0.471,0.3834,1.5279,1.8788,0.0981,2.0643,4.7405
ffc170_Rep2_s6.png,0.428,0.0179,-1.7474,0.6419,0.4173,1.5511,1.6263,0.0873,1.7558,2.8328
ffc170_Rep2_s7.png,0.1758,0.0158,-1.8006,0.3142,0.6536,1.4495,3.1908,0.1013,1.5863,1.8617
ffc171_Rep1_s0.png,0.4438,0.0191,-1.7197,0.6607,0.3472,1.5458,1.6083,0.0787,2.2946,6.1385
ffc171_Rep1_s1.png,0.3672,0.0135,-1.8681,0.5518,0.2152,1.5642,1.729,0.0909,2.482,7.2297
ffc171_Rep1_s2.png,0.3846,0.0149,-1.8264,0.5808,0.1917,1.5575,1.6875,0.1367,2.0741,4.0101
ffc171_Rep1_s3.png,0.1412,0.0264,-1.5777,0.2125,0.2655,1.3447,3.9533,0.0824,1.8497,3.8361
ffc171_Rep1_s4.png,0.4213,0.016,-1.7954,0.6199,0.3745,1.5571,1.6497,0.1245,1.9607,3.5849
ffc171_Rep1_s5.png,0.2838,0.0144,-1.8428,0.4126,0.1933,1.5109,2.0384,0.1004,2.3604,6.1602
ffc171_Rep1_s6.png,0.4301,0.015,-1.8251,0.6396,0.3603,1.5715,1.5888,0.0847,2.1398,4.8465
ffc171_Rep1_s7.png,0.0047,0.3648,-0.4379,0.697,0.9409,1.0111,82.5474,0.0384,2.459,6.2312
ffc171_Rep2_s0.png,0.4463,0.021,-1.6769,0.6596,0.382,1.5265,1.6233,0.0762,2.5624,7.8464
ffc171_Rep2_s1.png,0.3428,0.0126,-1.8999,0.5189,0.2739,1.5659,1.7838,0.0908,2.583,7.8681
ffc171_Rep2_s2.png,0.3824,0.0152,-1.8178,0.5795,0.1898,1.5513,1.7011,0.1087,2.1412,4.9276
ffc171_Rep2_s3.png,0.1545,0.0252,-1.5992,0.2299,0.3261,1.3624,3.7032,0.0831,1.6709,3.1598
ffc171_Rep2_s4.png,0.0642,0.1067,-0.9717,0.255,0.9512,1.2019,9.8542,0.1308,0.8044,-0.2692
ffc171_Rep2_s5.png,0.3009,0.0137,-1.8627,0.4406,0.2713,1.5236,1.9257,0.0923,2.278,5.9665
ffc171_Rep2_s6.png,0.4264,0.0151,-1.8207,0.6302,0.3422,1.5715,1.5879,0.0758,2.1239,4.8695
ffc171_Rep2_s7.png,0.0031,0.4018,-0.396,0.6375,0.8799,0.9623,102.5854,0.0098,1.096,1.1272
ffc173_Rep1_s0.png,0.465,0.0198,-1.7035,0.6956,0.2244,1.5445,1.5778,0.0863,2.0126,4.3986
ffc173_Rep1_s1.png,0.3682,0.0144,-1.8423,0.5472,0.2626,1.5563,1.7285,0.1206,2.0695,4.6877
ffc173_Rep1_s2.png,0.3994,0.0148,-1.8289,0.6075,0.2408,1.5587,1.6791,0.1226,1.7308,2.684
ffc173_Rep1_s3.png,0.4885,0.0243,-1.6143,0.7348,0.186,1.5223,1.5483,0.0653,2.4098,7.4748
ffc173_Rep1_s4.png,0.4278,0.0174,-1.7597,0.6355,0.2931,1.5504,1.651,0.1407,1.6287,1.9263
ffc173_Rep1_s5.png,0.3345,0.0136,-1.866,0.4921,0.3032,1.5466,1.8164,0.1341,1.8246,3.2349
ffc173_Rep1_s6.png,0.411,0.0147,-1.8339,0.6215,0.4237,1.5725,1.6328,0.1103,1.6288,2.1638
ffc173_Rep1_s7.png,0.0148,0.4465,-0.3501,0.7661,0.6405,0.8932,42.465,0.0452,2.5822,7.4867
ffc173_Rep2_s0.png,0.4513,0.0192,-1.7175,0.6763,0.1798,1.5405,1.5991,0.086,2.0173,4.5685
ffc173_Rep2_s1.png,0.3791,0.0154,-1.8129,0.5679,0.1869,1.5505,1.7305,0.1251,2.215,5.1859
ffc173_Rep2_s2.png,0.3973,0.0158,-1.8014,0.6061,0.1994,1.5552,1.6804,0.144,1.7647,2.6315
ffc173_Rep2_s3.png,0.4291,0.0169,-1.7717,0.6335,0.1628,1.5512,1.6187,0.063,2.3241,7.1212
ffc173_Rep2_s4.png,0.4247,0.0159,-1.7988,0.6324,0.2836,1.5611,1.6418,0.1431,1.599,1.8334
ffc173_Rep2_s5.png,0.3489,0.0143,-1.8437,0.5106,0.2673,1.5433,1.7974,0.1312,1.9974,3.9952
ffc173_Rep2_s6.png,0.3867,0.0141,-1.8497,0.5862,0.4715,1.5666,1.6992,0.1103,1.6981,2.5152
ffc173_Rep2_s7.png,0.0151,0.3086,-0.5106,0.6346,0.8011,0.9525,39.8328,0.0664,3.0177,11.0344
ffc174_Rep1_s0.png,0.4568,0.0197,-1.7058,0.6839,0.1736,1.5383,1.5926,0.0841,2.1714,5.6633
ffc174_Rep1_s1.png,0.1753,0.0184,-1.7362,0.3618,0.7513,1.4381,3.2901,0.0881,2.3261,6.3988
ffc174_Rep1_s2.png,0.4074,0.015,-1.8237,0.619,0.0948,1.564,1.6437,0.1236,1.7948,3.0709
ffc174_Rep1_s3.png,0.5231,0.0297,-1.5278,0.7866,0.1454,1.5035,1.5085,0.0646,2.4486,7.748
ffc174_Rep1_s4.png,0.4209,0.0152,-1.8169,0.6231,0.2972,1.5668,1.6467,0.1381,1.6303,2.0115
ffc174_Rep1_s5.png,0.3468,0.015,-1.8248,0.5155,0.1866,1.5405,1.7823,0.1289,1.9399,3.7178
ffc174_Rep1_s6.png,0.4524,0.0171,-1.7661,0.6738,0.2657,1.5629,1.5612,0.1134,1.7357,2.452
ffc174_Rep1_s7.png,0.0692,0.0462,-1.3357,0.3831,0.6819,1.2771,8.2672,0.0855,2.4993,6.5104
ffc174_Rep2_s0.png,0.4362,0.0172,-1.7649,0.6547,0.2115,1.5494,1.6115,0.0994,1.9705,4.002
ffc174_Rep2_s1.png,0.3433,0.0139,-1.8578,0.5112,0.401,1.5468,1.8058,0.1022,2.12,5.1806
ffc174_Rep2_s2.png,0.438,0.0188,-1.7254,0.6672,0.1506,1.5416,1.6183,0.1228,1.8712,3.2954
ffc174_Rep2_s3.png,0.4898,0.0235,-1.6283,0.7424,0.2133,1.5278,1.5348,0.0639,2.2886,6.6878
ffc174_Rep2_s4.png,0.4474,0.0166,-1.7798,0.6673,0.2071,1.5641,1.59,0.1171,1.6713,2.3429
ffc174_Rep2_s5.png,0.3375,0.0139,-1.8561,0.4974,0.3207,1.5423,1.8081,0.1391,1.8288,3.1356
ffc174_Rep2_s6.png,0.383,0.0155,-1.8087,0.5914,0.5533,1.5649,1.7456,0.1409,1.6802,2.0389
ffc174_Rep2_s7.png,0.012,0.1994,-0.7004,0.6278,0.6676,0.9897,41.5925,0.0516,3.2036,11.4384
ffc176_Rep1_s0.png,0.4526,0.0197,-1.7063,0.6747,0.2243,1.538,1.5921,0.0949,1.8128,3.2087
ffc176_Rep1_s1.png,0.3586,0.0117,-1.9305,0.5317,0.1694,1.5785,1.7143,0.0897,2.1489,5.4856
ffc176_Rep1_s2.png,0.3923,0.0184,-1.7351,0.6036,0.2778,1.532,1.7341,0.1164,1.745,2.8727
ffc176_Rep1_s3.png,0.4523,0.0176,-1.7547,0.6972,0.0929,1.5599,1.5823,0.0606,2.0486,5.3653
ffc176_Rep1_s4.png,0.4062,0.0158,-1.8003,0.6142,0.2958,1.5581,1.6601,0.1265,1.5134,1.7613
ffc176_Rep1_s5.png,0.3257,0.0129,-1.8886,0.4728,0.3023,1.5479,1.832,0.1273,1.8609,3.3662
ffc176_Rep1_s6.png,0.4208,0.016,-1.7952,0.6272,0.3659,1.5608,1.6131,0.0946,1.5977,2.0838
ffc176_Rep1_s7.png,0.0133,0.2113,-0.6751,0.6466,0.5796,0.9918,40.8175,0.0366,1.9619,4.3526
ffc176_Rep2_s0.png,0.4638,0.0192,-1.7164,0.6917,0.2064,1.5473,1.5689,0.0866,1.9891,4.4002
ffc176_Rep2_s1.png,0.3782,0.0138,-1.8588,0.56,0.2471,1.5686,1.7085,0.1246,1.9759,4.0145
ffc176_Rep2_s2.png,0.3954,0.0162,-1.7912,0.6069,0.1619,1.5535,1.7024,0.1167,1.8066,3.1482
ffc176_Rep2_s3.png,0.498,0.0245,-1.6105,0.7521,0.2093,1.5231,1.5297,0.0571,2.1184,5.854
ffc176_Rep2_s4.png,0.4149,0.0154,-1.8119,0.6179,0.2716,1.5646,1.6464,0.1454,1.5211,1.6116
ffc176_Rep2_s5.png,0.3464,0.0129,-1.891,0.5073,0.3082,1.5624,1.7702,0.1336,1.7679,2.8544
ffc176_Rep2_s6.png,0.4313,0.0152,-1.8168,0.6375,0.3916,1.5727,1.5851,0.1026,1.5921,2.0339
ffc176_Rep2_s7.png,0.0536,0.0527,-1.2785,0.3097,0.6836,1.2244,9.9093,0.0642,2.3886,7.0459
ffc177_Rep1_s0.png,0.4487,0.0184,-1.7361,0.6713,0.2373,1.551,1.596,0.0844,2.017,4.553
ffc177_Rep1_s1.png,0.3232,0.0126,-1.8995,0.4892,0.1965,1.5576,1.834,0.1362,1.911,3.5946
ffc177_Rep1_s2.png,0.369,0.0166,-1.7787,0.5703,0.3558,1.5394,1.783,0.1422,1.5878,2.0477
ffc177_Rep1_s3.png,0.3981,0.0197,-1.7056,0.6165,0.2318,1.5222,1.7359,0.0786,1.8438,3.6659
ffc177_Rep1_s4.png,0.4295,0.0189,-1.7234,0.645,0.2324,1.5392,1.6487,0.1341,1.586,1.9061
ffc177_Rep1_s5.png,0.3065,0.0154,-1.8138,0.4491,0.3408,1.5152,1.9598,0.1343,1.8842,3.5853
ffc177_Rep1_s6.png,0.4233,0.0157,-1.8029,0.6272,0.378,1.5669,1.5958,0.0847,1.5343,1.9969
ffc177_Rep1_s7.png,0.0195,0.2485,-0.6047,0.5956,0.8789,1.0242,31.4237,0.0649,3.3527,13.0817
ffc177_Rep2_s0.png,0.4599,0.0182,-1.7404,0.6797,0.2804,1.5553,1.5601,0.0796,2.2296,5.9305
ffc177_Rep2_s1.png,0.3362,0.0129,-1.8905,0.5149,0.0505,1.5568,1.7978,0.0893,2.1788,5.4187
ffc177_Rep2_s2.png,0.4031,0.0179,-1.7477,0.6082,0.323,1.5395,1.6886,0.0964,1.8292,3.4963
ffc177_Rep2_s3.png,0.4212,0.0215,-1.6679,0.6441,0.2383,1.5191,1.7051,0.0645,1.9596,4.6726
ffc177_Rep2_s4.png,0.4096,0.0169,-1.7715,0.6103,0.263,1.5505,1.6772,0.1197,1.7241,2.8462
ffc177_Rep2_s5.png,0.296,0.0183,-1.7386,0.4516,0.3548,1.4886,2.032,0.0819,1.2676,1.1508
ffc177_Rep2_s6.png,0.4249,0.0153,-1.8142,0.6266,0.3583,1.5702,1.5894,0.0791,1.5858,2.4812
ffc177_Rep2_s7.png,0.0036,0.3944,-0.4041,0.6201,0.85,0.9614,96.5019,0.0357,3.1,10.9321
ffc177_Rep3_s0.png,0.4488,0.0163,-1.7876,0.669,0.196,1.5613,1.5801,0.0885,2.0921,5.0857
ffc177_Rep3_s1.png,0.3146,0.0134,-1.8734,0.4717,0.2809,1.5408,1.9074,0.1335,1.9421,3.7557
ffc177_Rep3_s2.png,0.3709,0.0166,-1.7788,0.5676,0.2927,1.5417,1.7436,0.1246,1.6972,2.7197
ffc177_Rep3_s3.png,0.4081,0.0213,-1.672,0.6157,0.3654,1.5152,1.723,0.083,2.1536,5.3114
ffc177_Rep3_s4.png,0.4436,0.0171,-1.7681,0.6594,0.3082,1.5549,1.6064,0.1313,1.8596,3.0082
ffc177_Rep3_s5.png,0.3125,0.0143,-1.8462,0.4551,0.3001,1.525,1.9348,0.137,1.9765,3.8848
ffc177_Rep3_s6.png,0.4259,0.0156,-1.8058,0.6331,0.3616,1.5682,1.6001,0.0962,1.6415,2.3281
ffc177_Rep3_s7.png,0.0145,0.1827,-0.7383,0.4682,0.9665,1.1577,32.6684,0.0299,2.0968,5.7529
ffc177_Rep4_s0.png,0.4531,0.0179,-1.746,0.6722,0.26,1.5533,1.5713,0.0805,2.0779,4.9847
ffc177_Rep4_s1.png,0.3231,0.0135,-1.8692,0.4833,0.238,1.5418,1.8593,0.104,2.2967,5.9592
ffc177_Rep4_s2.png,0.3827,0.0162,-1.7895,0.5844,0.2894,1.5453,1.7104,0.1365,1.6862,2.5384
ffc177_Rep4_s3.png,0.4672,0.0204,-1.6895,0.701,0.1813,1.5383,1.5628,0.0699,2.2496,6.2347
ffc177_Rep4_s4.png,0.4199,0.0195,-1.7097,0.6236,0.3137,1.5339,1.6697,0.1168,1.8391,3.158
ffc177_Rep4_s5.png,0.3234,0.0155,-1.8111,0.4708,0.363,1.5186,1.9077,0.0982,2.1128,5.1014
ffc177_Rep4_s6.png,0.4274,0.0153,-1.8149,0.633,0.3687,1.5726,1.5865,0.0863,1.6945,2.753
ffc177_Rep4_s7.png,0.0155,0.3934,-0.4051,0.7232,0.6434,0.9218,40.3029,0.041,3.3172,13.4323
ffc178_Rep1_s0.png,0.4531,0.0196,-1.7076,0.6788,0.311,1.5394,1.6003,0.0778,2.1713,5.2527
ffc178_Rep1_s1.png,0.376,0.0153,-1.815,0.5641,0.1751,1.5511,1.7483,0.1005,2.2303,5.7127
ffc178_Rep1_s2.png,0.424,0.0186,-1.7294,0.6477,0.2412,1.5432,1.6443,0.0969,1.9529,3.9439
ffc178_Rep1_s3.png,0.4285,0.0209,-1.6801,0.6671,0.1305,1.5281,1.6668,0.0701,2.0649,5.5159
ffc178_Rep1_s4.png,0.4368,0.0161,-1.7935,0.6508,0.2966,1.5634,1.604,0.1298,1.7318,2.5373
ffc178_Rep1_s5.png,0.3284,0.0168,-1.7738,0.488,0.3535,1.5147,1.8914,0.093,2.0206,4.7552
ffc178_Rep1_s6.png,0.434,0.0161,-1.7919,0.644,0.3706,1.5664,1.5866,0.0901,1.6118,2.2774
ffc178_Rep1_s7.png,0.0035,0.3571,-0.4472,0.6581,0.9332,1.0147,101.2982,0.0386,2.1148,5.8209
ffc178_Rep2_s0.png,0.4666,0.0213,-1.6716,0.6988,0.1758,1.5298,1.5872,0.0899,2.1226,4.7785
ffc178_Rep2_s1.png,0.3565,0.0138,-1.8589,0.5414,0.1671,1.5627,1.7745,0.1331,1.8806,3.5418
ffc178_Rep2_s2.png,0.3861,0.0165,-1.7823,0.5927,0.3365,1.5458,1.7153,0.1169,1.752,2.9904
ffc178_Rep2_s3.png,0.4606,0.0228,-1.643,0.7023,0.1664,1.5251,1.5909,0.0694,2.1749,6.1239
ffc178_Rep2_s4.png,0.4364,0.0163,-1.7891,0.6495,0.3302,1.5628,1.6259,0.1417,1.6733,2.1299
ffc178_Rep2_s5.png,0.3456,0.0151,-1.8209,0.5144,0.204,1.5395,1.7806,0.1321,1.8722,3.4176
ffc178_Rep2_s6.png,0.4281,0.016,-1.7971,0.6378,0.3939,1.5658,1.602,0.0981,1.5357,1.6722
ffc178_Rep2_s7.png,0.0179,0.2725,-0.5646,0.6112,0.883,0.9952,33.475,0.0626,3.2413,12.0445
ffc178_Rep3_s0.png,0.4446,0.017,-1.7686,0.6633,0.1379,1.5562,1.5832,0.0884,2.0502,4.8327
ffc178_Rep3_s1.png,0.3649,0.0152,-1.819,0.5519,0.1483,1.5519,1.7662,0.112,2.2135,5.5845
ffc178_Rep3_s2.png,0.4278,0.0178,-1.7489,0.6487,0.3302,1.5449,1.6417,0.1249,1.8939,3.5199
ffc178_Rep3_s3.png,0.472,0.0225,-1.6474,0.7142,0.2453,1.5304,1.5689,0.0669,2.1889,5.8057
ffc178_Rep3_s4.png,0.4041,0.0139,-1.856,0.6003,0.3044,1.5746,1.6651,0.1324,1.6649,2.175
ffc178_Rep3_s5.png,0.347,0.0149,-1.8262,0.518,0.2937,1.5419,1.7666,0.1002,1.9047,3.9055
ffc178_Rep3_s6.png,0.4356,0.0179,-1.7477,0.6477,0.4078,1.553,1.6068,0.0945,1.6532,2.1573
ffc178_Rep3_s7.png,0.0471,0.0587,-1.2312,0.4127,0.8725,1.3068,11.8731,0.1118,1.7437,2.1984
ffc178_Rep4_s0.png,0.4451,0.0172,-1.7633,0.6622,0.2202,1.554,1.5873,0.0809,2.0811,5.1179
ffc178_Rep4_s1.png,0.3692,0.014,-1.8525,0.5522,0.1173,1.5606,1.7278,0.0893,2.2881,6.3785
ffc178_Rep4_s2.png,0.4155,0.0172,-1.7646,0.6331,0.2422,1.5484,1.6447,0.1017,1.9866,4.0201
ffc178_Rep4_s3.png,0.4639,0.0191,-1.7183,0.6908,0.2848,1.5463,1.5541,0.0581,1.9388,4.5654
ffc178_Rep4_s4.png,0.4225,0.0171,-1.7665,0.6274,0.3311,1.5496,1.6397,0.1186,1.7224,2.7868
ffc178_Rep4_s5.png,0.3517,0.0142,-1.8465,0.5181,0.3275,1.5511,1.7584,0.0948,2.0733,5.0425
ffc178_Rep4_s6.png,0.4406,0.0175,-1.7569,0.6527,0.38,1.5596,1.5872,0.0884,1.747,2.649
ffc178_Rep4_s7.png,0.0865,0.0295,-1.5308,0.3537,0.9429,1.4266,6.3342,0.0936,1.9807,3.5144
ffc179_Rep1_s0.png,0.4576,0.0191,-1.719,0.6816,0.1665,1.5425,1.5832,0.0861,1.8696,3.4816
ffc179_Rep1_s1.png,0.262,0.0192,-1.7168,0.4929,0.55,1.4768,2.437,0.0939,2.604,8.1225
ffc179_Rep1_s2.png,0.4185,0.0151,-1.8222,0.6374,0.3132,1.5648,1.6396,0.0974,1.8714,3.5872
ffc179_Rep1_s3.png,0.4811,0.0217,-1.6635,0.7236,0.1576,1.5377,1.5478,0.0601,2.308,6.8215
ffc179_Rep1_s4.png,0.44,0.0164,-1.7846,0.6495,0.2356,1.564,1.6038,0.1249,1.6368,2.1293
ffc179_Rep1_s5.png,0.3481,0.015,-1.8244,0.5133,0.3221,1.5408,1.7796,0.118,1.8431,3.4237
ffc179_Rep1_s6.png,0.4627,0.0171,-1.7671,0.6795,0.3771,1.5674,1.5394,0.0938,1.6623,2.1119
ffc179_Rep1_s7.png,0.0254,0.2113,-0.6751,0.5934,0.7854,1.0951,24.3465,0.0586,2.4539,6.5501
ffc179_Rep2_s0.png,0.4597,0.0198,-1.7025,0.686,0.1703,1.5405,1.5875,0.0838,1.9433,4.0608
ffc179_Rep2_s1.png,0.375,0.0137,-1.8619,0.5588,0.1268,1.5671,1.7035,0.1261,1.9316,3.8692
ffc179_Rep2_s2.png,0.4237,0.0168,-1.7745,0.6447,0.2107,1.5525,1.6262,0.1046,1.7931,3.2745
ffc179_Rep2_s3.png,0.4914,0.0214,-1.6696,0.7453,0.1518,1.5411,1.526,0.0625,2.3903,7.5836
ffc179_Rep2_s4.png,0.4241,0.0143,-1.8442,0.628,0.2729,1.5787,1.6221,0.1359,1.592,1.9586
ffc179_Rep2_s5.png,0.3599,0.0148,-1.8296,0.5355,0.3116,1.5466,1.7425,0.1128,1.9002,3.7385
ffc179_Rep2_s6.png,0.4524,0.0165,-1.7823,0.6721,0.3768,1.5653,1.5611,0.1415,1.6237,1.6475
ffc179_Rep2_s7.png,0.0178,0.2816,-0.5504,0.6881,0.7872,0.9938,35.2119,0.0454,1.5404,2.0324
ffc17_Rep1_s0.png,0.4484,0.0172,-1.7632,0.6685,0.2392,1.5561,1.5851,0.0842,1.987,4.0923
ffc17_Rep1_s1.png,0.2977,0.0136,-1.8654,0.4781,0.4552,1.5277,1.9968,0.1005,2.4338,7.4273
ffc17_Rep1_s2.png,0.4025,0.0172,-1.7655,0.6159,0.1524,1.5504,1.6884,0.1394,1.7588,2.7182
ffc17_Rep1_s3.png,0.4955,0.0228,-1.6413,0.7121,0.3173,1.5285,1.5168,0.0717,2.27,6.2415
ffc17_Rep1_s4.png,0.4159,0.0161,-1.7944,0.621,0.2957,1.5594,1.6466,0.1288,1.4032,1.2628
ffc17_Rep1_s5.png,0.3502,0.0163,-1.788,0.5116,0.2011,1.5287,1.7857,0.1191,2.1508,5.1716
ffc17_Rep1_s6.png,0.4688,0.0176,-1.7545,0.693,0.3332,1.5608,1.5339,0.1342,1.7561,2.3163
ffc17_Rep1_s7.png,0.0766,0.0266,-1.5759,0.3156,0.818,1.3779,6.5009,0.0902,1.8771,3.0248
ffc17_Rep2_s0.png,0.4605,0.0187,-1.7291,0.6889,0.1794,1.5473,1.5857,0.0863,1.9315,3.7705
ffc17_Rep2_s1.png,0.3929,0.0145,-1.8388,0.5803,0.2246,1.5631,1.6429,0.1206,1.9901,4.2991
ffc17_Rep2_s2.png,0.421,0.0159,-1.7997,0.6432,0.1929,1.5604,1.6476,0.1187,1.9163,3.3977
ffc17_Rep2_s3.png,0.4392,0.0176,-1.7552,0.6563,0.2632,1.5519,1.5958,0.0587,2.1259,5.7648
ffc17_Rep2_s4.png,0.446,0.0165,-1.7826,0.6622,0.2604,1.5654,1.5908,0.1274,1.5873,1.9254
ffc17_Rep2_s5.png,0.3175,0.0138,-1.8592,0.4589,0.2596,1.5349,1.8679,0.1235,1.8896,3.7657
ffc17_Rep2_s6.png,0.4535,0.0161,-1.7943,0.6769,0.3674,1.5767,1.5526,0.1019,1.8391,3.2074
ffc17_Rep2_s7.png,0.0183,0.1853,-0.7321,0.553,0.9069,1.0613,30.8972,0.0695,2.5688,7.3047
ffc180_Rep1_s0.png,0.4426,0.0189,-1.7247,0.663,0.1273,1.5389,1.609,0.0902,1.9951,4.295
ffc180_Rep1_s1.png,0.3623,0.013,-1.8857,0.5456,0.2278,1.5733,1.7237,0.1225,1.9551,3.9193
ffc180_Rep1_s2.png,0.3884,0.0157,-1.8044,0.5928,0.1268,1.5487,1.7155,0.112,1.8125,3.3516
ffc180_Rep1_s3.png,0.461,0.02,-1.6985,0.6844,0.2395,1.5413,1.5766,0.0701,2.2038,6.0146
ffc180_Rep1_s4.png,0.4406,0.0158,-1.8003,0.6566,0.2316,1.5689,1.5862,0.13,1.5521,1.8612
ffc180_Rep1_s5.png,0.3565,0.0144,-1.8405,0.525,0.2792,1.5491,1.7508,0.1225,2.0412,4.3341
ffc180_Rep1_s6.png,0.4246,0.0154,-1.8132,0.6302,0.3494,1.5727,1.5966,0.153,1.5413,1.4688
ffc180_Rep1_s7.png,0.1562,0.021,-1.6787,0.3586,0.7895,1.4097,3.7723,0.0844,2.0906,4.0421
ffc180_Rep2_s0.png,0.4583,0.0184,-1.735,0.6782,0.2527,1.5479,1.5697,0.0794,2.0595,5.1283
ffc180_Rep2_s1.png,0.3835,0.0137,-1.8644,0.574,0.2097,1.571,1.6587,0.085,1.9019,4.4176
ffc180_Rep2_s2.png,0.3977,0.0158,-1.8007,0.6046,0.0418,1.5535,1.6806,0.1175,1.7047,2.6943
ffc180_Rep2_s3.png,0.4917,0.0225,-1.6471,0.7437,0.2234,1.5338,1.5359,0.065,2.2365,6.166
ffc180_Rep2_s4.png,0.4252,0.0151,-1.8218,0.6251,0.2898,1.5672,1.6086,0.1253,1.7187,2.6192
ffc180_Rep2_s5.png,0.3844,0.0185,-1.7332,0.5713,0.1903,1.5255,1.7259,0.0833,1.7974,3.7143
ffc180_Rep2_s6.png,0.4603,0.0185,-1.7324,0.6789,0.3492,1.5558,1.5563,0.0957,1.5971,1.9881
ffc180_Rep2_s7.png,0.033,0.089,-1.0507,0.3715,0.8479,1.1439,16.9625,0.0653,2.5154,7.8461
ffc181_Rep1_s0.png,0.4773,0.0206,-1.6858,0.7106,0.2111,1.5407,1.5528,0.0853,2.0198,4.3818
ffc181_Rep1_s1.png,0.3782,0.0123,-1.9117,0.5605,0.2359,1.5788,1.6585,0.1226,1.8385,3.4296
ffc181_Rep1_s2.png,0.4164,0.0176,-1.7538,0.6359,0.2353,1.5422,1.6566,0.1005,1.7275,2.8089
ffc181_Rep1_s3.png,0.4591,0.0189,-1.7239,0.6951,0.211,1.5475,1.57,0.0554,2.1517,6.039
ffc181_Rep1_s4.png,0.4458,0.0169,-1.7713,0.6614,0.2947,1.5609,1.5989,0.1125,1.7905,2.8662
ffc181_Rep1_s5.png,0.362,0.0144,-1.8402,0.5358,0.2163,1.552,1.7067,0.125,1.9245,3.6259
ffc181_Rep1_s6.png,0.4598,0.017,-1.7687,0.6805,0.2977,1.5646,1.5505,0.1509,1.6147,1.6152
ffc181_Rep1_s7.png,0.0197,0.3661,-0.4364,0.7371,0.8004,0.9766,33.6287,0.0594,1.8535,3.4022
ffc181_Rep2_s0.png,0.4709,0.0197,-1.7057,0.7013,0.2183,1.5459,1.5592,0.0822,2.0188,4.4186
ffc181_Rep2_s1.png,0.3803,0.0136,-1.8669,0.567,0.1022,1.5714,1.6889,0.1217,1.9455,3.8614
ffc181_Rep2_s2.png,0.405,0.0159,-1.7977,0.6176,0.2179,1.5541,1.6636,0.1205,1.7453,2.7193
ffc181_Rep2_s3.png,0.488,0.0233,-1.6334,0.7318,0.2187,1.5299,1.5418,0.0583,2.3193,7.282
ffc181_Rep2_s4.png,0.4294,0.0161,-1.7942,0.6365,0.2704,1.567,1.6219,0.1374,1.6185,1.9881
ffc181_Rep2_s5.png,0.3596,0.0136,-1.8664,0.5293,0.2515,1.5581,1.7031,0.1236,1.9035,3.6116
ffc181_Rep2_s6.png,0.4815,0.019,-1.7215,0.7114,0.3348,1.5526,1.5267,0.1104,1.722,2.3173
ffc181_Rep2_s7.png,0.0895,0.0225,-1.6484,0.2919,0.8054,1.346,5.8154,0.0918,1.6686,2.9657
ffc183_Rep1_s0.png,0.4521,0.0192,-1.7169,0.6859,0.3236,1.5398,1.6279,0.0881,2.1246,4.8014
ffc183_Rep1_s1.png,0.2793,0.0181,-1.7424,0.5256,0.3956,1.5066,2.2742,0.0968,2.7192,8.8386
ffc183_Rep1_s2.png,0.3879,0.0165,-1.7822,0.5955,0.2452,1.5439,1.7302,0.104,1.6982,2.5691
ffc183_Rep1_s3.png,0.5158,0.0283,-1.5475,0.7532,0.2701,1.5055,1.5089,0.0647,2.1334,5.7104
ffc183_Rep1_s4.png,0.4364,0.0174,-1.7582,0.6523,0.2577,1.5514,1.6162,0.1376,1.4811,1.5465
ffc183_Rep1_s5.png,0.3583,0.0155,-1.8109,0.518,0.2545,1.5356,1.7739,0.1216,2.0732,4.5651
ffc183_Rep1_s6.png,0.4494,0.0153,-1.8154,0.6677,0.3752,1.5772,1.5559,0.1409,1.6407,1.8955
ffc183_Rep1_s7.png,0.033,0.1181,-0.9277,0.3954,0.8482,1.1717,17.482,0.0683,2.7217,8.2935
ffc183_Rep2_s0.png,0.4637,0.0204,-1.6902,0.6918,0.203,1.5334,1.5796,0.0806,2.0189,4.4678
ffc183_Rep2_s1.png,0.2439,0.0179,-1.7475,0.4716,0.2236,1.486,2.6058,0.0941,2.6325,8.2932
ffc183_Rep2_s2.png,0.1734,0.0238,-1.6228,0.3885,0.615,1.3962,3.3749,0.1322,2.1738,4.339
ffc183_Rep2_s3.png,0.4773,0.0224,-1.6504,0.7201,0.1032,1.5327,1.5487,0.0714,2.2167,5.9162
ffc183_Rep2_s4.png,0.4107,0.0168,-1.7753,0.6118,0.2717,1.5519,1.6721,0.1422,1.4176,1.2744
ffc183_Rep2_s5.png,0.3571,0.016,-1.7948,0.5196,0.3082,1.5358,1.781,0.1324,1.8288,3.2215
ffc183_Rep2_s6.png,0.4423,0.0169,-1.7726,0.655,0.3735,1.5604,1.582,0.1016,1.6205,2.0306
ffc183_Rep2_s7.png,0.0305,0.127,-0.8963,0.4727,0.9398,1.1595,19.2041,0.0595,2.6518,7.6261
ffc184_Rep1_s0.png,0.3174,0.0192,-1.7173,0.4879,0.5453,1.4982,2.0864,0.0849,2.0381,4.3705
ffc184_Rep1_s1.png,0.3893,0.0172,-1.7656,0.5891,0.3047,1.5371,1.7463,0.1214,2.136,4.7869
ffc184_Rep1_s2.png,0.2422,0.017,-1.7695,0.4349,0.4074,1.4799,2.4999,0.1363,1.871,3.1668
ffc184_Rep1_s3.png,0.4746,0.0205,-1.6892,0.6987,0.3334,1.5444,1.5467,0.0715,2.0527,5.1992
ffc184_Rep1_s4.png,0.4282,0.0176,-1.7547,0.6373,0.2559,1.5547,1.6256,0.1295,1.6037,2.016
ffc184_Rep1_s5.png,0.3338,0.0149,-1.8262,0.4895,0.2035,1.5288,1.8304,0.1306,1.8265,3.3194
ffc184_Rep1_s6.png,0.4451,0.0163,-1.7883,0.6583,0.3045,1.5675,1.5618,0.1075,1.6279,2.1174
ffc184_Rep1_s7.png,0.0823,0.0308,-1.5115,0.3625,0.75,1.3666,6.5637,0.0993,1.818,2.6821
ffc184_Rep2_s0.png,0.4762,0.0212,-1.6732,0.7081,0.1656,1.533,1.5599,0.0824,1.9798,4.2441
ffc184_Rep2_s1.png,0.3839,0.0146,-1.837,0.5709,0.2127,1.5648,1.6939,0.1001,2.0383,4.6937
ffc184_Rep2_s2.png,0.3995,0.0191,-1.719,0.6049,0.2225,1.5253,1.7207,0.106,1.786,3.1879
ffc184_Rep2_s3.png,0.4917,0.024,-1.6207,0.7429,0.1389,1.525,1.5376,0.0633,2.2517,6.5958
ffc184_Rep2_s4.png,0.4456,0.0183,-1.7372,0.6598,0.2846,1.548,1.6147,0.1169,1.7479,2.8117
ffc184_Rep2_s5.png,0.3674,0.014,-1.8552,0.5406,0.2455,1.5601,1.6917,0.1279,1.848,3.3131
ffc184_Rep2_s6.png,0.4699,0.0185,-1.7337,0.6925,0.362,1.5579,1.5317,0.0907,1.6555,2.2358
ffc184_Rep2_s7.png,0.1109,0.02,-1.6997,0.2918,0.8505,1.4281,4.6174,0.0801,2.1779,5.2436
ffc185_Rep1_s0.png,0.4807,0.0237,-1.6249,0.7171,0.1992,1.5179,1.5837,0.0769,2.1579,5.1458
ffc185_Rep1_s1.png,0.3779,0.0162,-1.7906,0.5759,0.347,1.547,1.7547,0.1012,2.1069,4.9641
ffc185_Rep1_s2.png,0.373,0.0178,-1.7506,0.5786,0.182,1.5298,1.803,0.1217,1.6037,2.1563
ffc185_Rep1_s3.png,0.4468,0.0223,-1.652,0.6879,0.248,1.5214,1.6233,0.0708,2.1749,5.7432
ffc185_Rep1_s4.png,0.4458,0.0154,-1.8127,0.6564,0.3215,1.569,1.582,0.1083,1.6376,2.4314
ffc185_Rep1_s5.png,0.3506,0.0139,-1.857,0.5228,0.3054,1.5543,1.7458,0.1205,1.8035,3.1493
ffc185_Rep1_s6.png,0.4433,0.016,-1.7962,0.6568,0.3241,1.5697,1.5652,0.1148,1.4807,1.4051
ffc185_Rep1_s7.png,0.0835,0.0316,-1.5009,0.3536,0.7711,1.3598,6.4839,0.0798,2.2487,5.2327
ffc185_Rep2_s0.png,0.4093,0.0152,-1.8184,0.6136,0.2832,1.5589,1.6463,0.0907,1.7807,3.3619
ffc185_Rep2_s1.png,0.3435,0.0157,-1.8047,0.5237,0.2067,1.5362,1.8638,0.123,2.0203,4.3104
ffc185_Rep2_s2.png,0.3878,0.0184,-1.7351,0.5998,0.2535,1.5331,1.7441,0.1147,1.6902,2.6285
ffc185_Rep2_s3.png,0.4397,0.0227,-1.644,0.6708,0.2782,1.5177,1.6639,0.0661,2.1656,5.819
ffc185_Rep2_s4.png,0.3375,0.0095,-2.0211,0.5027,0.3701,1.6003,1.7914,0.1394,1.396,1.2407
ffc185_Rep2_s5.png,0.3585,0.0135,-1.8701,0.524,0.2801,1.5585,1.7102,0.1198,2.1016,4.9382
ffc185_Rep2_s6.png,0.4346,0.0146,-1.8367,0.6486,0.2763,1.5837,1.5694,0.1455,1.6038,1.7641
ffc185_Rep2_s7.png,0.04,0.077,-1.1138,0.3969,0.8603,1.2338,14.1602,0.0655,2.8482,9.0201
ffc185_Rep3_s0.png,0.441,0.0183,-1.7368,0.6609,0.2792,1.5423,1.6289,0.0859,2.1066,4.8256
ffc185_Rep3_s1.png,0.3833,0.0161,-1.7927,0.5708,0.2317,1.5463,1.7328,0.0932,2.3871,6.6581
ffc185_Rep3_s2.png,0.3817,0.0169,-1.772,0.5867,0.2329,1.5407,1.7352,0.1185,1.7713,2.9359
ffc185_Rep3_s3.png,0.3844,0.0174,-1.7597,0.5889,0.2562,1.536,1.7265,0.0741,1.8405,4.0699
ffc185_Rep3_s4.png,0.429,0.0137,-1.8626,0.6381,0.3045,1.5856,1.5904,0.1389,1.5886,1.9447
ffc185_Rep3_s5.png,0.3392,0.0137,-1.8648,0.5033,0.2945,1.5518,1.7889,0.1317,1.8478,3.3429
ffc185_Rep3_s6.png,0.4194,0.0156,-1.8066,0.6241,0.2598,1.5676,1.5926,0.0833,1.5745,2.2025
ffc185_Rep3_s7.png,0.055,0.0549,-1.2608,0.3588,0.9034,1.3049,10.0011,0.0747,2.5199,6.5244
ffc185_Rep4_s0.png,0.4737,0.0238,-1.6232,0.709,0.2175,1.5151,1.5981,0.0801,2.2908,5.587
ffc185_Rep4_s1.png,0.3937,0.0171,-1.7675,0.5918,0.1836,1.547,1.7159,0.098,2.1715,5.3908
ffc185_Rep4_s2.png,0.08,0.0285,-1.5458,0.2397,0.6203,1.2697,6.2212,0.0763,3.0627,9.8506
ffc185_Rep4_s3.png,0.4069,0.0183,-1.7386,0.6267,0.2221,1.5386,1.687,0.0832,1.9455,4.0173
ffc185_Rep4_s4.png,0.4663,0.0166,-1.7809,0.6883,0.2245,1.572,1.546,0.1263,1.66,2.3313
ffc185_Rep4_s5.png,0.3429,0.0145,-1.839,0.5055,0.3185,1.5478,1.7902,0.126,1.8247,3.2493
ffc185_Rep4_s6.png,0.4141,0.0145,-1.8393,0.6132,0.3268,1.5755,1.5861,0.0962,1.5595,2.0563
ffc185_Rep4_s7.png,0.0854,0.0342,-1.4657,0.3684,0.3979,1.2946,6.3204,0.0708,2.7642,9.4534
ffc186_Rep1_s0.png,0.4585,0.0206,-1.6852,0.6875,0.248,1.5361,1.6007,0.0874,1.9443,3.6783
ffc186_Rep1_s1.png,0.3825,0.0137,-1.8627,0.5739,0.2292,1.568,1.6737,0.1201,1.9984,4.3082
ffc186_Rep1_s2.png,0.4323,0.0175,-1.7559,0.657,0.1809,1.5486,1.6165,0.1192,1.8616,3.3035
ffc186_Rep1_s3.png,0.4835,0.0196,-1.7075,0.7231,0.1753,1.5534,1.5204,0.0718,2.217,6.0209
ffc186_Rep1_s4.png,0.4382,0.0177,-1.7518,0.6543,0.2955,1.553,1.5944,0.1314,1.4813,1.5605
ffc186_Rep1_s5.png,0.3437,0.0141,-1.8504,0.497,0.2843,1.5422,1.7971,0.1289,1.8852,3.6693
ffc186_Rep1_s6.png,0.4494,0.0175,-1.7561,0.6617,0.335,1.5571,1.5614,0.1031,1.5874,1.8079
ffc186_Rep1_s7.png,0.0166,0.2989,-0.5245,0.7062,0.7072,0.985,37.3106,0.0471,2.6446,8.3046
ffc186_Rep2_s0.png,0.4371,0.0186,-1.7303,0.6645,0.3424,1.5424,1.6471,0.0869,1.9116,3.6871
ffc186_Rep2_s1.png,0.337,0.0139,-1.858,0.5175,0.3226,1.5523,1.8214,0.14,1.7861,2.9583
ffc186_Rep2_s2.png,0.3816,0.0171,-1.7679,0.5903,0.293,1.5382,1.7363,0.1435,1.5755,2.0359
ffc186_Rep2_s3.png,0.4754,0.0243,-1.6147,0.7329,0.3049,1.5233,1.5901,0.0728,2.1493,5.3557
ffc186_Rep2_s4.png,0.4121,0.0177,-1.752,0.6195,0.2579,1.5469,1.6767,0.1446,1.4669,1.4039
ffc186_Rep2_s5.png,0.3436,0.0157,-1.8049,0.5111,0.3183,1.5299,1.8249,0.1329,1.732,2.7469
ffc186_Rep2_s6.png,0.4306,0.0158,-1.8017,0.6416,0.3572,1.5681,1.5833,0.0954,1.543,1.8819
ffc186_Rep2_s7.png,0.0137,0.2379,-0.6237,0.691,0.5793,0.9811,40.7358,0.0249,1.9771,5.0197
ffc186_Rep3_s0.png,0.4607,0.0169,-1.7727,0.6827,0.0899,1.5631,1.5496,0.0796,1.9273,4.1387
ffc186_Rep3_s1.png,0.3766,0.014,-1.8525,0.5687,0.2404,1.568,1.7064,0.1283,1.9667,4.0133
ffc186_Rep3_s2.png,0.3806,0.0145,-1.8398,0.5781,0.2508,1.5597,1.7092,0.1374,1.6527,2.3104
ffc186_Rep3_s3.png,0.4542,0.0205,-1.6893,0.683,0.2368,1.5406,1.5753,0.0805,2.263,6.1198
ffc186_Rep3_s4.png,0.4323,0.0169,-1.7716,0.6359,0.2834,1.5563,1.6235,0.1285,1.7264,2.6803
ffc186_Rep3_s5.png,0.3422,0.0146,-1.8355,0.502,0.3063,1.5394,1.7872,0.1285,1.777,3.0431
ffc186_Rep3_s6.png,0.4502,0.0165,-1.7825,0.6595,0.3529,1.568,1.5437,0.09,1.6632,2.27
ffc186_Rep3_s7.png,0.0187,0.2278,-0.6425,0.5763,0.9077,1.0311,31.5168,0.0667,2.8388,8.7136
ffc186_Rep4_s0.png,0.4619,0.0185,-1.7322,0.687,0.2206,1.5494,1.5641,0.0817,1.7935,3.2388
ffc186_Rep4_s1.png,0.3289,0.0125,-1.9023,0.4913,0.1881,1.5603,1.7993,0.0954,2.0435,5.1499
ffc186_Rep4_s2.png,0.4112,0.0172,-1.7644,0.6246,0.2789,1.5457,1.6494,0.1378,1.6766,2.2914
ffc186_Rep4_s3.png,0.4888,0.0246,-1.6096,0.7373,0.2095,1.5228,1.5451,0.0651,2.2346,6.2144
ffc186_Rep4_s4.png,0.4308,0.0166,-1.7794,0.636,0.2653,1.5571,1.6287,0.1177,1.7733,2.9672
ffc186_Rep4_s5.png,0.3464,0.0159,-1.7995,0.5117,0.3243,1.5296,1.8037,0.1074,1.9422,4.1127
ffc186_Rep4_s6.png,0.4435,0.0167,-1.778,0.6547,0.3476,1.5638,1.5659,0.0912,1.6076,2.011
ffc186_Rep4_s7.png,0.0369,0.0806,-1.0935,0.3814,0.8894,1.2213,15.406,0.0948,1.9538,3.2131
ffc187_Rep1_s0.png,0.4634,0.0202,-1.6944,0.6883,0.1824,1.5349,1.5705,0.0794,1.9877,4.3428
ffc187_Rep1_s1.png,0.3767,0.0149,-1.8279,0.5682,0.309,1.5535,1.7291,0.0967,2.2858,6.006
ffc187_Rep1_s2.png,0.3924,0.016,-1.7947,0.5988,0.0957,1.5496,1.702,0.1364,1.6628,2.3215
ffc187_Rep1_s3.png,0.3739,0.0223,-1.6521,0.6247,0.5122,1.503,1.8581,0.0718,1.9462,4.2537
ffc187_Rep1_s4.png,0.406,0.0173,-1.7609,0.6006,0.3259,1.5494,1.6898,0.1287,1.6192,2.2099
ffc187_Rep1_s5.png,0.3204,0.0145,-1.8397,0.4753,0.3238,1.5297,1.8784,0.1311,1.7452,2.7937
ffc187_Rep1_s6.png,0.4395,0.0156,-1.8058,0.6495,0.2578,1.5739,1.5506,0.0985,1.6087,2.1742
ffc187_Rep1_s7.png,0.0131,0.2127,-0.6721,0.6804,0.6331,1.0084,41.2509,0.0274,2.1321,5.3538
ffc187_Rep2_s0.png,0.4848,0.0225,-1.6481,0.7215,0.2489,1.528,1.5511,0.0848,1.9864,4.1624
ffc187_Rep2_s1.png,0.3812,0.0119,-1.9248,0.5661,0.2479,1.5888,1.6332,0.0966,2.0745,5.0628
ffc187_Rep2_s2.png,0.4242,0.0174,-1.7596,0.6463,0.3093,1.5494,1.6475,0.0945,2.0641,4.5457
ffc187_Rep2_s3.png,0.4769,0.0188,-1.7251,0.6992,0.4088,1.5512,1.5486,0.0548,2.0851,5.7238
ffc187_Rep2_s4.png,0.4493,0.0159,-1.7985,0.661,0.2924,1.5679,1.5737,0.1152,1.6914,2.5803
ffc187_Rep2_s5.png,0.3556,0.0143,-1.845,0.5251,0.2629,1.5497,1.7396,0.1243,1.9533,3.8327
ffc187_Rep2_s6.png,0.4514,0.0182,-1.7405,0.6669,0.3485,1.5569,1.5665,0.0912,1.6956,2.4687
ffc187_Rep2_s7.png,0.0493,0.0589,-1.2299,0.3995,0.8791,1.3046,11.1442,0.0857,1.9912,3.8967
ffc188_Rep1_s0.png,0.4509,0.016,-1.7962,0.6748,0.2706,1.5642,1.572,0.0862,2.0661,4.7933
ffc188_Rep1_s1.png,0.394,0.0157,-1.8052,0.5943,0.2126,1.5569,1.6906,0.124,1.9463,3.7973
ffc188_Rep1_s2.png,0.4282,0.0182,-1.7395,0.6524,0.2473,1.5436,1.6351,0.0999,1.9421,3.9809
ffc188_Rep1_s3.png,0.4229,0.0212,-1.6729,0.668,0.2752,1.5267,1.6873,0.0681,1.9814,4.6011
ffc188_Rep1_s4.png,0.422,0.0152,-1.8187,0.6275,0.2675,1.5694,1.6478,0.1357,1.6287,2.0545
ffc188_Rep1_s5.png,0.3334,0.0139,-1.8572,0.4944,0.3515,1.5448,1.8136,0.1273,1.7418,2.8948
ffc188_Rep1_s6.png,0.4343,0.0168,-1.776,0.6443,0.3586,1.5603,1.5898,0.0909,1.5835,1.9402
ffc188_Rep1_s7.png,0.0157,0.3406,-0.4678,0.7289,0.7067,0.9854,40.2692,0.0334,1.93,4.007
ffc188_Rep2_s0.png,0.45,0.0184,-1.7341,0.6744,0.2035,1.5431,1.5976,0.0865,2.0109,4.3561
ffc188_Rep2_s1.png,0.3867,0.0168,-1.774,0.5883,0.2597,1.543,1.7374,0.1292,1.9513,3.7811
ffc188_Rep2_s2.png,0.4014,0.016,-1.7947,0.6139,0.2037,1.5565,1.6667,0.1368,1.6903,2.455
ffc188_Rep2_s3.png,0.4437,0.0203,-1.6922,0.6835,0.2805,1.5389,1.6269,0.0799,2.0995,4.9629
ffc188_Rep2_s4.png,0.4162,0.0175,-1.7577,0.6197,0.299,1.5501,1.6673,0.113,1.6712,2.4612
ffc188_Rep2_s5.png,0.3362,0.0146,-1.8365,0.4977,0.3449,1.5384,1.8176,0.1383,1.6412,2.3798
ffc188_Rep2_s6.png,0.4609,0.0178,-1.7489,0.6807,0.3434,1.5598,1.5462,0.0908,1.6822,2.3138
ffc188_Rep2_s7.png,0.0043,0.3476,-0.4589,0.6208,0.7954,0.9301,86.9245,0.0439,2.2265,4.9616
ffc188_Rep3_s0.png,0.4654,0.0195,-1.7101,0.6933,0.226,1.5432,1.563,0.0858,1.959,4.0524
ffc188_Rep3_s1.png,0.3759,0.015,-1.8238,0.5629,0.1307,1.5576,1.7351,0.0914,2.1972,5.7486
ffc188_Rep3_s2.png,0.3955,0.0188,-1.7269,0.6044,0.2844,1.5325,1.7233,0.113,1.7746,2.9595
ffc188_Rep3_s3.png,0.4927,0.0251,-1.6,0.7527,0.0954,1.5184,1.5522,0.0605,2.1334,5.9646
ffc188_Rep3_s4.png,0.4582,0.0169,-1.7715,0.6768,0.2775,1.5642,1.5717,0.1012,1.8711,3.5945
ffc188_Rep3_s5.png,0.3572,0.0148,-1.8302,0.5322,0.2618,1.5489,1.7365,0.1239,1.8665,3.4151
ffc188_Rep3_s6.png,0.4428,0.0172,-1.7634,0.6547,0.3306,1.558,1.576,0.0931,1.6725,2.2604
ffc188_Rep3_s7.png,0.0247,0.1768,-0.7526,0.5727,0.8558,1.1124,24.396,0.0682,2.7828,8.6448
ffc188_Rep4_s0.png,0.4636,0.019,-1.7221,0.6918,0.1618,1.547,1.5605,0.0824,2.0502,4.6646
ffc188_Rep4_s1.png,0.3654,0.013,-1.8847,0.5468,0.2257,1.5738,1.7055,0.1255,1.8678,3.572
ffc188_Rep4_s2.png,0.4246,0.018,-1.7444,0.6475,0.2248,1.5436,1.6385,0.1113,1.8539,3.3348
ffc188_Rep4_s3.png,0.4747,0.0218,-1.6606,0.7248,0.2219,1.5325,1.5574,0.0634,2.2735,6.8573
ffc188_Rep4_s4.png,0.4301,0.0177,-1.7515,0.6379,0.2983,1.5552,1.6334,0.111,1.6845,2.5841
ffc188_Rep4_s5.png,0.327,0.0153,-1.8164,0.4839,0.3208,1.5269,1.8433,0.1344,1.744,2.8048
ffc188_Rep4_s6.png,0.4401,0.0163,-1.7868,0.6519,0.3193,1.5688,1.5676,0.0969,1.666,2.2437
ffc188_Rep4_s7.png,0.0401,0.0803,-1.0953,0.4177,0.8623,1.2325,14.2202,0.0861,2.18,4.3161
ffc18_Rep1_s0.png,0.4491,0.0172,-1.7649,0.6703,0.0897,1.5573,1.5885,0.0892,1.8989,3.7699
ffc18_Rep1_s1.png,0.3846,0.0143,-1.8443,0.5694,0.2699,1.5611,1.6563,0.1162,1.8641,3.7575
ffc18_Rep1_s2.png,0.3996,0.0142,-1.8481,0.6083,0.1307,1.5693,1.6587,0.1167,1.883,3.2662
ffc18_Rep1_s3.png,0.4965,0.0262,-1.5817,0.7223,0.2811,1.5092,1.5425,0.0531,2.2053,6.1412
ffc18_Rep1_s4.png,0.4481,0.0187,-1.7288,0.6664,0.312,1.5438,1.613,0.1258,1.6193,2.0737
ffc18_Rep1_s5.png,0.3521,0.0148,-1.8293,0.5072,0.1726,1.5417,1.7712,0.0921,2.025,5.0498
ffc18_Rep1_s6.png,0.4606,0.0157,-1.8038,0.6819,0.3368,1.5749,1.5284,0.1378,1.6347,1.8763
ffc18_Rep1_s7.png,0.3348,0.0156,-1.8064,0.4454,0.3247,1.5267,1.9859,0.0965,1.9653,3.2743
ffc18_Rep2_s0.png,0.4735,0.0197,-1.7048,0.7069,0.1808,1.5423,1.5632,0.0881,1.8979,3.6663
ffc18_Rep2_s1.png,0.3858,0.0135,-1.8706,0.5745,0.2894,1.571,1.6526,0.1237,2.0867,4.6335
ffc18_Rep2_s2.png,0.3746,0.0141,-1.8506,0.575,0.486,1.5675,1.7755,0.1299,1.9105,3.3662
ffc18_Rep2_s3.png,0.4875,0.0261,-1.5838,0.7141,0.3673,1.5095,1.5559,0.0556,2.1755,6.0834
ffc18_Rep2_s4.png,0.438,0.0194,-1.7119,0.6776,0.2846,1.5441,1.6451,0.1211,1.5703,2.005
ffc18_Rep2_s5.png,0.3551,0.0143,-1.8443,0.5199,0.244,1.5498,1.7386,0.1239,1.8773,3.5819
ffc18_Rep2_s6.png,0.4572,0.0179,-1.7474,0.6829,0.3917,1.5608,1.5648,0.1255,1.803,2.6984
ffc18_Rep2_s7.png,0.1942,0.0126,-1.8981,0.2939,0.7453,1.4901,2.837,0.1008,1.8445,2.9885
ffc190_Rep1_s0.png,0.4096,0.0146,-1.8362,0.611,0.2605,1.5653,1.6392,0.0888,1.9202,4.0412
ffc190_Rep1_s1.png,0.3888,0.0155,-1.8088,0.5868,0.1483,1.5572,1.7035,0.0876,2.2268,6.0759
ffc190_Rep1_s2.png,0.3892,0.0175,-1.7581,0.5951,0.2713,1.5368,1.7146,0.1113,1.7931,2.9487
ffc190_Rep1_s3.png,0.5322,0.035,-1.4564,0.8067,0.2429,1.4771,1.5134,0.0648,2.6726,9.2342
ffc190_Rep1_s4.png,0.4517,0.0156,-1.8066,0.6678,0.2803,1.5701,1.5857,0.1289,1.7307,2.5597
ffc190_Rep1_s5.png,0.309,0.0159,-1.799,0.4748,0.3127,1.5172,1.9373,0.0775,1.9178,4.7438
ffc190_Rep1_s6.png,0.4414,0.0163,-1.7869,0.6593,0.3928,1.5707,1.5811,0.1015,1.6645,2.1437
ffc190_Rep1_s7.png,0.0289,0.0777,-1.1098,0.4194,0.7753,1.1974,16.8223,0.0649,2.7803,9.7117
ffc190_Rep2_s0.png,0.426,0.016,-1.7959,0.6362,0.2879,1.5574,1.6266,0.0874,1.9724,4.1442
ffc190_Rep2_s1.png,0.3786,0.0148,-1.829,0.5671,0.2533,1.557,1.7066,0.1235,2.0502,4.2492
ffc190_Rep2_s2.png,0.3908,0.0167,-1.7771,0.6,0.2566,1.5435,1.6989,0.1147,1.8118,3.1309
ffc190_Rep2_s3.png,0.498,0.0278,-1.5552,0.73,0.2412,1.5001,1.5465,0.0608,2.3686,7.1002
ffc190_Rep2_s4.png,0.4551,0.0167,-1.7784,0.6734,0.3035,1.5661,1.5705,0.1319,1.67,2.2424
ffc190_Rep2_s5.png,0.3411,0.0132,-1.8783,0.5019,0.102,1.5501,1.7559,0.1241,2.0134,4.2821
ffc190_Rep2_s6.png,0.4624,0.0186,-1.7298,0.6872,0.3695,1.5566,1.5622,0.0903,1.7395,2.6361
ffc190_Rep2_s7.png,0.0278,0.0697,-1.1569,0.3023,0.8309,1.1342,16.6826,0.0358,3.2286,18.3656
ffc190_Rep3_s0.png,0.4081,0.014,-1.8535,0.6095,0.271,1.5696,1.6394,0.0854,1.9491,4.0528
ffc190_Rep3_s1.png,0.3878,0.0151,-1.82,0.5829,0.3657,1.5585,1.71,0.1216,2.2693,5.3749
ffc190_Rep3_s2.png,0.3958,0.0181,-1.7416,0.6025,0.2363,1.5326,1.6932,0.1144,1.7341,2.7926
ffc190_Rep3_s3.png,0.4863,0.0242,-1.617,0.7314,0.1809,1.5218,1.5462,0.0627,2.4213,7.45
ffc190_Rep3_s4.png,0.4525,0.0172,-1.7638,0.6665,0.327,1.5612,1.591,0.1213,1.8077,3.002
ffc190_Rep3_s5.png,0.3564,0.0145,-1.8397,0.5278,0.22,1.5487,1.7439,0.136,1.9236,3.5559
ffc190_Rep3_s6.png,0.4659,0.0181,-1.7419,0.6908,0.3578,1.5585,1.55,0.0948,1.8346,2.9691
ffc190_Rep3_s7.png,0.08,0.0415,-1.3818,0.3643,0.7502,1.3193,7.1865,0.0711,2.9539,9.5843
ffc190_Rep4_s0.png,0.3978,0.0135,-1.8688,0.5958,0.2856,1.5706,1.6611,0.0947,1.8226,3.3907
ffc190_Rep4_s1.png,0.3771,0.0144,-1.8416,0.5679,0.2501,1.5626,1.7028,0.1297,2.1575,4.8101
ffc190_Rep4_s2.png,0.3775,0.0178,-1.7485,0.5803,0.2324,1.5309,1.767,0.1154,1.7053,2.7114
ffc190_Rep4_s3.png,0.5,0.0261,-1.5838,0.7317,0.2489,1.511,1.5334,0.0629,2.4408,7.6081
ffc190_Rep4_s4.png,0.4314,0.0152,-1.8184,0.6402,0.2933,1.5702,1.6035,0.1343,1.6047,1.9344
ffc190_Rep4_s5.png,0.3646,0.0142,-1.8469,0.5347,0.2547,1.5492,1.7174,0.1274,2.0155,4.1669
ffc190_Rep4_s6.png,0.4411,0.0141,-1.851,0.6582,0.3708,1.5879,1.5587,0.146,1.6459,1.8336
ffc190_Rep4_s7.png,0.0576,0.0518,-1.2856,0.3652,0.8176,1.2518,9.6294,0.0664,2.7157,8.1567
ffc191_Rep1_s0.png,0.4637,0.0226,-1.6466,0.6952,0.3046,1.5224,1.6158,0.0789,2.1174,4.9344
ffc191_Rep1_s1.png,0.3356,0.0157,-1.8035,0.5096,0.2073,1.5276,1.8879,0.0866,2.0699,5.2927
ffc191_Rep1_s2.png,0.4046,0.0172,-1.764,0.6164,0.2406,1.5412,1.6797,0.099,1.7694,3.0531
ffc191_Rep1_s3.png,0.4642,0.0198,-1.7039,0.7071,0.1784,1.5476,1.5664,0.0667,2.0999,5.4798
ffc191_Rep1_s4.png,0.4413,0.0167,-1.7778,0.6532,0.2885,1.56,1.6085,0.1169,1.7546,2.8644
ffc191_Rep1_s5.png,0.3452,0.0161,-1.7932,0.5234,0.2763,1.532,1.7873,0.0812,1.8106,3.6514
ffc191_Rep1_s6.png,0.4773,0.0189,-1.7245,0.701,0.3451,1.5566,1.5239,0.0885,1.6734,2.4195
ffc191_Rep1_s7.png,0.0181,0.2785,-0.5552,0.6878,0.7827,1.0148,34.9047,0.0486,1.5828,2.2245
ffc191_Rep2_s0.png,0.4646,0.0194,-1.7127,0.6921,0.1867,1.5465,1.5727,0.083,2.204,5.4043
ffc191_Rep2_s1.png,0.1935,0.0251,-1.6002,0.3974,0.6756,1.4251,3.2068,0.0873,2.1349,5.6954
ffc191_Rep2_s2.png,0.393,0.0164,-1.7851,0.6027,0.2952,1.5457,1.6994,0.1141,1.6848,2.6538
ffc191_Rep2_s3.png,0.4809,0.0242,-1.6167,0.7256,0.1258,1.52,1.5518,0.0717,2.3933,7.198
ffc191_Rep2_s4.png,0.4537,0.0166,-1.7804,0.6714,0.3243,1.564,1.5789,0.1271,1.7052,2.5192
ffc191_Rep2_s5.png,0.3373,0.0151,-1.8215,0.4975,0.2992,1.5347,1.8168,0.1263,1.9086,3.6938
ffc191_Rep2_s6.png,0.4493,0.0159,-1.7984,0.6644,0.3692,1.5728,1.5536,0.0942,1.6662,2.3696
ffc191_Rep2_s7.png,0.0166,0.1497,-0.8247,0.5226,0.9014,1.0536,30.9327,0.0646,3.2801,11.555
ffc191_Rep3_s0.png,0.4802,0.0206,-1.686,0.7147,0.1619,1.5413,1.5489,0.078,2.0975,4.9525
ffc191_Rep3_s1.png,0.3675,0.0206,-1.6869,0.5531,0.2044,1.5035,1.86,0.0913,2.324,6.6166
ffc191_Rep3_s2.png,0.3824,0.015,-1.8251,0.5858,0.1638,1.5536,1.7044,0.1434,1.6534,2.3334
ffc191_Rep3_s3.png,0.4795,0.0208,-1.6822,0.7203,0.1585,1.5427,1.5446,0.0767,2.1699,5.4351
ffc191_Rep3_s4.png,0.4366,0.0163,-1.7868,0.6442,0.3285,1.5649,1.5974,0.127,1.7437,2.6829
ffc191_Rep3_s5.png,0.334,0.0179,-1.7469,0.4968,0.266,1.5104,1.9017,0.1251,1.9344,3.6453
ffc191_Rep3_s6.png,0.4468,0.0163,-1.788,0.661,0.3121,1.5682,1.5535,0.0915,1.6051,2.1079
ffc191_Rep3_s7.png,0.1455,0.0151,-1.8201,0.3301,0.7775,1.4442,3.6335,0.0983,1.6829,2.5092
ffc191_Rep4_s0.png,0.45,0.0185,-1.7334,0.6713,0.1011,1.5471,1.6033,0.0852,2.0464,4.5234
ffc191_Rep4_s1.png,0.1618,0.0308,-1.5116,0.4227,0.7949,1.3814,3.8385,0.1121,2.0196,4.6055
ffc191_Rep4_s2.png,0.3927,0.0152,-1.8181,0.5999,0.2511,1.559,1.6864,0.1175,1.7259,2.5826
ffc191_Rep4_s3.png,0.4665,0.0223,-1.6526,0.7035,0.1276,1.5265,1.572,0.0709,2.1587,5.6552
ffc191_Rep4_s4.png,0.4328,0.0162,-1.7895,0.6431,0.24,1.5637,1.6015,0.1264,1.5724,1.9923
ffc191_Rep4_s5.png,0.1848,0.0175,-1.7568,0.3554,0.4751,1.4665,2.9408,0.1135,2.3052,5.9116
ffc191_Rep4_s6.png,0.4154,0.0128,-1.8934,0.6293,0.4372,1.5922,1.6083,0.1398,1.6654,2.0967
ffc191_Rep4_s7.png,0.0697,0.032,-1.4944,0.3131,0.7747,1.3309,7.5539,0.085,1.9976,3.8225
ffc192_Rep1_s0.png,0.4384,0.0191,-1.718,0.6555,0.2999,1.5402,1.6198,0.0844,2.1546,5.2395
ffc192_Rep1_s1.png,0.3771,0.0131,-1.8828,0.5592,0.2896,1.5744,1.7032,0.1245,2.0759,4.4989
ffc192_Rep1_s2.png,0.4158,0.0169,-1.7708,0.6347,0.3002,1.5515,1.649,0.1071,1.9963,4.1127
ffc192_Rep1_s3.png,0.4047,0.0205,-1.6872,0.6181,0.261,1.5191,1.7284,0.068,1.8249,4.0125
ffc192_Rep1_s4.png,0.3654,0.0139,-1.8581,0.5613,0.4829,1.5674,1.7718,0.139,1.5278,1.5958
ffc192_Rep1_s5.png,0.3398,0.0136,-1.8653,0.4982,0.0765,1.5474,1.7804,0.1271,2.1864,5.0472
ffc192_Rep1_s6.png,0.4184,0.0168,-1.7759,0.627,0.2912,1.5566,1.6438,0.0989,1.6322,2.1352
ffc192_Rep1_s7.png,0.0058,0.2551,-0.5934,0.6126,0.9388,1.0923,70.6028,0.045,1.5983,2.1284
ffc192_Rep2_s0.png,0.4474,0.0183,-1.7384,0.67,0.215,1.5495,1.5987,0.0859,2.2272,5.8605
ffc192_Rep2_s1.png,0.3501,0.0133,-1.8756,0.5265,0.204,1.5639,1.7753,0.1206,2.1095,4.6842
ffc192_Rep2_s2.png,0.4066,0.017,-1.7707,0.6172,0.0879,1.5473,1.6637,0.1167,1.9021,3.6273
ffc192_Rep2_s3.png,0.4265,0.02,-1.6992,0.6448,0.2086,1.5327,1.66,0.0809,2.2256,6.1015
ffc192_Rep2_s4.png,0.3738,0.0137,-1.8636,0.5568,0.3569,1.5622,1.7701,0.1402,1.6341,2.0111
ffc192_Rep2_s5.png,0.315,0.0129,-1.8891,0.4607,0.1961,1.5434,1.862,0.1368,1.9758,3.8542
ffc192_Rep2_s6.png,0.4238,0.0174,-1.7589,0.6308,0.3753,1.5537,1.6255,0.096,1.7112,2.4469
ffc192_Rep2_s7.png,0.0206,0.1589,-0.7989,0.4239,0.7897,1.0891,27.2703,0.0233,3.0204,13.5688
ffc192_Rep3_s0.png,0.4387,0.0169,-1.7713,0.6505,0.1521,1.5548,1.5836,0.081,1.9331,4.2978
ffc192_Rep3_s1.png,0.3683,0.0154,-1.813,0.5559,0.1623,1.5491,1.7632,0.126,1.9607,3.9062
ffc192_Rep3_s2.png,0.3903,0.0154,-1.812,0.5959,0.2184,1.5529,1.6926,0.122,1.791,2.93
ffc192_Rep3_s3.png,0.4386,0.0183,-1.7373,0.6619,0.1391,1.5465,1.6104,0.0695,2.3916,7.4028
ffc192_Rep3_s4.png,0.2306,0.014,-1.8543,0.3422,0.2643,1.4974,2.5985,0.1527,1.1445,0.4136
ffc192_Rep3_s5.png,0.3426,0.0169,-1.7723,0.4983,0.4095,1.5194,1.7975,0.0853,1.7449,3.5071
ffc192_Rep3_s6.png,0.4439,0.0165,-1.7837,0.6539,0.403,1.5658,1.565,0.0969,1.5757,1.9023
ffc192_Rep3_s7.png,0.0033,0.3434,-0.4643,0.5625,0.8583,0.8941,95.7594,0.0144,1.6406,3.547
ffc192_Rep4_s0.png,0.4444,0.018,-1.745,0.6661,0.1947,1.5496,1.5997,0.0828,1.919,4.1679
ffc192_Rep4_s1.png,0.3765,0.0152,-1.8175,0.5671,0.0772,1.5527,1.7363,0.0992,2.1513,5.3999
ffc192_Rep4_s2.png,0.4175,0.0164,-1.7851,0.635,0.1524,1.554,1.6352,0.1025,2.09,4.7617
ffc192_Rep4_s3.png,0.418,0.0175,-1.7563,0.6431,0.2494,1.5477,1.6659,0.0708,2.2812,6.8898
ffc192_Rep4_s4.png,0.335,0.0116,-1.9372,0.4984,0.4472,1.5703,1.8786,0.1448,1.5424,1.6571
ffc192_Rep4_s5.png,0.3416,0.0148,-1.8296,0.5078,0.2731,1.5408,1.8001,0.1289,1.8919,3.5598
ffc192_Rep4_s6.png,0.4187,0.0158,-1.8015,0.6237,0.3899,1.5649,1.6138,0.1056,1.5227,1.6465
ffc192_Rep4_s7.png,0.0128,0.6375,-0.1955,0.8777,0.6168,0.8251,51.1517,0.0241,4.0376,21.2611
ffc193_Rep1_s0.png,0.449,0.018,-1.7456,0.6709,0.2242,1.5518,1.5972,0.0843,2.0565,4.5664
ffc193_Rep1_s1.png,0.3902,0.0183,-1.738,0.5846,0.2275,1.5313,1.7479,0.0845,2.16,5.7794
ffc193_Rep1_s2.png,0.4098,0.0146,-1.8368,0.6226,0.175,1.57,1.6428,0.1211,1.7731,3.006
ffc193_Rep1_s3.png,0.4742,0.0226,-1.6466,0.7174,0.2057,1.5301,1.5718,0.0672,2.1832,5.7313
ffc193_Rep1_s4.png,0.4561,0.0181,-1.7433,0.6709,0.3034,1.5525,1.5948,0.1223,1.762,2.7811
ffc193_Rep1_s5.png,0.3655,0.0186,-1.7306,0.5456,0.305,1.5178,1.7818,0.0758,1.6118,2.7845
ffc193_Rep1_s6.png,0.4815,0.0198,-1.7043,0.7103,0.2874,1.5493,1.5217,0.0847,1.7152,2.6572
ffc193_Rep1_s7.png,0.0375,0.0825,-1.0837,0.3494,0.9103,1.2138,14.5493,0.085,2.1063,4.5917
ffc193_Rep2_s0.png,0.4579,0.0191,-1.7181,0.6773,0.1498,1.5429,1.5726,0.0786,2.026,4.4623
ffc193_Rep2_s1.png,0.4051,0.0183,-1.7387,0.6028,0.1771,1.5382,1.71,0.0857,2.1837,6.0466
ffc193_Rep2_s2.png,0.3956,0.0136,-1.8664,0.6005,0.1743,1.575,1.6625,0.1096,1.7695,3.0505
ffc193_Rep2_s3.png,0.4453,0.0181,-1.7426,0.6706,0.2073,1.5458,1.5983,0.0764,2.283,6.0246
ffc193_Rep2_s4.png,0.4361,0.0157,-1.805,0.6417,0.2759,1.5695,1.6079,0.1248,1.7546,2.7448
ffc193_Rep2_s5.png,0.3676,0.0165,-1.7821,0.5501,0.2409,1.5371,1.7441,0.0809,1.6054,2.6581
ffc193_Rep2_s6.png,0.4647,0.0183,-1.7387,0.6861,0.2557,1.5597,1.5406,0.1088,1.6075,1.9662
ffc193_Rep2_s7.png,0.0497,0.0487,-1.3128,0.3457,0.8157,1.2452,10.395,0.0764,2.1738,5.3402
ffc194_Rep1_s0.png,0.4758,0.0214,-1.6692,0.7076,0.2075,1.5321,1.5665,0.0892,2.0782,4.39
ffc194_Rep1_s1.png,0.4051,0.016,-1.7968,0.6013,0.1832,1.5555,1.6833,0.1116,2.0831,5.0095
ffc194_Rep1_s2.png,0.3891,0.0138,-1.8616,0.5884,0.1831,1.571,1.6889,0.1334,1.7125,2.5316
ffc194_Rep1_s3.png,0.4952,0.0212,-1.6741,0.7408,0.1196,1.5415,1.5156,0.0675,2.3825,6.9566
ffc194_Rep1_s4.png,0.456,0.017,-1.7688,0.6704,0.2733,1.5616,1.5706,0.125,1.7156,2.5058
ffc194_Rep1_s5.png,0.3868,0.0154,-1.8128,0.5609,0.1931,1.5502,1.6806,0.1242,1.93,3.6772
ffc194_Rep1_s6.png,0.4588,0.016,-1.795,0.6744,0.2916,1.5686,1.5328,0.128,1.5936,1.9025
ffc194_Rep1_s7.png,0.0619,0.0468,-1.3293,0.4184,0.93,1.3676,8.932,0.0853,2.156,4.7397
ffc194_Rep2_s0.png,0.4643,0.0199,-1.7001,0.6931,0.1498,1.5416,1.5738,0.0838,1.9598,4.0027
ffc194_Rep2_s1.png,0.3972,0.0186,-1.7312,0.596,0.1516,1.5297,1.7365,0.0953,2.2033,5.7897
ffc194_Rep2_s2.png,0.4082,0.0154,-1.8112,0.6194,0.0593,1.5604,1.652,0.1271,1.7765,2.8939
ffc194_Rep2_s3.png,0.495,0.0231,-1.6368,0.7466,0.1405,1.5307,1.5251,0.0728,2.3644,6.7921
ffc194_Rep2_s4.png,0.4312,0.0169,-1.7729,0.6379,0.2921,1.5545,1.6406,0.1278,1.7112,2.4887
ffc194_Rep2_s5.png,0.3256,0.0166,-1.781,0.492,0.3496,1.5121,1.8874,0.0865,1.8468,3.9383
ffc194_Rep2_s6.png,0.4619,0.0178,-1.7503,0.6826,0.3859,1.557,1.5485,0.0981,1.5476,1.7562
ffc194_Rep2_s7.png,0.0189,0.3383,-0.4707,0.7067,0.7914,0.974,34.1693,0.0607,2.3918,6.4451
ffc19_Rep1_s0.png,0.4648,0.0203,-1.6934,0.6966,0.2855,1.5382,1.5871,0.0876,2.1404,5.0445
ffc19_Rep1_s1.png,0.3687,0.0146,-1.8349,0.5463,0.2217,1.5504,1.7337,0.1327,2.1116,4.5835
ffc19_Rep1_s2.png,0.3922,0.0169,-1.7711,0.6001,0.2771,1.5437,1.7154,0.1504,1.6779,2.1248
ffc19_Rep1_s3.png,0.4038,0.023,-1.6386,0.6079,0.4203,1.5034,1.7351,0.0687,1.9945,4.6613
ffc19_Rep1_s4.png,0.3472,0.0137,-1.8619,0.5219,0.3564,1.5474,1.8753,0.1339,1.3329,1.0779
ffc19_Rep1_s5.png,0.2682,0.0139,-1.8558,0.389,0.3612,1.506,2.1238,0.1357,1.7468,2.8362
ffc19_Rep1_s6.png,0.3508,0.0139,-1.8582,0.5284,0.4258,1.5616,1.7837,0.1533,1.5,1.4068
ffc19_Rep1_s7.png,0.0133,0.2233,-0.6511,0.6649,0.7156,0.9974,41.3067,0.0353,3.1861,17.0962
ffc19_Rep2_s0.png,0.4452,0.0162,-1.7894,0.6652,0.2833,1.5651,1.5908,0.0885,2.0482,4.5126
ffc19_Rep2_s1.png,0.3636,0.0147,-1.8338,0.5382,0.2194,1.5495,1.7607,0.1014,2.3984,6.7949
ffc19_Rep2_s2.png,0.4104,0.0167,-1.7769,0.6221,0.1988,1.5517,1.6607,0.141,1.9653,3.47
ffc19_Rep2_s3.png,0.3759,0.0198,-1.7034,0.5631,0.4077,1.5144,1.796,0.0705,2.1866,5.7859
ffc19_Rep2_s4.png,0.4307,0.0156,-1.8064,0.6376,0.3454,1.5659,1.6247,0.1221,1.7062,2.4984
ffc19_Rep2_s5.png,0.2608,0.0151,-1.8218,0.3761,0.1644,1.4912,2.1961,0.1041,2.3244,6.2158
ffc19_Rep2_s6.png,0.4019,0.0166,-1.78,0.5978,0.4148,1.5497,1.668,0.089,1.9215,3.8789
ffc19_Rep2_s7.png,0.1714,0.0191,-1.7194,0.3519,0.7608,1.4325,3.4788,0.0993,1.9368,3.2305
ffc1_Rep1_s0.png,0.4414,0.0161,-1.7931,0.6573,0.1647,1.5642,1.5907,0.0925,1.9266,3.7927
ffc1_Rep1_s1.png,0.3907,0.0143,-1.8458,0.5811,0.1295,1.5624,1.6746,0.1027,2.1371,5.3829
ffc1_Rep1_s2.png,0.3744,0.0144,-1.843,0.5693,0.1797,1.5609,1.7361,0.1447,1.6212,2.0428
ffc1_Rep1_s3.png,0.4889,0.0267,-1.5738,0.7331,0.053,1.5093,1.5655,0.0727,2.4932,7.4014
ffc1_Rep1_s4.png,0.434,0.0153,-1.8152,0.6447,0.256,1.5718,1.6144,0.1393,1.6599,2.1696
ffc1_Rep1_s5.png,0.3575,0.0144,-1.8426,0.5249,0.2452,1.5475,1.7469,0.1324,1.87,3.3244
ffc1_Rep1_s6.png,0.4137,0.0124,-1.907,0.6186,0.3219,1.5952,1.5868,0.1432,1.5405,1.6615
ffc1_Rep1_s7.png,0.0188,0.3653,-0.4373,0.7351,0.7703,0.9818,35.0359,0.0587,1.811,3.1986
ffc1_Rep2_s0.png,0.4379,0.0154,-1.8139,0.654,0.1953,1.5686,1.6086,0.0905,2.0817,4.7727
ffc1_Rep2_s1.png,0.3811,0.0144,-1.8425,0.5692,0.1724,1.5641,1.7151,0.1075,2.0734,4.976
ffc1_Rep2_s2.png,0.3895,0.014,-1.8526,0.5926,0.1609,1.5668,1.6919,0.1404,1.7187,2.579
ffc1_Rep2_s3.png,0.4865,0.0267,-1.5737,0.7318,0.1671,1.507,1.5752,0.0685,2.5156,7.9514
ffc1_Rep2_s4.png,0.4404,0.0163,-1.7884,0.6447,0.276,1.5643,1.6177,0.1309,1.7696,2.7141
ffc1_Rep2_s5.png,0.3655,0.0167,-1.7783,0.5475,0.3107,1.537,1.7557,0.081,1.8001,3.9673
ffc1_Rep2_s6.png,0.415,0.015,-1.8253,0.6173,0.3324,1.5679,1.6211,0.1412,1.3844,1.0749
ffc1_Rep2_s7.png,0.0146,0.3648,-0.438,0.766,0.6161,0.9412,42.6424,0.0354,2.425,7.1861
ffc20_Rep1_s0.png,0.4803,0.0204,-1.6906,0.7128,0.2288,1.5406,1.5459,0.0926,2.0376,4.2755
ffc20_Rep1_s1.png,0.3833,0.0134,-1.8742,0.564,0.2663,1.5667,1.6575,0.1224,1.8442,3.5005
ffc20_Rep1_s2.png,0.3978,0.0134,-1.8729,0.6019,0.1199,1.5768,1.6542,0.1298,1.7963,2.7248
ffc20_Rep1_s3.png,0.4382,0.0169,-1.7713,0.6443,0.2979,1.5586,1.5769,0.0603,2.2799,6.534
ffc20_Rep1_s4.png,0.4103,0.0156,-1.8073,0.607,0.2855,1.5623,1.6628,0.1348,1.4954,1.5255
ffc20_Rep1_s5.png,0.3535,0.0143,-1.8436,0.5092,0.1508,1.5453,1.7618,0.0876,1.9876,4.8402
ffc20_Rep1_s6.png,0.4747,0.0164,-1.7856,0.6954,0.311,1.572,1.5175,0.1027,1.7701,2.5887
ffc20_Rep1_s7.png,0.0523,0.0486,-1.3129,0.341,0.7873,1.2521,10.0243,0.0741,2.3646,6.4304
ffc20_Rep2_s0.png,0.4836,0.0203,-1.6919,0.7166,0.218,1.542,1.5497,0.0864,2.0326,4.2257
ffc20_Rep2_s1.png,0.3982,0.0133,-1.8758,0.587,0.2739,1.5781,1.6372,0.1277,1.7047,2.6775
ffc20_Rep2_s2.png,0.432,0.0162,-1.7906,0.6539,0.1652,1.561,1.6246,0.1053,2.0329,3.9629
ffc20_Rep2_s3.png,0.4774,0.0226,-1.6456,0.6969,0.3351,1.5218,1.5538,0.0605,2.3647,7.1712
ffc20_Rep2_s4.png,0.3971,0.014,-1.8528,0.5933,0.3116,1.567,1.6758,0.13,1.5497,1.7252
ffc20_Rep2_s5.png,0.3835,0.0152,-1.8176,0.548,0.2697,1.5476,1.6711,0.0903,2.3113,6.5712
ffc20_Rep2_s6.png,0.4688,0.0168,-1.7754,0.6867,0.3308,1.5656,1.533,0.1073,1.7017,2.1342
ffc20_Rep2_s7.png,0.1155,0.0258,-1.5882,0.3421,0.8261,1.4041,4.9189,0.091,2.025,3.5793
ffc22_Rep1_s0.png,0.4472,0.0167,-1.7785,0.6685,0.1642,1.5609,1.5835,0.092,1.9754,4.2779
ffc22_Rep1_s1.png,0.2984,0.0124,-1.9055,0.4427,0.4338,1.5365,1.966,0.0872,2.3037,6.6483
ffc22_Rep1_s2.png,0.3992,0.0141,-1.8503,0.6066,0.1124,1.5711,1.6476,0.1488,1.7655,2.5042
ffc22_Rep1_s3.png,0.454,0.0213,-1.6712,0.6619,0.169,1.5292,1.6022,0.0665,2.3573,6.983
ffc22_Rep1_s4.png,0.4368,0.015,-1.8226,0.6532,0.3217,1.5701,1.6152,0.1338,1.6144,2.0023
ffc22_Rep1_s5.png,0.3542,0.015,-1.8235,0.513,0.1398,1.5396,1.754,0.0953,2.265,6.1002
ffc22_Rep1_s6.png,0.455,0.015,-1.823,0.6757,0.3324,1.5814,1.5357,0.1383,1.7424,2.3558
ffc22_Rep1_s7.png,0.136,0.0281,-1.5516,0.3489,0.8348,1.4166,4.4416,0.1118,1.8593,2.6789
ffc22_Rep2_s0.png,0.4291,0.0165,-1.782,0.6456,0.2752,1.554,1.62,0.0949,2.0591,4.4652
ffc22_Rep2_s1.png,0.3465,0.0138,-1.8616,0.5137,0.2208,1.5509,1.7857,0.0981,2.3963,6.7047
ffc22_Rep2_s2.png,0.3898,0.0162,-1.7896,0.5942,0.2474,1.5513,1.7097,0.0988,2.0314,4.2369
ffc22_Rep2_s3.png,0.4159,0.016,-1.7969,0.6246,0.2694,1.5564,1.6389,0.0745,2.3799,6.6795
ffc22_Rep2_s4.png,0.3508,0.0119,-1.9236,0.5296,0.3196,1.5731,1.8111,0.1469,1.5657,1.5725
ffc22_Rep2_s5.png,0.3027,0.0146,-1.8355,0.4374,0.2273,1.5191,1.9401,0.091,2.4374,7.1548
ffc22_Rep2_s6.png,0.4507,0.0162,-1.7902,0.6754,0.3681,1.572,1.5654,0.0946,2.2517,5.4454
ffc22_Rep2_s7.png,0.1733,0.0231,-1.6368,0.3819,0.7457,1.4087,3.6091,0.1098,1.8673,2.9219
ffc23_Rep1_s0.png,0.4593,0.0199,-1.7001,0.6861,0.2622,1.5389,1.5986,0.0917,2.0083,4.1564
ffc23_Rep1_s1.png,0.3791,0.0122,-1.9121,0.558,0.2578,1.5793,1.6524,0.129,1.8933,3.6699
ffc23_Rep1_s2.png,0.4069,0.0143,-1.8461,0.6192,0.1949,1.5749,1.6504,0.1453,1.7819,2.5484
ffc23_Rep1_s3.png,0.4694,0.018,-1.7447,0.6817,0.2037,1.5557,1.5462,0.0663,2.446,7.1837
ffc23_Rep1_s4.png,0.4346,0.0131,-1.8838,0.6463,0.2208,1.5901,1.5742,0.1475,1.5183,1.5085
ffc23_Rep1_s5.png,0.3517,0.0144,-1.8431,0.5132,0.1873,1.5477,1.7495,0.1254,2.0078,4.3528
ffc23_Rep1_s6.png,0.4345,0.0139,-1.8573,0.6447,0.3439,1.5808,1.5647,0.1387,1.6942,2.2392
ffc23_Rep1_s7.png,0.0577,0.0538,-1.2691,0.4088,0.798,1.256,9.6451,0.0872,2.1715,4.3462
ffc23_Rep2_s0.png,0.4479,0.0165,-1.7813,0.6673,0.1801,1.5605,1.5885,0.0952,1.8059,3.3944
ffc23_Rep2_s1.png,0.3957,0.0145,-1.838,0.5859,0.2298,1.5649,1.6454,0.1218,1.9427,3.991
ffc23_Rep2_s2.png,0.3965,0.0132,-1.8794,0.6007,0.208,1.583,1.6528,0.1467,1.8278,2.7581
ffc23_Rep2_s3.png,0.4856,0.0211,-1.6767,0.7056,0.2308,1.5363,1.5413,0.0607,2.5185,7.7568
ffc23_Rep2_s4.png,0.4482,0.0153,-1.8156,0.6679,0.2204,1.5725,1.575,0.1426,1.5854,1.7706
ffc23_Rep2_s5.png,0.3482,0.0142,-1.8477,0.5094,0.1995,1.5492,1.751,0.1263,1.9409,3.9443
ffc23_Rep2_s6.png,0.4466,0.0143,-1.8447,0.6621,0.3518,1.5832,1.5465,0.1434,1.684,2.0306
ffc23_Rep2_s7.png,0.0527,0.0516,-1.2877,0.3785,0.8032,1.2529,10.0825,0.0909,2.2271,4.5467
ffc24_Rep1_s0.png,0.4612,0.0181,-1.7433,0.687,0.2177,1.5541,1.5699,0.0948,1.8231,3.2653
ffc24_Rep1_s1.png,0.3823,0.0145,-1.8382,0.5654,0.18,1.5587,1.6972,0.1236,1.9045,3.9011
ffc24_Rep1_s2.png,0.3901,0.0137,-1.8643,0.5876,0.1832,1.5728,1.6782,0.1318,1.7439,2.8563
ffc24_Rep1_s3.png,0.4803,0.0228,-1.6412,0.7151,0.1118,1.5313,1.5441,0.0729,2.3131,6.4707
ffc24_Rep1_s4.png,0.4462,0.0134,-1.8723,0.6566,0.2844,1.5927,1.5429,0.1439,1.5195,1.637
ffc24_Rep1_s5.png,0.3845,0.0158,-1.8,0.5535,0.1474,1.5466,1.6947,0.1242,2.0256,4.2782
ffc24_Rep1_s6.png,0.4303,0.014,-1.8526,0.6353,0.346,1.5824,1.565,0.1348,1.4372,1.4392
ffc24_Rep1_s7.png,0.0477,0.0485,-1.3147,0.3753,0.8538,1.3273,11.1229,0.0971,1.9073,3.1572
ffc24_Rep2_s0.png,0.4672,0.019,-1.7217,0.6944,0.2536,1.5456,1.568,0.0927,1.8242,3.433
ffc24_Rep2_s1.png,0.378,0.0143,-1.846,0.5554,0.3137,1.5584,1.6948,0.1179,1.821,3.5002
ffc24_Rep2_s2.png,0.3768,0.0157,-1.8053,0.5708,0.2011,1.5486,1.7643,0.129,1.6617,2.4138
ffc24_Rep2_s3.png,0.4828,0.0196,-1.7085,0.7163,0.1076,1.5512,1.5136,0.0712,2.3649,6.9972
ffc24_Rep2_s4.png,0.421,0.0159,-1.7991,0.6215,0.3159,1.5627,1.6337,0.1346,1.4346,1.4644
ffc24_Rep2_s5.png,0.3382,0.0155,-1.8085,0.4861,0.2809,1.5316,1.844,0.1254,1.9019,3.7492
ffc24_Rep2_s6.png,0.4428,0.0142,-1.8491,0.6544,0.3518,1.5886,1.5508,0.1317,1.5819,1.8347
ffc24_Rep2_s7.png,0.0367,0.071,-1.1485,0.3374,0.9143,1.2281,14.3388,0.0796,2.2874,5.3395
ffc25_Rep1_s0.png,0.4955,0.0237,-1.6248,0.7404,0.25,1.5234,1.5482,0.0838,1.9572,3.9258
ffc25_Rep1_s1.png,0.3988,0.0152,-1.818,0.5897,0.2462,1.556,1.6526,0.1253,1.9975,4.2278
ffc25_Rep1_s2.png,0.4294,0.0166,-1.7806,0.6515,0.2891,1.5589,1.6229,0.1249,1.7226,2.5227
ffc25_Rep1_s3.png,0.4863,0.0227,-1.6445,0.7125,0.2395,1.529,1.5449,0.066,2.3236,6.8602
ffc25_Rep1_s4.png,0.41,0.0138,-1.8586,0.611,0.2812,1.5726,1.6449,0.1406,1.4297,1.2988
ffc25_Rep1_s5.png,0.3066,0.0135,-1.8706,0.4455,0.2861,1.5297,1.9064,0.1341,1.7673,2.993
ffc25_Rep1_s6.png,0.3219,0.0121,-1.9172,0.477,0.2107,1.5598,1.8767,0.159,1.3498,0.7731
ffc25_Rep1_s7.png,0.036,0.0678,-1.1689,0.3688,0.8648,1.2485,14.5905,0.0864,1.9668,3.5618
ffc25_Rep2_s0.png,0.4574,0.0163,-1.7866,0.6828,0.2468,1.5684,1.5576,0.0989,1.8368,3.5415
ffc25_Rep2_s1.png,0.3967,0.0142,-1.8467,0.5899,0.2672,1.5668,1.65,0.1215,1.8342,3.3348
ffc25_Rep2_s2.png,0.4149,0.015,-1.825,0.6298,0.1476,1.5647,1.6338,0.1096,1.9486,3.5039
ffc25_Rep2_s3.png,0.4422,0.0201,-1.6978,0.6507,0.2914,1.5336,1.6324,0.0647,2.1795,5.5939
ffc25_Rep2_s4.png,0.406,0.0134,-1.8737,0.6073,0.2887,1.5772,1.6388,0.1417,1.4193,1.2214
ffc25_Rep2_s5.png,0.3308,0.0143,-1.8442,0.4816,0.1728,1.5363,1.8166,0.1272,1.9447,3.8781
ffc25_Rep2_s6.png,0.431,0.0144,-1.8406,0.6419,0.3428,1.5777,1.5791,0.1392,1.5833,1.7318
ffc25_Rep2_s7.png,0.016,0.3097,-0.5091,0.6371,0.7881,0.9445,38.2451,0.0615,2.5528,7.0436
ffc26_Rep1_s0.png,0.4611,0.0199,-1.7002,0.6905,0.3135,1.5423,1.5951,0.0854,2.2643,5.5617
ffc26_Rep1_s1.png,0.2704,0.0127,-1.8949,0.3982,0.4272,1.5162,2.1084,0.0726,2.7728,10.8202
ffc26_Rep1_s2.png,0.399,0.0153,-1.8148,0.6009,0.1858,1.5581,1.6557,0.0975,1.9978,4.277
ffc26_Rep1_s3.png,0.3995,0.0175,-1.7574,0.5975,0.2512,1.5387,1.7174,0.0708,2.4557,7.2695
ffc26_Rep1_s4.png,0.4206,0.0141,-1.8516,0.6321,0.3327,1.5749,1.6091,0.1326,1.6835,2.3361
ffc26_Rep1_s5.png,0.3117,0.0151,-1.8203,0.452,0.2533,1.514,1.9174,0.0899,2.4398,7.2484
ffc26_Rep1_s6.png,0.4256,0.0157,-1.8054,0.6348,0.3771,1.5637,1.598,0.095,2.0018,4.1292
ffc26_Rep1_s7.png,0.2229,0.0108,-1.965,0.3375,0.5286,1.518,2.3905,0.1191,1.5544,1.6926
ffc26_Rep2_s0.png,0.4673,0.0208,-1.6813,0.6988,0.2835,1.5333,1.5728,0.083,2.1807,5.4225
ffc26_Rep2_s1.png,0.1587,0.0188,-1.726,0.3358,0.7936,1.4013,3.5941,0.0812,3.0027,11.0265
ffc26_Rep2_s2.png,0.3981,0.0163,-1.7889,0.6043,0.2338,1.5543,1.6767,0.1001,2.0,4.1895
ffc26_Rep2_s3.png,0.2865,0.0177,-1.752,0.4268,0.2697,1.4896,2.1794,0.0752,2.1349,5.3437
ffc26_Rep2_s4.png,0.4359,0.0151,-1.8213,0.6501,0.2853,1.5697,1.5897,0.1334,1.7547,2.6121
ffc26_Rep2_s5.png,0.3284,0.0128,-1.8934,0.4747,0.2955,1.5488,1.8117,0.1269,2.0727,4.5477
ffc26_Rep2_s6.png,0.2593,0.0135,-1.8694,0.3875,0.637,1.5135,2.2712,0.0805,1.8826,3.4435
ffc26_Rep2_s7.png,0.0995,0.0319,-1.4965,0.3582,0.8861,1.3718,5.7675,0.0938,1.9688,3.3178
ffc27_Rep1_s0.png,0.4858,0.0235,-1.6288,0.7294,0.213,1.525,1.5613,0.0813,2.23,5.6749
ffc27_Rep1_s1.png,0.3702,0.013,-1.8862,0.5521,0.2263,1.5775,1.6742,0.1294,2.1431,4.8032
ffc27_Rep1_s2.png,0.4073,0.0163,-1.7884,0.6221,0.2161,1.5544,1.6604,0.1119,1.8719,3.4034
ffc27_Rep1_s3.png,0.3375,0.0182,-1.7389,0.5032,0.3271,1.509,1.9435,0.0662,2.1703,5.8181
ffc27_Rep1_s4.png,0.401,0.0148,-1.8291,0.6006,0.3241,1.5629,1.6788,0.1412,1.4915,1.5433
ffc27_Rep1_s5.png,0.3548,0.0144,-1.8404,0.5203,0.2192,1.542,1.7588,0.1266,1.9535,3.9324
ffc27_Rep1_s6.png,0.4392,0.0152,-1.8186,0.6592,0.3774,1.5769,1.5776,0.1432,1.6213,1.8953
ffc27_Rep1_s7.png,0.0511,0.0554,-1.2564,0.3697,0.8307,1.2329,10.4011,0.0763,2.279,5.8831
ffc27_Rep2_s0.png,0.4781,0.0211,-1.6759,0.7121,0.2078,1.5366,1.5586,0.0801,2.0435,4.7194
ffc27_Rep2_s1.png,0.3789,0.0139,-1.8568,0.5571,0.1967,1.5596,1.6769,0.1256,2.1104,4.6857
ffc27_Rep2_s2.png,0.3967,0.0149,-1.8264,0.5999,0.2021,1.5622,1.6571,0.1433,1.9261,3.2371
ffc27_Rep2_s3.png,0.4239,0.02,-1.7,0.6358,0.3024,1.5268,1.6666,0.0661,2.4561,7.2856
ffc27_Rep2_s4.png,0.4174,0.0122,-1.9138,0.6174,0.2627,1.5912,1.5814,0.1348,1.5406,1.7835
ffc27_Rep2_s5.png,0.3477,0.0144,-1.841,0.5011,0.2324,1.5417,1.7845,0.0925,1.8563,4.063
ffc27_Rep2_s6.png,0.4332,0.0166,-1.7788,0.6409,0.3859,1.5605,1.5962,0.0966,1.8532,3.2798
ffc27_Rep2_s7.png,0.132,0.0237,-1.6255,0.3514,0.728,1.4363,4.4268,0.1044,1.9106,3.0458
ffc29_Rep1_s0.png,0.4654,0.0207,-1.6834,0.694,0.3563,1.5368,1.5934,0.0776,2.56,7.6116
ffc29_Rep1_s1.png,0.3323,0.0132,-1.88,0.4907,0.1153,1.5483,1.8373,0.1051,2.7209,8.2102
ffc29_Rep1_s2.png,0.3217,0.0159,-1.7975,0.4897,0.2393,1.5216,1.9285,0.1418,1.7957,2.8263
ffc29_Rep1_s3.png,0.1408,0.0373,-1.4283,0.2128,0.2164,1.308,4.1659,0.0856,1.5831,2.5892
ffc29_Rep1_s4.png,0.1119,0.0365,-1.4381,0.1768,0.5805,1.2912,5.229,0.1628,0.8189,-0.3065
ffc29_Rep1_s5.png,0.1478,0.0249,-1.6044,0.2135,0.2173,1.3741,4.0011,0.1163,1.8463,3.2529
ffc29_Rep1_s6.png,0.4048,0.0176,-1.7551,0.6054,0.419,1.5407,1.6805,0.0828,2.0529,4.5375
ffc29_Rep1_s7.png,0.0233,0.075,-1.1251,0.4092,0.9145,1.1843,19.324,0.0981,1.8251,2.5733
ffc29_Rep2_s0.png,0.4539,0.0205,-1.6878,0.6786,0.3807,1.5319,1.6212,0.0848,2.5565,7.5413
ffc29_Rep2_s1.png,0.3237,0.0135,-1.8709,0.4795,0.2043,1.5438,1.875,0.1056,2.5172,6.8152
ffc29_Rep2_s2.png,0.3248,0.0134,-1.8728,0.4939,0.2216,1.5491,1.8765,0.1459,1.8306,2.9447
ffc29_Rep2_s3.png,0.2035,0.0262,-1.5818,0.3074,0.3267,1.3966,3.0257,0.0836,1.7464,3.2491
ffc29_Rep2_s4.png,0.1199,0.028,-1.5535,0.1838,0.4149,1.3257,4.7493,0.1642,0.6716,-0.5152
ffc29_Rep2_s5.png,0.2696,0.0137,-1.8625,0.3928,0.2747,1.5116,2.1007,0.1346,2.1481,4.6588
ffc29_Rep2_s6.png,0.4218,0.0167,-1.7784,0.6309,0.3507,1.5574,1.6438,0.0929,2.2598,5.4725
ffc29_Rep2_s7.png,0.0623,0.0496,-1.3045,0.4126,0.8876,1.3537,9.1348,0.084,2.4077,5.5546
ffc2_Rep1_s0.png,0.4508,0.0197,-1.7063,0.6735,0.2864,1.5383,1.6026,0.0831,2.2145,5.6786
ffc2_Rep1_s1.png,0.3549,0.0151,-1.8198,0.5319,0.2799,1.5446,1.7956,0.0982,2.2669,5.9865
ffc2_Rep1_s2.png,0.3761,0.0159,-1.798,0.5728,0.272,1.553,1.7277,0.1386,1.8019,2.9101
ffc2_Rep1_s3.png,0.4159,0.0191,-1.718,0.6199,0.341,1.538,1.6735,0.0741,2.1393,5.4429
ffc2_Rep1_s4.png,0.402,0.0135,-1.8681,0.5974,0.3487,1.5718,1.6623,0.1381,1.8288,2.7883
ffc2_Rep1_s5.png,0.3329,0.0139,-1.8554,0.4837,0.1169,1.5406,1.804,0.1279,2.265,5.5234
ffc2_Rep1_s6.png,0.4533,0.0184,-1.7355,0.6766,0.3522,1.5551,1.5835,0.0906,2.1462,4.8726
ffc2_Rep1_s7.png,0.1546,0.0132,-1.8801,0.2569,0.7238,1.4586,3.2545,0.0975,1.8638,3.1889
ffc2_Rep2_s0.png,0.4471,0.0182,-1.7393,0.6686,0.2342,1.5515,1.6043,0.0794,2.2648,6.0759
ffc2_Rep2_s1.png,0.3213,0.0137,-1.8632,0.4785,0.39,1.543,1.9082,0.1257,2.0926,4.754
ffc2_Rep2_s2.png,0.3802,0.0154,-1.8111,0.576,0.2226,1.5539,1.7121,0.1367,1.8259,3.0764
ffc2_Rep2_s3.png,0.3214,0.0144,-1.8408,0.4792,0.2763,1.5346,1.9255,0.0784,2.0441,4.7722
ffc2_Rep2_s4.png,0.0622,0.0991,-1.0038,0.2511,0.9503,1.1995,10.0805,0.1685,0.6347,-0.7566
ffc2_Rep2_s5.png,0.2938,0.0163,-1.7885,0.4281,0.19,1.5025,2.0204,0.0929,2.5955,8.1856
ffc2_Rep2_s6.png,0.4215,0.0167,-1.7766,0.6312,0.2957,1.5566,1.6362,0.0878,2.1933,5.2196
ffc2_Rep2_s7.png,0.0543,0.0425,-1.3712,0.3584,0.8264,1.3565,9.6541,0.1128,1.695,2.0748
ffc30_Rep1_s0.png,0.4879,0.0241,-1.6174,0.7293,0.1864,1.5233,1.5591,0.0833,2.0072,4.1065
ffc30_Rep1_s1.png,0.3785,0.0131,-1.8823,0.5617,0.309,1.5703,1.6918,0.0983,1.8578,4.0557
ffc30_Rep1_s2.png,0.4162,0.0151,-1.8223,0.6327,0.2855,1.5649,1.6449,0.1022,1.7353,2.8227
ffc30_Rep1_s3.png,0.4478,0.0179,-1.7461,0.6557,0.1663,1.5478,1.5849,0.0622,2.323,6.6831
ffc30_Rep1_s4.png,0.4155,0.014,-1.8549,0.6238,0.2443,1.5753,1.6386,0.126,1.4609,1.4825
ffc30_Rep1_s5.png,0.3379,0.0148,-1.8311,0.4951,0.2481,1.5361,1.8053,0.1253,1.9373,3.9548
ffc30_Rep1_s6.png,0.4245,0.0151,-1.8203,0.6336,0.3654,1.565,1.6003,0.1209,1.5324,1.8484
ffc30_Rep1_s7.png,0.0336,0.0659,-1.1808,0.3504,0.8617,1.2386,14.9137,0.0856,2.1226,4.4985
ffc30_Rep2_s0.png,0.4591,0.0191,-1.7195,0.6856,0.1548,1.5442,1.5833,0.0912,1.7527,2.8923
ffc30_Rep2_s1.png,0.3508,0.0127,-1.8979,0.519,0.3236,1.5672,1.7652,0.1216,1.7063,2.9949
ffc30_Rep2_s2.png,0.4007,0.0139,-1.857,0.609,0.1627,1.5716,1.6583,0.1372,1.7789,2.5723
ffc30_Rep2_s3.png,0.4604,0.0215,-1.667,0.6784,0.1868,1.5256,1.5902,0.0588,2.441,7.7319
ffc30_Rep2_s4.png,0.4328,0.0171,-1.766,0.6452,0.2594,1.5578,1.6337,0.1326,1.5212,1.6557
ffc30_Rep2_s5.png,0.3528,0.0146,-1.8353,0.5084,0.1157,1.5416,1.7843,0.091,2.0409,4.9559
ffc30_Rep2_s6.png,0.4499,0.0163,-1.7872,0.669,0.3439,1.5637,1.5603,0.094,1.9085,3.7776
ffc30_Rep2_s7.png,0.0344,0.0514,-1.289,0.3283,0.8594,1.2745,14.028,0.092,1.9481,3.5682
ffc31_Rep1_s0.png,0.4829,0.0211,-1.6757,0.7183,0.1923,1.5367,1.5574,0.0856,2.2525,5.5938
ffc31_Rep1_s1.png,0.3674,0.014,-1.8524,0.5399,0.2413,1.5579,1.7071,0.1149,2.1103,4.8893
ffc31_Rep1_s2.png,0.4019,0.0146,-1.8361,0.6128,0.2058,1.568,1.6524,0.1327,1.8224,2.854
ffc31_Rep1_s3.png,0.4893,0.0197,-1.706,0.7032,0.2951,1.5505,1.5053,0.0652,2.6192,8.7569
ffc31_Rep1_s4.png,0.4193,0.012,-1.9193,0.6272,0.2656,1.5952,1.59,0.1273,1.599,2.155
ffc31_Rep1_s5.png,0.3466,0.0141,-1.8507,0.5056,0.151,1.547,1.7722,0.1223,2.1757,5.2575
ffc31_Rep1_s6.png,0.4387,0.015,-1.8227,0.6489,0.3364,1.5785,1.5778,0.1046,1.8699,3.3524
ffc31_Rep1_s7.png,0.0435,0.0607,-1.2165,0.4069,0.816,1.3075,12.6277,0.0881,2.3336,5.7804
ffc31_Rep2_s0.png,0.4724,0.0204,-1.6895,0.7044,0.1794,1.5402,1.5673,0.0854,2.0705,4.8318
ffc31_Rep2_s1.png,0.373,0.0144,-1.8424,0.5465,0.198,1.5572,1.7038,0.1281,2.0083,4.2193
ffc31_Rep2_s2.png,0.3916,0.0142,-1.8474,0.5968,0.2449,1.57,1.6868,0.1469,1.7663,2.566
ffc31_Rep2_s3.png,0.4607,0.0152,-1.8187,0.6652,0.2704,1.5796,1.5145,0.0673,2.4012,7.127
ffc31_Rep2_s4.png,0.3711,0.0126,-1.9007,0.5527,0.3772,1.5704,1.7715,0.1383,1.4576,1.4069
ffc31_Rep2_s5.png,0.3511,0.0143,-1.8455,0.511,0.1538,1.5473,1.745,0.1266,2.0436,4.5217
ffc31_Rep2_s6.png,0.4297,0.0135,-1.8688,0.636,0.363,1.5922,1.5653,0.1504,1.6891,2.047
ffc31_Rep2_s7.png,0.133,0.022,-1.6576,0.3791,0.7121,1.4519,4.3107,0.1114,1.6955,2.115
ffc32_Rep1_s0.png,0.4923,0.0235,-1.6296,0.7329,0.1297,1.5282,1.5459,0.087,2.1178,4.7679
ffc32_Rep1_s1.png,0.3471,0.0119,-1.9256,0.5158,0.1906,1.5719,1.788,0.13,1.7598,2.9457
ffc32_Rep1_s2.png,0.4293,0.0145,-1.8386,0.6519,0.1587,1.5706,1.6118,0.1199,2.0153,3.685
ffc32_Rep1_s3.png,0.4776,0.0241,-1.6183,0.7151,0.2617,1.5187,1.5726,0.0684,2.6593,8.8453
ffc32_Rep1_s4.png,0.4324,0.0131,-1.8833,0.6435,0.2305,1.5904,1.5745,0.1432,1.5326,1.5751
ffc32_Rep1_s5.png,0.3187,0.0129,-1.8907,0.4623,0.2123,1.5485,1.8639,0.132,1.7205,2.8084
ffc32_Rep1_s6.png,0.4443,0.0132,-1.879,0.6579,0.319,1.5935,1.5334,0.1294,1.7673,2.5653
ffc32_Rep1_s7.png,0.0323,0.0927,-1.0331,0.3509,0.8336,1.1969,17.1162,0.0788,2.2078,4.6405
ffc32_Rep2_s0.png,0.4797,0.0198,-1.7037,0.715,0.1084,1.5469,1.5461,0.093,1.9905,4.0485
ffc32_Rep2_s1.png,0.1164,0.0279,-1.5541,0.3646,0.8642,1.3544,4.7241,0.1133,2.3441,5.8353
ffc32_Rep2_s2.png,0.4261,0.0156,-1.808,0.6483,0.3097,1.5608,1.63,0.1001,1.7958,2.9512
ffc32_Rep2_s3.png,0.4996,0.0243,-1.6138,0.729,0.2076,1.5223,1.5187,0.0569,2.29,6.9488
ffc32_Rep2_s4.png,0.4249,0.0125,-1.9021,0.6312,0.2162,1.5954,1.5843,0.1161,1.5287,1.8243
ffc32_Rep2_s5.png,0.3621,0.015,-1.8248,0.5196,0.1445,1.5442,1.7302,0.0979,2.1394,5.3801
ffc32_Rep2_s6.png,0.4619,0.0163,-1.7879,0.6832,0.35,1.5733,1.5401,0.1439,1.6358,1.8614
ffc32_Rep2_s7.png,0.0191,0.1798,-0.7452,0.5475,0.8945,1.0582,30.1857,0.0676,2.6319,7.6686
ffc33_Rep1_s0.png,0.4747,0.019,-1.7216,0.7053,0.1972,1.5488,1.5599,0.0902,2.0682,4.5994
ffc33_Rep1_s1.png,0.1362,0.0201,-1.6976,0.3322,0.7588,1.3969,3.9774,0.0952,2.6393,8.3709
ffc33_Rep1_s2.png,0.3972,0.0133,-1.8775,0.6007,0.1476,1.5793,1.6417,0.1423,1.8478,2.9204
ffc33_Rep1_s3.png,0.4088,0.0167,-1.7769,0.614,0.2589,1.5467,1.663,0.0725,2.3424,6.5208
ffc33_Rep1_s4.png,0.4328,0.0139,-1.8566,0.64,0.2828,1.5849,1.6032,0.1323,1.5997,1.9079
ffc33_Rep1_s5.png,0.3536,0.0149,-1.828,0.511,0.123,1.5409,1.7556,0.0927,2.3034,6.5283
ffc33_Rep1_s6.png,0.4374,0.0147,-1.8337,0.6485,0.345,1.5791,1.5869,0.104,1.8718,3.1676
ffc33_Rep1_s7.png,0.0203,0.1816,-0.741,0.5519,0.8785,1.0658,29.0773,0.0693,2.8032,9.0086
ffc33_Rep2_s0.png,0.4599,0.018,-1.7453,0.6849,0.2149,1.5524,1.5744,0.0903,2.0136,4.1016
ffc33_Rep2_s1.png,0.2826,0.0109,-1.9629,0.4171,0.2209,1.5489,1.9505,0.1003,2.3265,6.6591
ffc33_Rep2_s2.png,0.4048,0.0155,-1.8102,0.6119,0.1271,1.5618,1.6521,0.1295,2.0194,3.9173
ffc33_Rep2_s3.png,0.3415,0.0171,-1.7659,0.5144,0.355,1.5142,1.9029,0.0709,2.1862,5.562
ffc33_Rep2_s4.png,0.4265,0.0135,-1.8711,0.6306,0.2562,1.5877,1.5868,0.1321,1.5174,1.6752
ffc33_Rep2_s5.png,0.3526,0.0139,-1.8573,0.5106,0.1616,1.5496,1.7344,0.1255,2.0426,4.422
ffc33_Rep2_s6.png,0.4232,0.016,-1.7957,0.6337,0.3883,1.5646,1.6201,0.1465,1.7017,2.0663
ffc33_Rep2_s7.png,0.1617,0.0208,-1.6818,0.3463,0.7694,1.4591,3.6799,0.0916,2.0414,3.7751
ffc34_Rep1_s0.png,0.4536,0.0177,-1.7519,0.6807,0.1165,1.5506,1.5953,0.0991,1.9595,3.8674
ffc34_Rep1_s1.png,0.3954,0.0148,-1.8283,0.5854,0.2039,1.5552,1.6842,0.103,2.0408,4.7863
ffc34_Rep1_s2.png,0.3997,0.0149,-1.8282,0.608,0.2643,1.5631,1.6698,0.1337,1.7601,2.6121
ffc34_Rep1_s3.png,0.5226,0.0283,-1.5479,0.7569,0.2432,1.5041,1.5117,0.0604,2.6985,9.3599
ffc34_Rep1_s4.png,0.4125,0.0149,-1.8254,0.6204,0.3077,1.5681,1.6607,0.1334,1.4567,1.4117
ffc34_Rep1_s5.png,0.3416,0.0142,-1.8471,0.4983,0.1682,1.5394,1.7854,0.1268,2.0078,4.1465
ffc34_Rep1_s6.png,0.4294,0.0157,-1.8031,0.6395,0.3355,1.5651,1.5898,0.1251,1.586,1.8963
ffc34_Rep1_s7.png,0.0258,0.1279,-0.8933,0.44,0.941,1.1263,21.2195,0.0767,2.3794,5.9509
ffc34_Rep2_s0.png,0.4524,0.0166,-1.7805,0.6769,0.1761,1.562,1.5794,0.0854,1.945,4.1762
ffc34_Rep2_s1.png,0.3915,0.014,-1.8531,0.5796,0.2611,1.568,1.649,0.124,2.011,4.3065
ffc34_Rep2_s2.png,0.3979,0.015,-1.824,0.6047,0.1833,1.566,1.6535,0.141,1.8582,2.9541
ffc34_Rep2_s3.png,0.4732,0.0192,-1.7169,0.689,0.1801,1.5481,1.5559,0.0622,2.3862,6.8122
ffc34_Rep2_s4.png,0.4224,0.0137,-1.8629,0.6285,0.2478,1.5819,1.6044,0.142,1.4904,1.5046
ffc34_Rep2_s5.png,0.3463,0.0135,-1.8681,0.5024,0.1776,1.553,1.767,0.1299,1.9158,3.7029
ffc34_Rep2_s6.png,0.4256,0.0149,-1.827,0.6327,0.3539,1.5709,1.5838,0.133,1.6231,2.0541
ffc34_Rep2_s7.png,0.0179,0.2749,-0.5608,0.6384,0.8232,0.9802,35.1033,0.0621,2.2955,5.6588
ffc36_Rep1_s0.png,0.4586,0.0189,-1.7244,0.685,0.2049,1.5452,1.5746,0.0893,1.8766,3.4806
ffc36_Rep1_s1.png,0.3886,0.0146,-1.8343,0.5734,0.2268,1.5585,1.6751,0.1193,2.1124,4.9523
ffc36_Rep1_s2.png,0.3912,0.0155,-1.8091,0.5976,0.1998,1.5536,1.7136,0.1339,1.7237,2.5513
ffc36_Rep1_s3.png,0.4877,0.0245,-1.6106,0.7344,0.1465,1.5197,1.553,0.0641,2.2921,6.6275
ffc36_Rep1_s4.png,0.4348,0.0146,-1.8371,0.6509,0.2425,1.5752,1.5977,0.1314,1.4754,1.6077
ffc36_Rep1_s5.png,0.3551,0.0149,-1.8261,0.519,0.2407,1.5416,1.7382,0.1239,1.9871,4.1284
ffc36_Rep1_s6.png,0.3531,0.014,-1.8552,0.5401,0.5499,1.5672,1.7859,0.1534,1.5822,1.7118
ffc36_Rep1_s7.png,0.0143,0.2945,-0.5309,0.6903,0.586,0.9579,41.5958,0.0386,2.4395,7.0956
ffc36_Rep2_s0.png,0.4966,0.0226,-1.6464,0.7375,0.2398,1.5307,1.5393,0.0907,2.0137,4.0281
ffc36_Rep2_s1.png,0.3843,0.0129,-1.891,0.5645,0.2674,1.5809,1.6517,0.1196,1.7825,3.3419
ffc36_Rep2_s2.png,0.4014,0.0138,-1.8597,0.6093,0.165,1.5739,1.6488,0.1316,1.6892,2.3916
ffc36_Rep2_s3.png,0.5035,0.0239,-1.6223,0.7259,0.2699,1.525,1.5144,0.0644,2.4056,7.1672
ffc36_Rep2_s4.png,0.4386,0.0143,-1.8444,0.6489,0.2575,1.5797,1.5754,0.1338,1.4479,1.4107
ffc36_Rep2_s5.png,0.3564,0.0136,-1.8669,0.5094,0.2688,1.5531,1.7309,0.1216,1.9165,3.9815
ffc36_Rep2_s6.png,0.4156,0.0144,-1.8402,0.6163,0.3642,1.5728,1.6171,0.1459,1.5599,1.5386
ffc36_Rep2_s7.png,0.0338,0.11,-0.9587,0.4762,0.6073,1.2064,18.0179,0.076,2.2014,5.5294
ffc37_Rep1_s0.png,0.465,0.0192,-1.717,0.6951,0.105,1.5453,1.5737,0.0914,1.8232,3.3403
ffc37_Rep1_s1.png,0.3658,0.013,-1.8859,0.5448,0.2159,1.5647,1.7272,0.1254,1.7173,2.969
ffc37_Rep1_s2.png,0.399,0.014,-1.8549,0.6073,0.1171,1.5755,1.6704,0.1393,1.7239,2.4357
ffc37_Rep1_s3.png,0.5042,0.0291,-1.5359,0.7528,0.1711,1.5013,1.5416,0.0575,2.3178,6.692
ffc37_Rep1_s4.png,0.4263,0.0132,-1.88,0.6372,0.1997,1.5863,1.603,0.1432,1.3883,1.1035
ffc37_Rep1_s5.png,0.34,0.0143,-1.8438,0.4912,0.2526,1.5411,1.8215,0.099,1.8868,4.0427
ffc37_Rep1_s6.png,0.456,0.016,-1.7957,0.6759,0.3679,1.5661,1.5474,0.0984,1.786,3.083
ffc37_Rep1_s7.png,0.0116,0.178,-0.7495,0.6128,0.6415,1.007,41.8363,0.0462,2.1503,5.2202
ffc37_Rep2_s0.png,0.4524,0.0191,-1.7183,0.6749,0.213,1.5457,1.5996,0.0881,1.8169,3.2947
ffc37_Rep2_s1.png,0.3699,0.0138,-1.8588,0.5488,0.13,1.5566,1.7364,0.1212,1.9177,4.0319
ffc37_Rep2_s2.png,0.4265,0.0146,-1.8349,0.6468,0.2506,1.5759,1.6257,0.1095,1.8293,3.1929
ffc37_Rep2_s3.png,0.4197,0.0158,-1.8024,0.6281,0.2886,1.5634,1.6299,0.0658,2.3612,6.9267
ffc37_Rep2_s4.png,0.4335,0.0149,-1.8266,0.6434,0.2478,1.5737,1.6009,0.1351,1.531,1.7349
ffc37_Rep2_s5.png,0.3475,0.0138,-1.8613,0.5074,0.2636,1.5501,1.7574,0.1365,1.7214,2.6336
ffc37_Rep2_s6.png,0.4504,0.0161,-1.7922,0.6646,0.3628,1.5651,1.5558,0.1381,1.7053,2.238
ffc37_Rep2_s7.png,0.1053,0.0326,-1.4869,0.3883,0.8085,1.3688,5.5358,0.1015,2.028,3.5348
ffc38_Rep1_s0.png,0.4669,0.02,-1.6986,0.6982,0.2297,1.5426,1.568,0.0856,1.9492,3.8437
ffc38_Rep1_s1.png,0.199,0.0146,-1.8346,0.2959,0.4324,1.4543,2.7514,0.1098,2.0057,4.6566
ffc38_Rep1_s2.png,0.4116,0.0142,-1.8464,0.6249,0.2122,1.5745,1.6444,0.1071,1.8409,3.1371
ffc38_Rep1_s3.png,0.4855,0.0243,-1.6137,0.7099,0.2086,1.5207,1.5543,0.0577,2.1593,5.8452
ffc38_Rep1_s4.png,0.4233,0.0157,-1.8036,0.6357,0.2572,1.5622,1.6315,0.1316,1.5106,1.7752
ffc38_Rep1_s5.png,0.3628,0.0153,-1.8162,0.5247,0.2101,1.5371,1.758,0.0891,2.0085,4.8639
ffc38_Rep1_s6.png,0.4332,0.0153,-1.8148,0.6454,0.3521,1.5726,1.5801,0.103,1.7817,2.9373
ffc38_Rep1_s7.png,0.1596,0.0138,-1.8587,0.3279,0.8495,1.4639,3.3352,0.129,1.4068,1.1455
ffc38_Rep2_s0.png,0.4789,0.0202,-1.6951,0.7107,0.2236,1.5412,1.5457,0.0811,1.9948,4.0206
ffc38_Rep2_s1.png,0.3837,0.0134,-1.8719,0.565,0.2207,1.5708,1.6608,0.1224,1.8996,3.7318
ffc38_Rep2_s2.png,0.4196,0.0144,-1.8404,0.6343,0.2208,1.5758,1.6301,0.1158,1.8895,3.2887
ffc38_Rep2_s3.png,0.4924,0.0232,-1.6338,0.709,0.2219,1.5227,1.538,0.0554,2.3143,6.6454
ffc38_Rep2_s4.png,0.4451,0.0149,-1.8261,0.6582,0.2224,1.575,1.5701,0.1319,1.5033,1.6485
ffc38_Rep2_s5.png,0.3624,0.0135,-1.8703,0.5248,0.2044,1.5594,1.7254,0.1279,1.7323,2.9072
ffc38_Rep2_s6.png,0.4649,0.0176,-1.7535,0.6864,0.3392,1.5607,1.5493,0.1176,1.7811,2.6951
ffc38_Rep2_s7.png,0.1137,0.0299,-1.5247,0.3552,0.7804,1.3829,5.1328,0.1038,1.8822,2.8457
ffc39_Rep1_s0.png,0.4588,0.0184,-1.7345,0.6862,0.2437,1.5496,1.5791,0.0842,2.0776,4.8987
ffc39_Rep1_s1.png,0.36,0.0149,-1.8274,0.5305,0.2682,1.5455,1.7625,0.0942,2.4001,6.6774
ffc39_Rep1_s2.png,0.4142,0.0156,-1.8056,0.6336,0.2534,1.5603,1.645,0.1205,1.9604,3.5901
ffc39_Rep1_s3.png,0.4208,0.0239,-1.6211,0.6347,0.3987,1.5027,1.7035,0.0698,2.302,6.2639
ffc39_Rep1_s4.png,0.2869,0.0111,-1.9533,0.4321,0.3213,1.5479,2.0395,0.1511,1.2206,0.6078
ffc39_Rep1_s5.png,0.3166,0.0166,-1.7798,0.4582,0.2866,1.5065,1.9454,0.0926,2.4358,6.9498
ffc39_Rep1_s6.png,0.4373,0.0174,-1.7589,0.6526,0.3819,1.5538,1.6063,0.0987,2.0466,4.2215
ffc39_Rep1_s7.png,0.041,0.0592,-1.228,0.4703,0.8161,1.2726,12.9711,0.1017,1.8728,2.9038
ffc39_Rep2_s0.png,0.456,0.0192,-1.7166,0.6813,0.218,1.5461,1.591,0.0873,1.9724,4.1843
ffc39_Rep2_s1.png,0.2145,0.0125,-1.9028,0.3154,0.3127,1.4845,2.4574,0.0866,2.77,9.77
ffc39_Rep2_s2.png,0.3767,0.0155,-1.8102,0.5737,0.4362,1.5511,1.7524,0.1008,2.1289,4.453
ffc39_Rep2_s3.png,0.3169,0.0191,-1.7183,0.4777,0.3113,1.4916,2.0311,0.0703,2.0442,4.7612
ffc39_Rep2_s4.png,0.3471,0.0101,-1.9972,0.5183,0.3193,1.5938,1.7418,0.1504,1.4348,1.2103
ffc39_Rep2_s5.png,0.3018,0.0143,-1.8453,0.4368,0.3048,1.5239,1.9321,0.1297,1.9251,3.6804
ffc39_Rep2_s6.png,0.3984,0.0139,-1.8559,0.601,0.4056,1.5739,1.6667,0.1435,1.7649,2.2605
ffc39_Rep2_s7.png,0.2305,0.0169,-1.7708,0.3402,0.6427,1.4614,2.6796,0.1047,1.9625,3.4367
ffc3_Rep1_s0.png,0.4442,0.0175,-1.7562,0.6647,0.2122,1.5537,1.5956,0.0881,1.9619,4.177
ffc3_Rep1_s1.png,0.2773,0.0122,-1.9138,0.4154,0.2085,1.5367,2.0875,0.0939,2.2567,6.2254
ffc3_Rep1_s2.png,0.4019,0.0158,-1.8018,0.611,0.1144,1.5574,1.6623,0.1268,1.8212,3.1214
ffc3_Rep1_s3.png,0.3675,0.0141,-1.8496,0.5555,0.2498,1.5533,1.7251,0.0664,2.1016,5.3728
ffc3_Rep1_s4.png,0.4333,0.0142,-1.8471,0.6441,0.2808,1.5865,1.5973,0.1461,1.5964,1.8006
ffc3_Rep1_s5.png,0.3525,0.0151,-1.8224,0.511,0.3383,1.5388,1.7899,0.1058,2.0832,4.7136
ffc3_Rep1_s6.png,0.4413,0.0169,-1.7712,0.6569,0.3863,1.5574,1.5847,0.1057,1.7047,2.3493
ffc3_Rep1_s7.png,0.0064,0.3119,-0.506,0.6797,0.9645,1.0749,66.1664,0.041,2.004,3.9137
ffc3_Rep2_s0.png,0.4764,0.0223,-1.652,0.7117,0.24,1.5304,1.5721,0.0871,1.9954,4.089
ffc3_Rep2_s1.png,0.3535,0.0136,-1.8667,0.5254,0.3641,1.553,1.8004,0.1247,1.9468,3.936
ffc3_Rep2_s2.png,0.3997,0.0151,-1.8209,0.6085,0.2091,1.5594,1.6709,0.1168,1.7987,3.162
ffc3_Rep2_s3.png,0.487,0.0224,-1.6499,0.7063,0.2092,1.5292,1.5342,0.0606,2.4537,7.7457
ffc3_Rep2_s4.png,0.4354,0.0151,-1.8221,0.6491,0.245,1.5709,1.6038,0.1411,1.559,1.679
ffc3_Rep2_s5.png,0.3506,0.0133,-1.8772,0.514,0.3218,1.5569,1.7567,0.1314,1.9648,3.8079
ffc3_Rep2_s6.png,0.4223,0.0142,-1.8464,0.6278,0.3814,1.5765,1.5897,0.1425,1.4993,1.3296
ffc3_Rep2_s7.png,0.0183,0.3275,-0.4847,0.7086,0.8003,0.9637,34.5325,0.0613,2.2138,5.288
ffc40_Rep1_s0.png,0.4532,0.0167,-1.778,0.6749,0.2567,1.5634,1.5912,0.0786,2.0045,4.5999
ffc40_Rep1_s1.png,0.2407,0.0132,-1.8798,0.3942,0.404,1.5194,2.2742,0.0973,2.3687,7.1724
ffc40_Rep1_s2.png,0.3958,0.0145,-1.8387,0.6043,0.1332,1.5656,1.6617,0.1412,1.8019,2.767
ffc40_Rep1_s3.png,0.4016,0.018,-1.7446,0.5876,0.2278,1.537,1.7093,0.0629,2.0686,5.7448
ffc40_Rep1_s4.png,0.4345,0.014,-1.8549,0.6499,0.2694,1.5816,1.5935,0.1368,1.6086,1.9488
ffc40_Rep1_s5.png,0.3547,0.0137,-1.8622,0.513,0.2638,1.5502,1.7538,0.1287,1.9418,3.9434
ffc40_Rep1_s6.png,0.2499,0.0233,-1.6329,0.5057,0.4804,1.4461,2.7214,0.0767,2.0332,4.4193
ffc40_Rep1_s7.png,0.0453,0.0827,-1.0823,0.4961,0.7113,1.2692,13.0883,0.1053,2.0697,3.5991
ffc40_Rep2_s0.png,0.452,0.019,-1.7223,0.6734,0.2824,1.5447,1.5976,0.0885,1.8517,3.5116
ffc40_Rep2_s1.png,0.3531,0.0114,-1.9422,0.5208,0.2657,1.5789,1.7276,0.124,1.8467,3.6241
ffc40_Rep2_s2.png,0.4046,0.0137,-1.8639,0.6116,0.2015,1.5794,1.6662,0.114,1.8957,3.518
ffc40_Rep2_s3.png,0.5318,0.0327,-1.4852,0.7542,0.3912,1.4843,1.5018,0.0615,2.4552,7.8766
ffc40_Rep2_s4.png,0.4094,0.0131,-1.8837,0.6109,0.3052,1.5802,1.6363,0.1417,1.4149,1.2086
ffc40_Rep2_s5.png,0.3533,0.0159,-1.7981,0.5089,0.2874,1.5305,1.8154,0.085,1.9684,4.5924
ffc40_Rep2_s6.png,0.4295,0.0144,-1.8408,0.6378,0.3114,1.5777,1.5787,0.1026,1.6849,2.6874
ffc40_Rep2_s7.png,0.0166,0.3209,-0.4937,0.682,0.7989,0.9612,37.1713,0.0672,2.5322,6.4047
ffc41_Rep1_s0.png,0.4829,0.0225,-1.6484,0.7172,0.1517,1.5253,1.5529,0.0876,2.0699,4.4206
ffc41_Rep1_s1.png,0.3898,0.0141,-1.8515,0.5726,0.2512,1.5648,1.6796,0.1223,1.9386,4.0563
ffc41_Rep1_s2.png,0.4162,0.0133,-1.8761,0.6292,0.1953,1.5849,1.6222,0.125,1.742,2.5792
ffc41_Rep1_s3.png,0.5057,0.024,-1.6204,0.7364,0.2286,1.525,1.5084,0.0698,2.611,8.3935
ffc41_Rep1_s4.png,0.4393,0.0169,-1.7729,0.6524,0.236,1.5587,1.6052,0.1378,1.5089,1.6849
ffc41_Rep1_s5.png,0.3992,0.0158,-1.8014,0.5732,0.1298,1.5498,1.6505,0.125,2.0908,4.5723
ffc41_Rep1_s6.png,0.4439,0.0149,-1.8282,0.6582,0.3517,1.5789,1.5664,0.1385,1.5887,1.841
ffc41_Rep1_s7.png,0.0398,0.0728,-1.1378,0.3415,0.9022,1.2355,13.4,0.0752,2.2894,5.6098
ffc41_Rep2_s0.png,0.4718,0.0202,-1.6954,0.7054,0.2038,1.5424,1.5652,0.0836,1.9634,4.0709
ffc41_Rep2_s1.png,0.4004,0.016,-1.7952,0.5948,0.313,1.5485,1.6547,0.1204,2.1412,4.9239
ffc41_Rep2_s2.png,0.3966,0.0139,-1.8577,0.6032,0.2404,1.5716,1.6618,0.1436,1.7825,2.6552
ffc41_Rep2_s3.png,0.4525,0.017,-1.7695,0.6649,0.143,1.5611,1.557,0.0617,2.1402,5.4197
ffc41_Rep2_s4.png,0.4219,0.0154,-1.8115,0.6318,0.2602,1.5672,1.6256,0.1248,1.5471,1.8971
ffc41_Rep2_s5.png,0.3664,0.0156,-1.8078,0.532,0.1221,1.5438,1.7104,0.0941,2.1825,5.8772
ffc41_Rep2_s6.png,0.4433,0.0152,-1.8183,0.6595,0.3538,1.5748,1.5685,0.0961,1.8298,3.2591
ffc41_Rep2_s7.png,0.034,0.1033,-0.9858,0.4871,0.8866,1.2007,17.322,0.1036,1.949,3.0664
ffc43_Rep1_s0.png,0.473,0.0197,-1.7046,0.7085,0.2082,1.5436,1.5699,0.0845,2.1866,5.3848
ffc43_Rep1_s1.png,0.3972,0.0151,-1.8218,0.5849,0.2803,1.5553,1.6568,0.0928,2.2511,5.9148
ffc43_Rep1_s2.png,0.429,0.0156,-1.807,0.652,0.2907,1.5663,1.6094,0.1235,1.9592,3.5308
ffc43_Rep1_s3.png,0.4586,0.0212,-1.6742,0.6907,0.1662,1.5326,1.581,0.0649,2.3181,6.93
ffc43_Rep1_s4.png,0.4525,0.0162,-1.7903,0.6731,0.2783,1.5689,1.5783,0.1352,1.6527,2.0859
ffc43_Rep1_s5.png,0.3726,0.0153,-1.8144,0.547,0.1963,1.5483,1.6949,0.1006,2.1561,5.2324
ffc43_Rep1_s6.png,0.4208,0.0138,-1.8604,0.629,0.3873,1.5847,1.586,0.1444,1.5782,1.7652
ffc43_Rep1_s7.png,0.1508,0.0181,-1.7431,0.3014,0.7685,1.417,3.7624,0.1016,1.7661,2.6513
ffc43_Rep2_s0.png,0.4355,0.0193,-1.7134,0.6519,0.2016,1.5347,1.6501,0.0909,1.8614,3.3167
ffc43_Rep2_s1.png,0.3858,0.0132,-1.8808,0.5721,0.2585,1.5714,1.6728,0.1251,1.6278,2.3204
ffc43_Rep2_s2.png,0.4044,0.0151,-1.8216,0.617,0.2735,1.5605,1.6789,0.1087,1.7684,2.8315
ffc43_Rep2_s3.png,0.4224,0.0213,-1.672,0.6285,0.2645,1.5242,1.6785,0.0602,2.1078,5.7861
ffc43_Rep2_s4.png,0.4309,0.0124,-1.9058,0.6412,0.2318,1.5962,1.5916,0.139,1.4986,1.495
ffc43_Rep2_s5.png,0.3846,0.0149,-1.8258,0.5607,0.2475,1.5563,1.6663,0.1159,2.0392,4.7025
ffc43_Rep2_s6.png,0.4007,0.0132,-1.8807,0.6013,0.3842,1.5849,1.6267,0.1432,1.5563,1.7013
ffc43_Rep2_s7.png,0.0547,0.0465,-1.3323,0.3517,0.8178,1.3471,9.5982,0.0769,2.5538,6.8295
ffc44_Rep1_s0.png,0.4655,0.0196,-1.7071,0.6961,0.1967,1.5462,1.5765,0.0888,1.9652,4.1256
ffc44_Rep1_s1.png,0.3994,0.0145,-1.8387,0.5901,0.2538,1.5628,1.6557,0.1183,1.975,4.1656
ffc44_Rep1_s2.png,0.4131,0.0144,-1.8403,0.6275,0.1538,1.5718,1.6415,0.1425,1.7356,2.4894
ffc44_Rep1_s3.png,0.4738,0.0219,-1.6592,0.6977,0.1628,1.5337,1.5613,0.0633,2.3011,6.3853
ffc44_Rep1_s4.png,0.435,0.016,-1.7948,0.6485,0.2644,1.5599,1.6002,0.1304,1.6868,2.2843
ffc44_Rep1_s5.png,0.3526,0.0145,-1.8388,0.5068,0.26,1.5433,1.775,0.0903,2.0042,4.8274
ffc44_Rep1_s6.png,0.4314,0.0147,-1.8339,0.6394,0.3578,1.5743,1.5769,0.1067,1.7461,2.7449
ffc44_Rep1_s7.png,0.0296,0.1067,-0.9717,0.3743,0.8481,1.169,18.2228,0.0792,2.3943,5.7206
ffc44_Rep2_s0.png,0.4546,0.0188,-1.7266,0.6771,0.195,1.544,1.5871,0.0881,1.8773,3.7088
ffc44_Rep2_s1.png,0.4099,0.0147,-1.8321,0.6058,0.2776,1.5668,1.6204,0.095,2.2472,6.19
ffc44_Rep2_s2.png,0.3994,0.0152,-1.8185,0.6055,0.2606,1.5613,1.671,0.1416,1.7969,2.7102
ffc44_Rep2_s3.png,0.4344,0.0183,-1.7372,0.6519,0.2633,1.544,1.6097,0.0677,2.3175,6.2868
ffc44_Rep2_s4.png,0.4408,0.0158,-1.801,0.6559,0.2326,1.5684,1.5884,0.1327,1.6293,2.0825
ffc44_Rep2_s5.png,0.3532,0.0146,-1.8364,0.5073,0.199,1.5411,1.7773,0.0891,2.14,5.8128
ffc44_Rep2_s6.png,0.4336,0.0173,-1.763,0.6439,0.3986,1.5581,1.6042,0.091,1.855,3.4722
ffc44_Rep2_s7.png,0.0052,0.2797,-0.5532,0.614,0.952,1.0627,73.1047,0.0391,1.5572,2.0109
ffc45_Rep1_s0.png,0.4477,0.0174,-1.7595,0.6676,0.2257,1.5531,1.5973,0.0971,1.9278,3.8988
ffc45_Rep1_s1.png,0.3918,0.0145,-1.8386,0.5837,0.0896,1.5651,1.679,0.1243,1.9404,3.9312
ffc45_Rep1_s2.png,0.1911,0.0232,-1.6346,0.4413,0.6269,1.4195,3.1643,0.1249,2.1655,4.4727
ffc45_Rep1_s3.png,0.4864,0.0231,-1.6361,0.7305,0.1876,1.5291,1.5307,0.0703,2.2012,5.9023
ffc45_Rep1_s4.png,0.4438,0.0153,-1.815,0.6563,0.304,1.5739,1.5746,0.142,1.5636,1.7912
ffc45_Rep1_s5.png,0.358,0.0146,-1.8343,0.5257,0.272,1.5386,1.7506,0.1314,1.7829,3.0178
ffc45_Rep1_s6.png,0.4515,0.0152,-1.8169,0.6694,0.3416,1.5753,1.5477,0.1451,1.611,1.7499
ffc45_Rep1_s7.png,0.0628,0.0463,-1.3345,0.3729,0.8705,1.3611,8.9026,0.1038,1.7554,2.5246
ffc45_Rep2_s0.png,0.4544,0.0191,-1.7186,0.6787,0.2126,1.5426,1.6017,0.0899,1.9736,4.0973
ffc45_Rep2_s1.png,0.4011,0.0146,-1.8348,0.5924,0.2401,1.5658,1.6547,0.1209,1.9696,4.1823
ffc45_Rep2_s2.png,0.3634,0.0153,-1.8162,0.5594,0.0585,1.5437,1.8016,0.115,1.6498,2.3942
ffc45_Rep2_s3.png,0.5032,0.0279,-1.5542,0.7336,0.3265,1.5057,1.529,0.0616,2.1604,5.6445
ffc45_Rep2_s4.png,0.427,0.0136,-1.8677,0.6391,0.2188,1.5822,1.5921,0.1363,1.5473,1.7151
ffc45_Rep2_s5.png,0.369,0.015,-1.8238,0.537,0.2507,1.5417,1.7254,0.1266,1.9165,3.7574
ffc45_Rep2_s6.png,0.459,0.0155,-1.809,0.6807,0.3493,1.5756,1.5361,0.1307,1.7941,2.6567
ffc45_Rep2_s7.png,0.0461,0.0556,-1.2552,0.36,0.8001,1.3054,11.5804,0.0847,2.114,4.6597
ffc46_Rep1_s0.png,0.4421,0.0199,-1.7002,0.6618,0.1983,1.5371,1.613,0.0849,2.0376,4.6582
ffc46_Rep1_s1.png,0.3491,0.0128,-1.8927,0.5217,0.2229,1.5661,1.7519,0.1081,2.3435,6.1931
ffc46_Rep1_s2.png,0.4154,0.0164,-1.7848,0.6294,0.17,1.5533,1.6424,0.1362,1.9076,3.3225
ffc46_Rep1_s3.png,0.4856,0.0207,-1.6831,0.6994,0.284,1.541,1.5186,0.0689,2.4027,7.3589
ffc46_Rep1_s4.png,0.4304,0.0163,-1.7891,0.64,0.2414,1.5602,1.61,0.1308,1.7819,2.7633
ffc46_Rep1_s5.png,0.3582,0.0153,-1.8155,0.5201,0.2939,1.5405,1.7496,0.0939,2.2646,6.0554
ffc46_Rep1_s6.png,0.443,0.0172,-1.7644,0.6606,0.3498,1.5577,1.5803,0.0887,1.9703,3.8288
ffc46_Rep1_s7.png,0.1623,0.0207,-1.6849,0.3162,0.8241,1.4584,3.5821,0.0934,2.1522,4.0372
ffc46_Rep2_s0.png,0.4478,0.0187,-1.7275,0.6665,0.2765,1.5444,1.5973,0.0786,2.1408,5.3529
ffc46_Rep2_s1.png,0.3593,0.0126,-1.8984,0.5381,0.1889,1.5708,1.7217,0.0998,2.5127,7.1314
ffc46_Rep2_s2.png,0.4079,0.0164,-1.7861,0.6199,0.1768,1.5522,1.6575,0.1126,1.8698,3.5035
ffc46_Rep2_s3.png,0.1669,0.0226,-1.6463,0.2523,0.3244,1.3882,3.496,0.0857,1.8505,3.9984
ffc46_Rep2_s4.png,0.3639,0.0137,-1.8644,0.5394,0.3295,1.56,1.7675,0.1179,1.868,3.2266
ffc46_Rep2_s5.png,0.3392,0.0141,-1.8498,0.4954,0.1613,1.5424,1.7734,0.0978,2.2989,6.0331
ffc46_Rep2_s6.png,0.4571,0.0172,-1.765,0.6774,0.3546,1.5616,1.5573,0.0861,2.0129,3.975
ffc46_Rep2_s7.png,0.0476,0.0504,-1.2974,0.2873,0.9008,1.2356,10.6459,0.0927,2.1061,3.9374
ffc47_Rep1_s0.png,0.4706,0.0214,-1.6701,0.7046,0.25,1.5345,1.5747,0.0841,2.2771,5.9657
ffc47_Rep1_s1.png,0.3246,0.0135,-1.8684,0.4862,0.2602,1.5466,1.8701,0.1113,2.3802,6.2499
ffc47_Rep1_s2.png,0.3931,0.0166,-1.7794,0.6,0.2644,1.5419,1.7016,0.122,1.9314,3.6142
ffc47_Rep1_s3.png,0.3913,0.018,-1.7451,0.591,0.3591,1.5329,1.7182,0.0682,2.268,6.4149
ffc47_Rep1_s4.png,0.2675,0.0176,-1.7553,0.4003,0.42,1.4782,2.3707,0.1471,1.3346,0.9372
ffc47_Rep1_s5.png,0.2861,0.0146,-1.8346,0.416,0.3171,1.5116,2.0154,0.1112,2.3256,5.7875
ffc47_Rep1_s6.png,0.446,0.0169,-1.7711,0.6652,0.3851,1.5636,1.5826,0.0956,1.9504,3.712
ffc47_Rep1_s7.png,0.1203,0.0301,-1.5211,0.3702,0.8198,1.3961,4.9904,0.1018,1.9977,3.2999
ffc47_Rep2_s0.png,0.4508,0.0178,-1.7489,0.6725,0.2364,1.5529,1.5935,0.0889,2.4226,6.8339
ffc47_Rep2_s1.png,0.3188,0.0131,-1.8842,0.4821,0.2344,1.5476,1.8852,0.1339,2.0108,4.0847
ffc47_Rep2_s2.png,0.3752,0.0167,-1.7761,0.5769,0.3305,1.5401,1.762,0.141,1.7464,2.6778
ffc47_Rep2_s3.png,0.3917,0.021,-1.6771,0.5882,0.4045,1.5103,1.7831,0.0742,2.1502,5.5631
ffc47_Rep2_s4.png,0.3075,0.0138,-1.8606,0.4715,0.4319,1.5291,2.0475,0.1458,1.5385,1.5351
ffc47_Rep2_s5.png,0.1495,0.0261,-1.584,0.2185,0.2552,1.3717,3.9846,0.1624,1.4621,1.4204
ffc47_Rep2_s6.png,0.2019,0.0205,-1.6877,0.3027,0.4115,1.4234,3.0776,0.0993,1.52,1.6994
ffc47_Rep2_s7.png,0.0957,0.0307,-1.513,0.3212,0.8373,1.3542,5.9405,0.1032,1.9731,3.2842
ffc48_Rep1_s0.png,0.4897,0.0254,-1.5951,0.7225,0.2844,1.5149,1.5574,0.0776,2.4772,7.3083
ffc48_Rep1_s1.png,0.3366,0.0131,-1.8817,0.5046,0.218,1.5535,1.8202,0.1033,2.37,6.2983
ffc48_Rep1_s2.png,0.3863,0.0134,-1.874,0.5843,0.1712,1.5736,1.6495,0.1458,1.866,3.0421
ffc48_Rep1_s3.png,0.4236,0.0184,-1.7354,0.634,0.3899,1.5448,1.6547,0.0674,2.4665,7.7958
ffc48_Rep1_s4.png,0.4063,0.0154,-1.8131,0.6014,0.3542,1.5579,1.6794,0.1278,1.8848,3.0942
ffc48_Rep1_s5.png,0.3398,0.015,-1.8236,0.4887,0.242,1.5314,1.8499,0.0907,2.2826,6.2651
ffc48_Rep1_s6.png,0.4044,0.0163,-1.7873,0.6021,0.3545,1.5519,1.672,0.0869,1.8827,3.4027
ffc48_Rep1_s7.png,0.0542,0.0448,-1.349,0.3195,0.8985,1.2649,9.5487,0.0955,1.8727,2.8366
ffc48_Rep2_s0.png,0.4745,0.0209,-1.68,0.702,0.2814,1.5401,1.5572,0.0806,2.3529,6.519
ffc48_Rep2_s1.png,0.332,0.0128,-1.894,0.5003,0.2987,1.56,1.8247,0.0998,2.3856,6.2869
ffc48_Rep2_s2.png,0.3979,0.0146,-1.8356,0.6039,0.1283,1.5659,1.6405,0.1409,1.8348,2.934
ffc48_Rep2_s3.png,0.4187,0.0169,-1.7709,0.6295,0.3389,1.5525,1.6357,0.0646,2.3022,6.8394
ffc48_Rep2_s4.png,0.4436,0.0171,-1.7668,0.6566,0.3303,1.5592,1.5951,0.1258,1.9382,3.5147
ffc48_Rep2_s5.png,0.2964,0.0153,-1.8162,0.4348,0.353,1.5076,2.0184,0.0985,2.0733,4.7649
ffc48_Rep2_s6.png,0.4407,0.0177,-1.751,0.6561,0.375,1.5509,1.596,0.0833,1.9153,3.5838
ffc48_Rep2_s7.png,0.0421,0.0582,-1.2353,0.3324,0.84,1.2953,12.3331,0.1097,1.5645,1.3693
ffc4_Rep1_s0.png,0.4446,0.0178,-1.7506,0.6613,0.0917,1.5529,1.5987,0.084,1.9492,4.1817
ffc4_Rep1_s1.png,0.3631,0.0142,-1.8489,0.5417,0.1834,1.5544,1.7532,0.1253,2.0165,4.3479
ffc4_Rep1_s2.png,0.422,0.0149,-1.8271,0.6394,0.1657,1.5712,1.6214,0.1176,2.0752,4.3473
ffc4_Rep1_s3.png,0.4604,0.0218,-1.6606,0.6937,0.224,1.5304,1.5819,0.0701,2.2752,6.7235
ffc4_Rep1_s4.png,0.4229,0.0143,-1.8444,0.6262,0.3383,1.5755,1.6295,0.1379,1.5985,1.8654
ffc4_Rep1_s5.png,0.3609,0.0143,-1.8446,0.5269,0.2476,1.5519,1.7186,0.1298,1.8221,3.2083
ffc4_Rep1_s6.png,0.438,0.017,-1.769,0.6478,0.3523,1.5559,1.5889,0.1438,1.6713,1.8682
ffc4_Rep1_s7.png,0.0394,0.1028,-0.9878,0.4982,0.9097,1.1859,15.3232,0.0677,2.6365,7.8147
ffc4_Rep2_s0.png,0.4677,0.019,-1.7217,0.6947,0.191,1.5495,1.5621,0.0831,1.9644,4.1916
ffc4_Rep2_s1.png,0.2299,0.0145,-1.8397,0.3371,0.4019,1.4827,2.3696,0.1043,1.9255,4.7435
ffc4_Rep2_s2.png,0.4421,0.0141,-1.8517,0.6687,0.1377,1.5888,1.5857,0.1232,1.9582,3.4695
ffc4_Rep2_s3.png,0.5137,0.0264,-1.5781,0.735,0.3419,1.5146,1.5168,0.0652,2.631,8.6581
ffc4_Rep2_s4.png,0.4068,0.0127,-1.8954,0.601,0.3613,1.5859,1.644,0.1398,1.5518,1.6473
ffc4_Rep2_s5.png,0.3453,0.0141,-1.8515,0.5026,0.1521,1.5438,1.7902,0.1252,1.8676,3.6074
ffc4_Rep2_s6.png,0.4194,0.0147,-1.8332,0.627,0.3762,1.574,1.6051,0.1381,1.6497,1.8528
ffc4_Rep2_s7.png,0.0912,0.0268,-1.5721,0.3452,0.9389,1.3779,6.0064,0.0846,2.2153,4.882
ffc50_Rep1_s0.png,0.4407,0.0175,-1.7568,0.6568,0.2585,1.5528,1.5992,0.083,2.2784,6.2926
ffc50_Rep1_s1.png,0.3569,0.0134,-1.8722,0.5385,0.176,1.5604,1.7552,0.099,2.5342,7.1917
ffc50_Rep1_s2.png,0.365,0.0167,-1.7783,0.5592,0.3209,1.5349,1.7795,0.1464,1.7925,2.6843
ffc50_Rep1_s3.png,0.1832,0.0259,-1.5861,0.2773,0.3504,1.3782,3.2822,0.0785,1.7873,3.7015
ffc50_Rep1_s4.png,0.3936,0.0137,-1.8646,0.5871,0.3855,1.574,1.6797,0.1393,1.7159,2.3354
ffc50_Rep1_s5.png,0.3007,0.0149,-1.8265,0.4394,0.3187,1.5163,1.9631,0.104,2.2544,5.5551
ffc50_Rep1_s6.png,0.4131,0.0149,-1.8267,0.6189,0.3618,1.5718,1.6188,0.0975,1.9169,3.6323
ffc50_Rep1_s7.png,0.1418,0.0162,-1.7911,0.289,0.686,1.4264,3.6694,0.1075,1.5414,1.3968
ffc50_Rep2_s0.png,0.4381,0.0205,-1.6876,0.6495,0.356,1.5318,1.6374,0.0824,2.3701,6.6625
ffc50_Rep2_s1.png,0.2937,0.0146,-1.8363,0.442,0.3391,1.5176,2.0805,0.1058,2.2678,5.6992
ffc50_Rep2_s2.png,0.3772,0.0161,-1.7927,0.5763,0.2859,1.5424,1.7202,0.1406,1.7794,2.7637
ffc50_Rep2_s3.png,0.1693,0.0261,-1.5827,0.251,0.3324,1.372,3.5156,0.0873,1.5293,2.5354
ffc50_Rep2_s4.png,0.3817,0.013,-1.8855,0.5668,0.3914,1.5701,1.7223,0.131,1.9273,3.3599
ffc50_Rep2_s5.png,0.2998,0.0142,-1.8465,0.4391,0.2224,1.5243,1.9749,0.103,2.2462,5.4838
ffc50_Rep2_s6.png,0.3618,0.0153,-1.8158,0.5431,0.3586,1.5478,1.7941,0.084,1.9538,4.0705
ffc50_Rep2_s7.png,0.1489,0.0172,-1.7641,0.3194,0.7242,1.428,3.6517,0.1112,1.5288,1.3375
ffc51_Rep1_s0.png,0.442,0.0184,-1.7343,0.6596,0.2614,1.5449,1.6105,0.0837,2.3824,6.7312
ffc51_Rep1_s1.png,0.3684,0.0131,-1.8824,0.552,0.1887,1.5675,1.7147,0.1014,2.4566,6.8505
ffc51_Rep1_s2.png,0.3888,0.0156,-1.8075,0.5922,0.2083,1.5542,1.6892,0.1338,1.8372,3.1533
ffc51_Rep1_s3.png,0.3815,0.0167,-1.7777,0.5754,0.3311,1.5392,1.7404,0.0678,2.1268,5.5486
ffc51_Rep1_s4.png,0.2572,0.0149,-1.8258,0.3839,0.4424,1.4968,2.3308,0.141,1.459,1.5094
ffc51_Rep1_s5.png,0.3313,0.0143,-1.8444,0.4817,0.2397,1.5383,1.8524,0.0929,2.2592,6.1443
ffc51_Rep1_s6.png,0.4165,0.0164,-1.7858,0.6229,0.3434,1.5621,1.6292,0.0863,1.9462,4.0206
ffc51_Rep1_s7.png,0.095,0.0353,-1.4527,0.3763,0.8244,1.3624,6.0958,0.0915,2.2757,4.9113
ffc51_Rep2_s0.png,0.4402,0.0194,-1.7122,0.66,0.3272,1.5366,1.6319,0.0805,2.2443,6.0352
ffc51_Rep2_s1.png,0.3714,0.0144,-1.841,0.5569,0.2688,1.556,1.7215,0.0966,2.4309,7.0076
ffc51_Rep2_s2.png,0.389,0.0171,-1.7659,0.5946,0.2919,1.5406,1.71,0.123,1.8846,3.4035
ffc51_Rep2_s3.png,0.2589,0.0176,-1.7535,0.3926,0.2443,1.4723,2.3132,0.0738,2.0317,5.0093
ffc51_Rep2_s4.png,0.4298,0.0179,-1.7474,0.6422,0.2582,1.5462,1.6554,0.1348,1.7585,2.6027
ffc51_Rep2_s5.png,0.3262,0.016,-1.795,0.479,0.2648,1.5205,1.8909,0.0929,2.2464,5.6872
ffc51_Rep2_s6.png,0.4138,0.0159,-1.7981,0.6226,0.3415,1.5628,1.6335,0.0923,1.8469,3.5031
ffc51_Rep2_s7.png,0.0844,0.0407,-1.3905,0.3857,0.7226,1.3325,6.9073,0.0866,2.1219,4.1344
ffc52_Rep1_s0.png,0.4781,0.0223,-1.6512,0.7135,0.231,1.5278,1.5606,0.0909,1.9336,3.7991
ffc52_Rep1_s1.png,0.3625,0.0128,-1.8913,0.5388,0.295,1.5665,1.7253,0.1274,1.9356,3.9186
ffc52_Rep1_s2.png,0.4221,0.0166,-1.7795,0.6403,0.1167,1.5516,1.6206,0.1294,1.7489,2.7128
ffc52_Rep1_s3.png,0.3911,0.0147,-1.8314,0.5896,0.2658,1.5566,1.6864,0.0679,2.1103,5.4265
ffc52_Rep1_s4.png,0.433,0.0168,-1.7742,0.6421,0.2936,1.5566,1.6344,0.1396,1.6129,1.9429
ffc52_Rep1_s5.png,0.3291,0.0142,-1.8484,0.4826,0.1765,1.5352,1.815,0.1077,2.0683,4.7397
ffc52_Rep1_s6.png,0.3946,0.0132,-1.8786,0.6066,0.5091,1.5752,1.6646,0.1427,1.662,1.9985
ffc52_Rep1_s7.png,0.0362,0.0854,-1.0683,0.4114,0.9208,1.2159,15.6467,0.0875,2.1204,4.4482
ffc52_Rep2_s0.png,0.4873,0.0245,-1.61,0.725,0.269,1.5179,1.5544,0.08,2.0748,4.7383
ffc52_Rep2_s1.png,0.3779,0.0148,-1.8311,0.5636,0.2695,1.5577,1.7112,0.1233,1.9741,4.1166
ffc52_Rep2_s2.png,0.3993,0.0175,-1.7563,0.6074,0.193,1.5384,1.6885,0.1473,1.6593,2.1119
ffc52_Rep2_s3.png,0.5033,0.0267,-1.5736,0.7535,0.1357,1.5136,1.5305,0.0606,2.3593,7.1417
ffc52_Rep2_s4.png,0.4379,0.0177,-1.7524,0.6509,0.3022,1.5497,1.6216,0.1359,1.6088,2.01
ffc52_Rep2_s5.png,0.3696,0.015,-1.8246,0.5386,0.1626,1.5482,1.736,0.0964,2.0535,4.7905
ffc52_Rep2_s6.png,0.4141,0.0132,-1.8782,0.6151,0.3304,1.585,1.5807,0.1181,1.6312,2.1302
ffc52_Rep2_s7.png,0.0543,0.0631,-1.2003,0.4149,0.9299,1.2997,10.9075,0.1031,1.8827,2.9032
ffc53_Rep1_s0.png,0.4409,0.0164,-1.7848,0.6569,0.1114,1.5611,1.5971,0.0965,1.8995,3.7006
ffc53_Rep1_s1.png,0.3547,0.0108,-1.9663,0.5218,0.213,1.5851,1.7151,0.1256,1.8012,3.2789
ffc53_Rep1_s2.png,0.4139,0.0144,-1.8412,0.6271,0.3155,1.5704,1.6463,0.1039,1.8819,3.2905
ffc53_Rep1_s3.png,0.524,0.0279,-1.5542,0.7567,0.2423,1.5082,1.4862,0.0607,2.3688,7.1957
ffc53_Rep1_s4.png,0.4439,0.0169,-1.7734,0.6619,0.1636,1.5575,1.6042,0.136,1.5805,1.7564
ffc53_Rep1_s5.png,0.3617,0.0151,-1.8212,0.5231,0.2022,1.5401,1.7416,0.12,2.0925,4.6979
ffc53_Rep1_s6.png,0.4561,0.017,-1.7687,0.6724,0.3632,1.5625,1.5498,0.1315,1.7264,2.4568
ffc53_Rep1_s7.png,0.1495,0.0267,-1.5742,0.3922,0.8469,1.3793,4.1828,0.0902,1.9688,3.4081
ffc53_Rep2_s0.png,0.4369,0.0167,-1.7763,0.6488,0.2333,1.5557,1.6072,0.0835,1.8323,3.5636
ffc53_Rep2_s1.png,0.3669,0.0147,-1.834,0.5472,0.202,1.5529,1.7634,0.0975,2.2201,6.0391
ffc53_Rep2_s2.png,0.3841,0.0137,-1.8642,0.5825,0.1445,1.5696,1.6863,0.1403,1.5987,2.0408
ffc53_Rep2_s3.png,0.4987,0.0279,-1.5551,0.7495,0.2112,1.5059,1.5338,0.0651,2.43,7.4892
ffc53_Rep2_s4.png,0.4231,0.0138,-1.8591,0.6222,0.275,1.5798,1.6255,0.1371,1.5396,1.656
ffc53_Rep2_s5.png,0.3563,0.0161,-1.7923,0.5256,0.2707,1.535,1.7887,0.0824,1.719,3.481
ffc53_Rep2_s6.png,0.4721,0.0181,-1.7414,0.6945,0.3007,1.5579,1.5357,0.1,1.8135,3.0096
ffc53_Rep2_s7.png,0.0288,0.132,-0.8795,0.4571,0.948,1.1321,20.1291,0.0655,2.2777,6.0006
ffc54_Rep1_s0.png,0.4744,0.021,-1.6781,0.7098,0.2102,1.5337,1.5694,0.0935,2.0031,4.0542
ffc54_Rep1_s1.png,0.2851,0.0132,-1.8798,0.4608,0.5025,1.5289,2.0434,0.1009,2.3581,6.8649
ffc54_Rep1_s2.png,0.4095,0.016,-1.7952,0.6236,0.2378,1.5559,1.6533,0.1168,1.7879,3.1006
ffc54_Rep1_s3.png,0.4747,0.0198,-1.7038,0.7167,0.1797,1.5488,1.5388,0.0648,2.3172,6.8765
ffc54_Rep1_s4.png,0.4188,0.0163,-1.7874,0.6248,0.264,1.5598,1.6577,0.1385,1.5992,1.9272
ffc54_Rep1_s5.png,0.3432,0.0144,-1.8402,0.5076,0.1755,1.5431,1.7818,0.124,2.0469,4.4285
ffc54_Rep1_s6.png,0.4298,0.0153,-1.814,0.6416,0.3437,1.5727,1.5871,0.1079,1.6482,2.1811
ffc54_Rep1_s7.png,0.0188,0.3571,-0.4472,0.724,0.7837,0.9635,34.7672,0.0494,2.3285,5.8664
ffc54_Rep2_s0.png,0.4834,0.0241,-1.6173,0.725,0.1928,1.5179,1.5668,0.0837,2.2449,5.9394
ffc54_Rep2_s1.png,0.3637,0.0152,-1.8189,0.5513,0.1157,1.5504,1.7728,0.1309,2.0663,4.399
ffc54_Rep2_s2.png,0.3947,0.0172,-1.7642,0.6054,0.1738,1.5408,1.7177,0.145,1.7406,2.5286
ffc54_Rep2_s3.png,0.4125,0.0179,-1.7475,0.6239,0.2964,1.543,1.6583,0.0684,2.1243,5.5366
ffc54_Rep2_s4.png,0.4003,0.0151,-1.8221,0.5966,0.337,1.5596,1.7104,0.1385,1.5826,1.9359
ffc54_Rep2_s5.png,0.3043,0.014,-1.8546,0.4488,0.332,1.5284,1.9098,0.1372,1.8897,3.4662
ffc54_Rep2_s6.png,0.4193,0.0178,-1.7484,0.6313,0.4126,1.5478,1.6477,0.097,1.6566,2.3323
ffc54_Rep2_s7.png,0.0358,0.0949,-1.0227,0.3964,0.8709,1.2108,15.4099,0.0508,4.647,27.9611
ffc55_Rep1_s0.png,0.429,0.0173,-1.7612,0.6418,0.2177,1.5447,1.6317,0.0848,1.8934,4.0396
ffc55_Rep1_s1.png,0.3678,0.0122,-1.913,0.5495,0.2169,1.5802,1.6876,0.1081,2.1047,4.9329
ffc55_Rep1_s2.png,0.3942,0.0149,-1.8254,0.5985,0.1109,1.5574,1.6611,0.1415,1.7503,2.6421
ffc55_Rep1_s3.png,0.2489,0.0185,-1.7323,0.3773,0.2321,1.4681,2.4106,0.0719,1.9473,4.5948
ffc55_Rep1_s4.png,0.4216,0.0136,-1.8671,0.627,0.262,1.5839,1.5963,0.1366,1.6441,2.1127
ffc55_Rep1_s5.png,0.3398,0.0146,-1.837,0.4921,0.3182,1.5415,1.804,0.0952,2.1056,4.8938
ffc55_Rep1_s6.png,0.4268,0.016,-1.7953,0.6367,0.3623,1.5614,1.6041,0.0953,1.6831,2.3919
ffc55_Rep1_s7.png,0.0348,0.0811,-1.0909,0.4912,0.6899,1.2608,16.493,0.1055,1.8006,2.4504
ffc55_Rep2_s0.png,0.4339,0.0168,-1.7739,0.6447,0.2162,1.5548,1.6046,0.0832,1.8674,3.902
ffc55_Rep2_s1.png,0.38,0.0123,-1.911,0.569,0.0535,1.5851,1.6585,0.0942,2.2751,5.9328
ffc55_Rep2_s2.png,0.3959,0.0153,-1.8167,0.598,0.1722,1.5598,1.6644,0.1325,1.8579,3.1715
ffc55_Rep2_s3.png,0.3795,0.0148,-1.8295,0.5664,0.2373,1.555,1.6883,0.0652,2.248,6.4407
ffc55_Rep2_s4.png,0.4377,0.0187,-1.7271,0.6467,0.2615,1.5426,1.6237,0.125,1.8331,3.0349
ffc55_Rep2_s5.png,0.336,0.015,-1.8241,0.4925,0.3271,1.5334,1.8141,0.0953,2.0601,4.7675
ffc55_Rep2_s6.png,0.4438,0.0175,-1.756,0.6579,0.3124,1.5549,1.584,0.0889,1.6627,2.4113
ffc55_Rep2_s7.png,0.1658,0.0263,-1.5804,0.3837,0.7447,1.3827,3.7957,0.0884,2.1379,4.1346
ffc57_Rep1_s0.png,0.457,0.0192,-1.7158,0.6829,0.2305,1.5448,1.5767,0.0925,1.9452,4.0135
ffc57_Rep1_s1.png,0.3705,0.0133,-1.8764,0.549,0.1998,1.5647,1.6879,0.124,2.0704,4.5948
ffc57_Rep1_s2.png,0.4082,0.0166,-1.7794,0.6195,0.1928,1.5492,1.6487,0.1367,1.7819,2.8549
ffc57_Rep1_s3.png,0.4712,0.0221,-1.6551,0.7067,0.2481,1.5321,1.5568,0.0643,2.272,6.6783
ffc57_Rep1_s4.png,0.4467,0.0148,-1.8292,0.663,0.2675,1.5802,1.5561,0.1363,1.6177,2.0435
ffc57_Rep1_s5.png,0.3505,0.0137,-1.8644,0.5066,0.162,1.5537,1.722,0.1291,2.0598,4.4799
ffc57_Rep1_s6.png,0.4738,0.018,-1.745,0.7022,0.3226,1.5593,1.528,0.0919,2.0158,4.0815
ffc57_Rep1_s7.png,0.1449,0.0331,-1.4798,0.4382,0.7871,1.4151,4.4438,0.1166,1.8338,2.4817
ffc57_Rep2_s0.png,0.4502,0.0203,-1.6924,0.6744,0.2797,1.5347,1.6114,0.0877,2.0964,4.8362
ffc57_Rep2_s1.png,0.3664,0.0143,-1.8457,0.5505,0.104,1.558,1.758,0.1283,1.9755,4.1255
ffc57_Rep2_s2.png,0.4199,0.0161,-1.792,0.64,0.1416,1.5584,1.6472,0.1274,1.8409,3.1864
ffc57_Rep2_s3.png,0.4998,0.0255,-1.5926,0.7539,0.2018,1.5184,1.535,0.0658,2.2887,6.7538
ffc57_Rep2_s4.png,0.4053,0.0125,-1.9044,0.604,0.3266,1.5858,1.6392,0.1442,1.5072,1.5158
ffc57_Rep2_s5.png,0.361,0.0146,-1.8345,0.5292,0.168,1.5463,1.7208,0.1309,1.968,3.7929
ffc57_Rep2_s6.png,0.4262,0.0146,-1.836,0.6384,0.3874,1.5785,1.5944,0.1279,1.7232,2.3906
ffc57_Rep2_s7.png,0.0161,0.3006,-0.5219,0.7123,0.7505,0.9813,38.3893,0.0582,2.3492,5.6614
ffc58_Rep1_s0.png,0.4436,0.0184,-1.7344,0.6609,0.2727,1.5439,1.6049,0.0839,2.2445,5.8462
ffc58_Rep1_s1.png,0.3761,0.014,-1.8538,0.5627,0.1185,1.5582,1.7153,0.1054,2.3055,5.9674
ffc58_Rep1_s2.png,0.3922,0.0154,-1.8117,0.596,0.2018,1.5541,1.685,0.1452,1.7715,2.5947
ffc58_Rep1_s3.png,0.4331,0.0185,-1.7331,0.6485,0.3054,1.5417,1.6156,0.0663,2.4181,7.4703
ffc58_Rep1_s4.png,0.1636,0.0233,-1.6318,0.2448,0.3192,1.3828,3.6298,0.1562,0.9596,0.0016
ffc58_Rep1_s5.png,0.3045,0.0148,-1.8309,0.4446,0.2561,1.5152,1.9605,0.1056,2.2757,5.6718
ffc58_Rep1_s6.png,0.4201,0.0166,-1.7788,0.6247,0.4214,1.5572,1.6351,0.0936,1.7187,2.6168
ffc58_Rep1_s7.png,0.0099,0.7424,-0.1294,0.9018,0.5303,0.7631,63.2816,0.0224,3.6241,20.1663
ffc58_Rep2_s0.png,0.4615,0.0202,-1.6942,0.6908,0.284,1.5386,1.5806,0.0882,2.3058,5.9275
ffc58_Rep2_s1.png,0.3549,0.0155,-1.8104,0.532,0.2289,1.5395,1.8042,0.1131,2.3646,6.0439
ffc58_Rep2_s2.png,0.3845,0.0157,-1.8044,0.5837,0.2143,1.5492,1.7054,0.1257,1.863,3.2258
ffc58_Rep2_s3.png,0.4126,0.0192,-1.7173,0.6221,0.3286,1.5333,1.6855,0.066,2.4026,7.3538
ffc58_Rep2_s4.png,0.1029,0.0398,-1.4,0.165,0.6456,1.2743,5.6597,0.1688,0.6558,-0.6999
ffc58_Rep2_s5.png,0.2858,0.0125,-1.9017,0.4191,0.254,1.5333,1.9666,0.139,1.9921,3.7615
ffc58_Rep2_s6.png,0.3858,0.0172,-1.7637,0.5795,0.4888,1.5363,1.752,0.0985,1.6655,2.4281
ffc58_Rep2_s7.png,0.0181,0.1859,-0.7307,0.4948,0.7412,1.064,30.4475,0.0582,3.3748,14.5594
ffc59_Rep1_s0.png,0.4341,0.0163,-1.7866,0.6481,0.2064,1.5585,1.6075,0.0979,1.7133,2.9565
ffc59_Rep1_s1.png,0.2719,0.0118,-1.9276,0.4017,0.3303,1.5335,2.0045,0.097,2.099,5.2026
ffc59_Rep1_s2.png,0.417,0.0151,-1.8208,0.6351,0.1814,1.5672,1.6511,0.1149,1.7096,2.5408
ffc59_Rep1_s3.png,0.4443,0.0201,-1.6961,0.6669,0.3245,1.5292,1.6132,0.0664,1.9409,4.6472
ffc59_Rep1_s4.png,0.4113,0.0136,-1.8678,0.6099,0.3061,1.5769,1.6361,0.1398,1.4118,1.22
ffc59_Rep1_s5.png,0.3587,0.014,-1.8542,0.5199,0.1855,1.5539,1.7185,0.1296,2.0155,4.1523
ffc59_Rep1_s6.png,0.4206,0.0133,-1.8758,0.6222,0.3643,1.5845,1.5732,0.1427,1.5172,1.4324
ffc59_Rep1_s7.png,0.0147,0.2967,-0.5277,0.6893,0.703,0.9667,40.3944,0.0542,2.5776,7.0338
ffc59_Rep2_s0.png,0.4618,0.018,-1.7435,0.6897,0.2614,1.5552,1.572,0.0916,2.0074,4.4211
ffc59_Rep2_s1.png,0.3998,0.015,-1.8239,0.589,0.2458,1.5616,1.648,0.1213,2.0984,4.7015
ffc59_Rep2_s2.png,0.4118,0.0157,-1.8054,0.6244,0.1486,1.5634,1.637,0.1343,1.7897,2.8721
ffc59_Rep2_s3.png,0.4843,0.0227,-1.6435,0.7044,0.2694,1.5315,1.5449,0.0607,2.2604,6.8216
ffc59_Rep2_s4.png,0.4241,0.0163,-1.7888,0.6291,0.3418,1.5604,1.6281,0.1368,1.5037,1.5833
ffc59_Rep2_s5.png,0.3531,0.0135,-1.8685,0.5129,0.218,1.552,1.7527,0.1348,1.868,3.4092
ffc59_Rep2_s6.png,0.4224,0.0151,-1.8197,0.6374,0.3901,1.5702,1.6092,0.1345,1.6249,1.9248
ffc59_Rep2_s7.png,0.1224,0.0309,-1.5105,0.4468,0.6614,1.3981,5.0215,0.1044,1.9415,3.1088
ffc5_Rep1_s0.png,0.4668,0.0187,-1.7274,0.6947,0.1596,1.5507,1.5572,0.0856,2.0862,5.2073
ffc5_Rep1_s1.png,0.2678,0.0111,-1.9558,0.399,0.4108,1.5417,2.0199,0.0935,2.0935,5.8153
ffc5_Rep1_s2.png,0.4534,0.0183,-1.7383,0.6876,0.1918,1.5495,1.5833,0.1055,2.0152,4.1916
ffc5_Rep1_s3.png,0.4772,0.0215,-1.6677,0.6914,0.2415,1.5354,1.5424,0.0602,2.43,7.5668
ffc5_Rep1_s4.png,0.4275,0.0173,-1.7608,0.6438,0.2791,1.5532,1.6387,0.1377,1.5607,1.8554
ffc5_Rep1_s5.png,0.3397,0.0147,-1.8318,0.4933,0.1123,1.5398,1.806,0.1219,2.056,4.6711
ffc5_Rep1_s6.png,0.4358,0.0142,-1.8489,0.6477,0.3199,1.5855,1.5615,0.1468,1.6479,1.8748
ffc5_Rep1_s7.png,0.0202,0.2485,-0.6047,0.5997,0.8359,1.0304,31.3575,0.07,2.2405,4.9397
ffc5_Rep2_s0.png,0.455,0.0191,-1.719,0.6746,0.1521,1.5428,1.5827,0.0884,1.9606,3.9823
ffc5_Rep2_s1.png,0.162,0.0241,-1.6177,0.4329,0.7718,1.3974,3.688,0.1031,2.5272,7.2891
ffc5_Rep2_s2.png,0.397,0.014,-1.8547,0.6035,0.1388,1.5701,1.6767,0.129,1.7945,2.6927
ffc5_Rep2_s3.png,0.482,0.0218,-1.6624,0.6955,0.2747,1.5341,1.537,0.0659,2.2762,6.2666
ffc5_Rep2_s4.png,0.4396,0.0131,-1.8836,0.6465,0.2735,1.5937,1.5681,0.1401,1.6469,2.0306
ffc5_Rep2_s5.png,0.3496,0.0152,-1.8194,0.5057,0.2339,1.537,1.793,0.1224,1.8854,3.6996
ffc5_Rep2_s6.png,0.411,0.0139,-1.8569,0.612,0.3672,1.5783,1.6099,0.1454,1.6649,2.0232
ffc5_Rep2_s7.png,0.1231,0.0259,-1.5871,0.3903,0.8394,1.4124,4.7358,0.1009,1.8649,2.9638
ffc60_Rep1_s0.png,0.1421,0.0398,-1.4001,0.2124,0.3442,1.3063,4.3766,0.1134,1.4053,1.5774
ffc60_Rep1_s1.png,0.331,0.0139,-1.857,0.5047,0.3275,1.5437,1.905,0.0964,2.5435,7.3144
ffc60_Rep1_s2.png,0.363,0.0159,-1.7981,0.5534,0.3393,1.54,1.7741,0.1243,2.0316,4.0746
ffc60_Rep1_s3.png,0.2568,0.0196,-1.7088,0.387,0.308,1.4696,2.3864,0.0764,1.9829,4.4931
ffc60_Rep1_s4.png,0.0124,0.1094,-0.9609,0.4731,0.9852,1.0926,32.2813,0.1171,0.8352,-0.2222
ffc60_Rep1_s5.png,0.2779,0.0167,-1.7769,0.4078,0.3849,1.4882,2.1737,0.1012,2.2108,5.3327
ffc60_Rep1_s6.png,0.1222,0.0341,-1.4671,0.2132,0.8057,1.3235,4.8005,0.1011,1.2387,1.2251
ffc60_Rep1_s7.png,0.0894,0.0337,-1.472,0.4189,0.797,1.3676,6.2707,0.1078,1.5915,1.4663
ffc60_Rep2_s0.png,0.149,0.0388,-1.4113,0.2223,0.3193,1.3174,4.2055,0.1074,1.3524,1.3984
ffc60_Rep2_s1.png,0.3566,0.0168,-1.7745,0.5357,0.3244,1.5275,1.8532,0.0956,2.4744,7.0289
ffc60_Rep2_s2.png,0.3426,0.0166,-1.7803,0.5219,0.2444,1.5235,1.8596,0.1193,2.0776,4.4248
ffc60_Rep2_s3.png,0.1431,0.0453,-1.3442,0.2156,0.2709,1.2963,4.3544,0.0882,1.515,2.6174
ffc60_Rep2_s4.png,0.0109,0.1419,-0.848,0.4874,0.9857,1.0895,36.3073,0.1152,0.6338,-0.4946
ffc60_Rep2_s5.png,0.0103,0.2469,-0.6076,0.7721,0.9649,1.0238,48.0079,0.0905,1.7824,2.6228
ffc60_Rep2_s6.png,0.1483,0.0308,-1.5118,0.2199,0.2442,1.3312,3.9195,0.0849,1.1913,1.2077
ffc60_Rep2_s7.png,0.044,0.0609,-1.2157,0.3858,0.8987,1.2793,12.214,0.085,2.1958,4.5456
ffc61_Rep1_s0.png,0.3992,0.0162,-1.7917,0.5956,0.3008,1.5503,1.6868,0.0814,2.3677,6.9653
ffc61_Rep1_s1.png,0.3344,0.0138,-1.8614,0.5041,0.3027,1.5468,1.8546,0.0999,2.4278,6.6213
ffc61_Rep1_s2.png,0.1372,0.037,-1.4322,0.2101,0.2645,1.3116,4.4586,0.1596,1.0879,0.2313
ffc61_Rep1_s3.png,0.3737,0.0157,-1.8029,0.56,0.3822,1.5453,1.7608,0.0712,2.217,5.8901
ffc61_Rep1_s4.png,0.0113,0.1743,-0.7588,0.586,0.9834,1.0611,37.9215,0.1274,0.5819,-0.774
ffc61_Rep1_s5.png,0.2345,0.0157,-1.8048,0.3416,0.2253,1.4703,2.4202,0.104,2.1844,4.9522
ffc61_Rep1_s6.png,0.4117,0.0171,-1.7675,0.6112,0.334,1.5535,1.6537,0.0805,2.1485,5.2781
ffc61_Rep1_s7.png,0.1128,0.0272,-1.5646,0.3967,0.8621,1.4094,4.9783,0.0962,2.0055,3.1253
ffc61_Rep2_s0.png,0.4534,0.0227,-1.6441,0.6721,0.3664,1.5187,1.6202,0.0821,2.5702,7.9882
ffc61_Rep2_s1.png,0.3368,0.0137,-1.863,0.509,0.3122,1.5496,1.8537,0.1017,2.3865,6.228
ffc61_Rep2_s2.png,0.0842,0.0327,-1.485,0.3046,0.6216,1.277,6.3498,0.0249,5.7062,40.0282
ffc61_Rep2_s3.png,0.3996,0.02,-1.6983,0.6013,0.404,1.5225,1.7412,0.0697,2.1126,5.4507
ffc61_Rep2_s4.png,0.0797,0.0513,-1.2896,0.1531,0.7861,1.2277,7.2506,0.17,0.7269,-0.5449
ffc61_Rep2_s5.png,0.1471,0.0291,-1.5363,0.2148,0.1426,1.3561,4.1042,0.1204,1.7122,2.4794
ffc61_Rep2_s6.png,0.4056,0.017,-1.7686,0.605,0.3227,1.5525,1.665,0.0815,1.9177,3.8583
ffc61_Rep2_s7.png,0.018,0.0881,-1.055,0.3575,0.8242,1.2628,24.6781,0.0978,1.7233,2.2311
ffc62_Rep1_s0.png,0.4509,0.0186,-1.7314,0.6688,0.2634,1.5465,1.596,0.0816,2.3063,6.3513
ffc62_Rep1_s1.png,0.3393,0.0129,-1.8897,0.5085,0.216,1.5591,1.8063,0.1078,2.4907,6.8549
ffc62_Rep1_s2.png,0.3662,0.0165,-1.7836,0.5625,0.2996,1.539,1.7768,0.1452,1.6776,2.3292
ffc62_Rep1_s3.png,0.4015,0.0177,-1.7526,0.5982,0.3393,1.5413,1.6891,0.0689,2.1689,5.6552
ffc62_Rep1_s4.png,0.4332,0.0193,-1.7137,0.6431,0.3509,1.5421,1.6536,0.1137,2.0649,4.1741
ffc62_Rep1_s5.png,0.3149,0.0157,-1.8042,0.4604,0.344,1.5085,1.9543,0.0932,2.1778,5.4845
ffc62_Rep1_s6.png,0.4244,0.0171,-1.7669,0.6335,0.3851,1.5559,1.6225,0.0893,1.8305,3.3716
ffc62_Rep1_s7.png,0.0183,0.2327,-0.6332,0.5606,0.9239,1.0256,31.8365,0.0737,3.0902,10.0011
ffc62_Rep2_s0.png,0.4721,0.0207,-1.685,0.705,0.241,1.5379,1.5662,0.0863,2.2851,6.037
ffc62_Rep2_s1.png,0.351,0.0123,-1.9099,0.5252,0.1993,1.5706,1.7516,0.1338,2.086,4.4097
ffc62_Rep2_s2.png,0.3894,0.0165,-1.7825,0.5931,0.2652,1.5438,1.7182,0.1214,1.8278,3.2768
ffc62_Rep2_s3.png,0.4416,0.0197,-1.7059,0.6641,0.2779,1.5418,1.6097,0.0677,2.3107,6.5377
ffc62_Rep2_s4.png,0.4033,0.0153,-1.8144,0.602,0.3547,1.5571,1.7054,0.135,1.7157,2.3521
ffc62_Rep2_s5.png,0.3073,0.0138,-1.8606,0.446,0.3324,1.5283,1.9259,0.1007,2.1853,5.3319
ffc62_Rep2_s6.png,0.4205,0.0167,-1.7771,0.6273,0.3999,1.5574,1.6238,0.0912,1.6887,2.5644
ffc62_Rep2_s7.png,0.0182,0.2381,-0.6233,0.5691,0.9223,1.0331,31.9667,0.0733,2.7209,8.1317
ffc64_Rep1_s0.png,0.4207,0.0174,-1.7597,0.6284,0.2909,1.5434,1.6457,0.0913,2.1399,5.2233
ffc64_Rep1_s1.png,0.3463,0.0134,-1.8717,0.5094,0.2052,1.5563,1.7983,0.1069,2.5066,6.8833
ffc64_Rep1_s2.png,0.3429,0.0168,-1.7753,0.5226,0.3862,1.5217,1.8625,0.1483,1.6943,2.3564
ffc64_Rep1_s3.png,0.3508,0.0188,-1.7249,0.5259,0.3837,1.5078,1.8794,0.0696,2.2916,6.4523
ffc64_Rep1_s4.png,0.1274,0.0315,-1.5014,0.1936,0.3868,1.3168,4.6073,0.1557,0.7165,-0.3972
ffc64_Rep1_s5.png,0.2588,0.0162,-1.791,0.3723,0.1592,1.4813,2.2218,0.0999,2.2858,5.9413
ffc64_Rep1_s6.png,0.3929,0.0148,-1.8284,0.586,0.4289,1.5644,1.6898,0.0902,2.2141,5.327
ffc64_Rep1_s7.png,0.0362,0.0936,-1.0288,0.4791,0.3324,1.253,15.4874,0.0841,2.3494,5.6419
ffc64_Rep2_s0.png,0.3752,0.0177,-1.7524,0.56,0.3829,1.5271,1.7936,0.0892,1.9273,4.1465
ffc64_Rep2_s1.png,0.0179,0.1876,-0.7267,0.6384,0.9818,1.1284,30.0729,0.1111,2.1885,5.3022
ffc64_Rep2_s2.png,0.3593,0.0149,-1.8262,0.5468,0.2551,1.5543,1.7743,0.1392,1.6927,2.5664
ffc64_Rep2_s3.png,0.3252,0.0193,-1.7147,0.4902,0.3818,1.493,1.991,0.0747,2.0439,4.8807
ffc64_Rep2_s4.png,0.1161,0.0378,-1.4228,0.1798,0.4664,1.2767,5.064,0.1565,0.7454,-0.4211
ffc64_Rep2_s5.png,0.3004,0.014,-1.8553,0.4393,0.3004,1.5312,1.9336,0.1327,1.9971,4.0972
ffc64_Rep2_s6.png,0.3504,0.0139,-1.856,0.5309,0.2446,1.5622,1.7881,0.1445,1.5961,1.8588
ffc64_Rep2_s7.png,0.0278,0.0863,-1.0638,0.4975,0.7695,1.2338,19.2599,0.0835,2.1903,4.5495
ffc65_Rep1_s0.png,0.4516,0.0189,-1.7245,0.6739,0.239,1.5442,1.5991,0.0888,1.934,3.7506
ffc65_Rep1_s1.png,0.2966,0.0125,-1.9043,0.4429,0.3153,1.5414,1.9352,0.1029,2.2831,6.6389
ffc65_Rep1_s2.png,0.3968,0.0162,-1.7906,0.6042,0.1441,1.5471,1.6845,0.1267,1.7311,2.7345
ffc65_Rep1_s3.png,0.4631,0.0192,-1.7165,0.696,0.2165,1.5444,1.5553,0.0644,2.3022,6.7763
ffc65_Rep1_s4.png,0.4445,0.0165,-1.7821,0.6572,0.2871,1.564,1.5944,0.1336,1.6478,2.1767
ffc65_Rep1_s5.png,0.3593,0.0152,-1.8188,0.5253,0.2864,1.5448,1.7527,0.1308,2.0223,4.0891
ffc65_Rep1_s6.png,0.4432,0.0154,-1.8122,0.6581,0.3368,1.5732,1.5557,0.1138,1.7486,2.6532
ffc65_Rep1_s7.png,0.0169,0.325,-0.4881,0.7058,0.7881,0.9476,36.8457,0.0615,2.7787,9.0592
ffc65_Rep2_s0.png,0.4678,0.0215,-1.6685,0.699,0.2182,1.5336,1.5725,0.0889,2.0372,4.5127
ffc65_Rep2_s1.png,0.3927,0.0155,-1.8092,0.5829,0.2541,1.5519,1.6754,0.1091,2.0885,4.9673
ffc65_Rep2_s2.png,0.3679,0.0152,-1.8181,0.5614,0.1037,1.5511,1.7674,0.145,1.601,2.0081
ffc65_Rep2_s3.png,0.4899,0.0238,-1.6227,0.7361,0.1492,1.5217,1.5405,0.0634,2.3288,7.1566
ffc65_Rep2_s4.png,0.4247,0.0157,-1.8034,0.6304,0.3022,1.5605,1.6273,0.132,1.6124,2.106
ffc65_Rep2_s5.png,0.3645,0.0152,-1.819,0.5327,0.1692,1.5408,1.7653,0.1313,1.8871,3.5454
ffc65_Rep2_s6.png,0.4371,0.0148,-1.8284,0.6521,0.3367,1.5815,1.5634,0.1405,1.6633,2.0142
ffc65_Rep2_s7.png,0.0338,0.0839,-1.0762,0.4477,0.914,1.2026,16.2594,0.1052,2.1291,4.1076
ffc66_Rep1_s0.png,0.4529,0.0197,-1.7051,0.6781,0.2637,1.5395,1.5935,0.0844,2.1878,5.5175
ffc66_Rep1_s1.png,0.3851,0.015,-1.8228,0.5771,0.1715,1.5541,1.7064,0.1116,2.3302,5.9262
ffc66_Rep1_s2.png,0.3969,0.0171,-1.7674,0.6042,0.0843,1.5441,1.682,0.1344,1.8931,3.3023
ffc66_Rep1_s3.png,0.4397,0.0202,-1.694,0.6641,0.3595,1.5352,1.6355,0.0635,2.28,6.6309
ffc66_Rep1_s4.png,0.4064,0.0155,-1.8089,0.6069,0.3172,1.5582,1.6769,0.134,1.7017,2.3516
ffc66_Rep1_s5.png,0.3271,0.0145,-1.8393,0.4774,0.3038,1.5315,1.8495,0.0954,2.1801,5.4433
ffc66_Rep1_s6.png,0.4307,0.0169,-1.7715,0.6425,0.3713,1.5572,1.5996,0.0915,1.6707,2.369
ffc66_Rep1_s7.png,0.0052,0.439,-0.3576,0.6772,0.9256,1.0253,79.0134,0.0174,2.8699,13.4416
ffc66_Rep2_s0.png,0.4471,0.0194,-1.7112,0.6681,0.2852,1.5363,1.625,0.0795,2.1578,5.7136
ffc66_Rep2_s1.png,0.3798,0.0153,-1.8154,0.572,0.1511,1.5534,1.7397,0.091,2.247,6.1372
ffc66_Rep2_s2.png,0.3758,0.0165,-1.7829,0.5753,0.2312,1.5406,1.7415,0.1497,1.6329,2.1106
ffc66_Rep2_s3.png,0.5116,0.0295,-1.5296,0.7703,0.1674,1.504,1.5424,0.0632,2.4475,7.934
ffc66_Rep2_s4.png,0.4151,0.0136,-1.8671,0.6139,0.3214,1.5801,1.6414,0.1292,1.8595,3.018
ffc66_Rep2_s5.png,0.3334,0.0153,-1.8141,0.4884,0.3517,1.5276,1.8537,0.1036,2.1621,5.3154
ffc66_Rep2_s6.png,0.3533,0.0148,-1.8297,0.5288,0.4201,1.5448,1.8378,0.0836,1.7707,2.9847
ffc66_Rep2_s7.png,0.0367,0.0905,-1.0434,0.4345,0.8967,1.2132,15.5292,0.0899,2.3549,5.8698
ffc67_Rep1_s0.png,0.4379,0.0156,-1.8063,0.6507,0.127,1.5651,1.5798,0.0925,1.945,4.0574
ffc67_Rep1_s1.png,0.0625,0.089,-1.0504,0.4282,0.6944,1.2954,10.1616,0.0961,2.1103,5.3323
ffc67_Rep1_s2.png,0.4034,0.0139,-1.8571,0.6107,0.1679,1.5712,1.6553,0.1204,1.7449,2.867
ffc67_Rep1_s3.png,0.4597,0.0188,-1.7252,0.6874,0.2054,1.5475,1.5558,0.0661,2.3876,7.2083
ffc67_Rep1_s4.png,0.4269,0.0143,-1.8445,0.6312,0.2877,1.5817,1.6103,0.1324,1.6877,2.3849
ffc67_Rep1_s5.png,0.3888,0.0143,-1.8452,0.565,0.211,1.5613,1.6538,0.1217,2.0867,4.6791
ffc67_Rep1_s6.png,0.4571,0.0168,-1.7759,0.6756,0.3095,1.5662,1.5503,0.1329,1.7735,2.7149
ffc67_Rep1_s7.png,0.043,0.0565,-1.2483,0.3931,0.8421,1.2941,12.3248,0.0798,2.174,4.9871
ffc67_Rep2_s0.png,0.4163,0.0151,-1.8218,0.6198,0.123,1.5692,1.6198,0.093,1.6318,2.5175
ffc67_Rep2_s1.png,0.3613,0.0158,-1.8017,0.5321,0.2819,1.5424,1.7859,0.1072,2.0308,4.7475
ffc67_Rep2_s2.png,0.3889,0.0157,-1.803,0.5876,0.1767,1.5528,1.7222,0.1171,1.6668,2.6841
ffc67_Rep2_s3.png,0.4315,0.0161,-1.7925,0.6438,0.0862,1.5646,1.5949,0.0662,1.9695,5.0557
ffc67_Rep2_s4.png,0.4085,0.012,-1.9193,0.6044,0.355,1.593,1.6233,0.1458,1.45,1.3458
ffc67_Rep2_s5.png,0.3423,0.0156,-1.8056,0.4948,0.244,1.5327,1.8177,0.1264,1.9505,4.0062
ffc67_Rep2_s6.png,0.376,0.0146,-1.836,0.5688,0.5176,1.5651,1.7399,0.1383,1.7036,2.1916
ffc67_Rep2_s7.png,0.0423,0.0597,-1.2243,0.4107,0.7926,1.3047,12.7405,0.0855,2.1393,4.4263
ffc68_Rep1_s0.png,0.4542,0.0173,-1.7631,0.6745,0.1213,1.5575,1.5628,0.0838,1.9792,4.3448
ffc68_Rep1_s1.png,0.3795,0.0164,-1.785,0.5674,0.1187,1.5476,1.7454,0.0989,2.0381,4.9375
ffc68_Rep1_s2.png,0.4022,0.0143,-1.8445,0.6131,0.2075,1.5685,1.6525,0.1463,1.5433,1.7218
ffc68_Rep1_s3.png,0.4852,0.023,-1.6375,0.7263,0.0834,1.5296,1.5401,0.0763,2.5146,7.8727
ffc68_Rep1_s4.png,0.4338,0.0164,-1.786,0.6397,0.216,1.563,1.6237,0.1393,1.7139,2.3631
ffc68_Rep1_s5.png,0.3971,0.019,-1.7213,0.5682,0.367,1.5247,1.682,0.0816,2.0099,4.9492
ffc68_Rep1_s6.png,0.4186,0.0132,-1.8807,0.6225,0.3508,1.5879,1.5866,0.151,1.4164,1.1407
ffc68_Rep1_s7.png,0.0337,0.0904,-1.0436,0.4204,0.8798,1.2022,16.5731,0.0874,2.4991,6.6307
ffc68_Rep2_s0.png,0.4412,0.0156,-1.8064,0.6565,0.1742,1.5672,1.5768,0.0901,1.9066,3.7486
ffc68_Rep2_s1.png,0.3877,0.0137,-1.8644,0.57,0.232,1.5657,1.6793,0.1215,1.9559,4.1526
ffc68_Rep2_s2.png,0.4185,0.0144,-1.8415,0.6319,0.1302,1.5775,1.6111,0.1213,1.7382,2.8344
ffc68_Rep2_s3.png,0.492,0.022,-1.6583,0.7367,0.196,1.5387,1.5223,0.0684,2.2411,6.0965
ffc68_Rep2_s4.png,0.4771,0.0171,-1.7658,0.697,0.2665,1.5619,1.5303,0.1272,1.7444,2.6994
ffc68_Rep2_s5.png,0.3873,0.015,-1.8248,0.5688,0.2554,1.5561,1.6615,0.1238,1.8137,3.1449
ffc68_Rep2_s6.png,0.442,0.0152,-1.8171,0.6546,0.32,1.5736,1.57,0.1466,1.6336,1.8617
ffc68_Rep2_s7.png,0.1015,0.0276,-1.5593,0.3576,0.823,1.4075,5.5227,0.1036,1.7822,2.6547
ffc69_Rep1_s0.png,0.4655,0.0185,-1.7338,0.6927,0.2055,1.5502,1.5664,0.0848,1.8416,3.3106
ffc69_Rep1_s1.png,0.3989,0.0145,-1.8395,0.5875,0.2402,1.5646,1.6567,0.1223,1.9637,4.1399
ffc69_Rep1_s2.png,0.4077,0.0145,-1.8379,0.6151,0.2095,1.5703,1.6719,0.1246,1.6739,2.6101
ffc69_Rep1_s3.png,0.4361,0.0163,-1.7878,0.6482,0.129,1.5626,1.5962,0.0662,2.3631,6.8028
ffc69_Rep1_s4.png,0.4301,0.014,-1.8539,0.6368,0.2921,1.5828,1.5905,0.1281,1.543,1.737
ffc69_Rep1_s5.png,0.1775,0.0168,-1.7741,0.3253,0.2325,1.4415,2.9739,0.1093,1.8656,3.5062
ffc69_Rep1_s6.png,0.419,0.0172,-1.7633,0.6204,0.5277,1.5506,1.6535,0.087,1.6989,2.5674
ffc69_Rep1_s7.png,0.0146,0.3259,-0.4869,0.7094,0.7512,0.9498,42.4445,0.1105,1.9626,2.9576
ffc69_Rep2_s0.png,0.4564,0.0168,-1.774,0.6788,0.1927,1.5588,1.5737,0.0931,1.9624,3.9102
ffc69_Rep2_s1.png,0.379,0.0159,-1.7992,0.5591,0.0821,1.5463,1.7543,0.0911,2.2069,6.0603
ffc69_Rep2_s2.png,0.3994,0.0142,-1.8477,0.606,0.2417,1.5694,1.6757,0.1294,1.631,2.3228
ffc69_Rep2_s3.png,0.4498,0.0184,-1.7358,0.6729,0.0864,1.5513,1.5783,0.0726,2.0586,4.9712
ffc69_Rep2_s4.png,0.4344,0.0157,-1.8037,0.6361,0.2554,1.5669,1.6168,0.1268,1.706,2.5251
ffc69_Rep2_s5.png,0.346,0.0129,-1.8886,0.5185,0.3105,1.562,1.7625,0.0818,1.4432,2.1775
ffc69_Rep2_s6.png,0.4436,0.0153,-1.8157,0.6536,0.2952,1.5723,1.573,0.1307,1.5022,1.5109
ffc69_Rep2_s7.png,0.037,0.0727,-1.1384,0.3764,0.8658,1.2312,14.8914,0.0837,2.3011,5.667
ffc6_Rep1_s0.png,0.4267,0.0147,-1.8324,0.6391,0.2778,1.5736,1.599,0.0935,1.9836,4.2997
ffc6_Rep1_s1.png,0.3696,0.0154,-1.8126,0.546,0.2466,1.5453,1.7602,0.1263,1.854,3.5308
ffc6_Rep1_s2.png,0.3916,0.0158,-1.8,0.5977,0.1919,1.5469,1.7368,0.1314,1.7954,2.7782
ffc6_Rep1_s3.png,0.3899,0.0242,-1.6155,0.5872,0.4177,1.4872,1.7891,0.0703,2.0873,5.3967
ffc6_Rep1_s4.png,0.4014,0.0139,-1.8562,0.6049,0.2794,1.5757,1.6822,0.1357,1.4482,1.4254
ffc6_Rep1_s5.png,0.3483,0.0152,-1.8176,0.5036,0.2211,1.5348,1.7757,0.1261,2.0704,4.4625
ffc6_Rep1_s6.png,0.3556,0.014,-1.8528,0.5312,0.338,1.5584,1.7561,0.1431,1.6069,2.0619
ffc6_Rep1_s7.png,0.0145,0.3818,-0.4182,0.6993,0.7237,0.9452,43.1123,0.0335,1.7479,3.3128
ffc6_Rep2_s0.png,0.4742,0.02,-1.6985,0.7111,0.2481,1.5422,1.5677,0.0868,1.9483,3.8281
ffc6_Rep2_s1.png,0.3635,0.0152,-1.8176,0.5423,0.3016,1.5453,1.7744,0.1255,2.0845,4.6341
ffc6_Rep2_s2.png,0.3993,0.0154,-1.813,0.6129,0.1906,1.5573,1.6973,0.134,1.7343,2.5343
ffc6_Rep2_s3.png,0.4189,0.0202,-1.6952,0.6282,0.345,1.5261,1.669,0.0779,2.0891,5.043
ffc6_Rep2_s4.png,0.4106,0.0184,-1.736,0.633,0.1318,1.5415,1.6975,0.1307,1.5597,1.8485
ffc6_Rep2_s5.png,0.3464,0.0149,-1.8255,0.5053,0.1821,1.5388,1.7647,0.124,2.174,5.0686
ffc6_Rep2_s6.png,0.4132,0.0148,-1.8311,0.6149,0.2959,1.5732,1.6377,0.1025,1.7531,3.0424
ffc6_Rep2_s7.png,0.124,0.0226,-1.6459,0.3284,0.7582,1.4371,4.5061,0.0899,1.9717,3.7397
ffc71_Rep1_s0.png,0.4536,0.0182,-1.7391,0.6697,0.267,1.5491,1.5808,0.0814,2.2856,6.124
ffc71_Rep1_s1.png,0.2494,0.0182,-1.74,0.4735,0.5947,1.4694,2.4746,0.0707,2.4782,7.9182
ffc71_Rep1_s2.png,0.3938,0.0143,-1.8454,0.5981,0.1042,1.5662,1.6662,0.1438,1.7639,2.6691
ffc71_Rep1_s3.png,0.4506,0.0178,-1.7485,0.6693,0.1982,1.5524,1.5816,0.0684,2.7331,9.7679
ffc71_Rep1_s4.png,0.4359,0.0155,-1.8096,0.6413,0.347,1.5685,1.6301,0.1325,1.72,2.4496
ffc71_Rep1_s5.png,0.3067,0.0177,-1.7515,0.4628,0.3423,1.4987,1.9744,0.0805,1.8915,4.4638
ffc71_Rep1_s6.png,0.401,0.0158,-1.8018,0.5935,0.4796,1.553,1.6899,0.0999,1.4794,1.5677
ffc71_Rep1_s7.png,0.0049,0.4113,-0.3858,0.7361,0.9379,1.0335,90.7519,0.0222,3.5629,14.804
ffc71_Rep2_s0.png,0.4313,0.015,-1.8253,0.6452,0.2171,1.5724,1.6071,0.0944,2.0472,4.5908
ffc71_Rep2_s1.png,0.3599,0.0134,-1.8713,0.5309,0.25,1.5608,1.7571,0.1269,1.9376,4.0026
ffc71_Rep2_s2.png,0.3591,0.0139,-1.8573,0.5494,0.4257,1.5588,1.7919,0.1352,1.8658,2.9327
ffc71_Rep2_s3.png,0.4654,0.0212,-1.6737,0.6835,0.2619,1.539,1.5841,0.0699,2.3895,7.0594
ffc71_Rep2_s4.png,0.3825,0.0129,-1.8901,0.579,0.3062,1.574,1.724,0.1461,1.5586,1.6722
ffc71_Rep2_s5.png,0.3484,0.0137,-1.8641,0.5035,0.2559,1.5489,1.7802,0.1274,2.0341,4.3765
ffc71_Rep2_s6.png,0.3802,0.0126,-1.901,0.5748,0.2913,1.5856,1.6665,0.1405,1.5485,1.6843
ffc71_Rep2_s7.png,0.0159,0.1423,-0.8469,0.5043,0.9286,1.0557,30.793,0.0716,2.5367,6.5296
ffc72_Rep1_s0.png,0.3661,0.0124,-1.9051,0.5483,0.2849,1.5701,1.7381,0.0972,1.7858,3.5113
ffc72_Rep1_s1.png,0.124,0.0288,-1.5408,0.4684,0.6951,1.3637,4.818,0.0771,2.2467,5.5377
ffc72_Rep1_s2.png,0.3716,0.0165,-1.7819,0.5742,0.1904,1.5363,1.7821,0.1508,1.5943,1.9315
ffc72_Rep1_s3.png,0.5202,0.0321,-1.4929,0.7796,0.1721,1.491,1.5286,0.0664,2.4935,7.7156
ffc72_Rep1_s4.png,0.3281,0.011,-1.9603,0.4858,0.408,1.5716,1.8854,0.1358,1.3555,1.0785
ffc72_Rep1_s5.png,0.3363,0.0142,-1.8486,0.501,0.3341,1.5442,1.8084,0.127,1.8235,3.4018
ffc72_Rep1_s6.png,0.3068,0.016,-1.797,0.5376,0.5511,1.5115,2.1074,0.1214,2.2194,4.8151
ffc72_Rep1_s7.png,0.0165,0.1438,-0.8421,0.4982,0.9347,1.071,31.2273,0.0637,2.689,7.7842
ffc72_Rep2_s0.png,0.3974,0.0162,-1.7892,0.5899,0.3491,1.5471,1.6981,0.0831,2.462,7.4676
ffc72_Rep2_s1.png,0.3219,0.0139,-1.8564,0.4909,0.2029,1.5432,1.8902,0.1002,2.3212,6.2597
ffc72_Rep2_s2.png,0.3578,0.0174,-1.7606,0.5417,0.2966,1.5236,1.8083,0.1198,1.8772,3.3708
ffc72_Rep2_s3.png,0.3726,0.0165,-1.7837,0.5557,0.2674,1.5355,1.7635,0.0759,2.2227,5.8501
ffc72_Rep2_s4.png,0.0062,0.1566,-0.8051,0.4522,0.9916,0.9945,44.2605,0.1555,0.1458,-1.3869
ffc72_Rep2_s5.png,0.2885,0.0155,-1.8083,0.436,0.2786,1.505,1.9827,0.0825,2.2318,6.1644
ffc72_Rep2_s6.png,0.3586,0.0153,-1.8147,0.5339,0.4265,1.5458,1.7824,0.0926,1.5814,2.0816
ffc72_Rep2_s7.png,0.0309,0.0709,-1.1492,0.4217,0.7848,1.2558,16.9484,0.0779,2.2294,4.8402
ffc73_Rep1_s0.png,0.4264,0.017,-1.7696,0.6368,0.2851,1.5491,1.6325,0.0965,2.0166,4.3104
ffc73_Rep1_s1.png,0.403,0.0161,-1.7929,0.5985,0.2,1.552,1.6709,0.1047,2.2202,5.7672
ffc73_Rep1_s2.png,0.4016,0.0176,-1.7553,0.6121,0.1844,1.5415,1.6943,0.1188,1.8117,3.1289
ffc73_Rep1_s3.png,0.4672,0.0198,-1.7027,0.7021,0.1962,1.5462,1.5619,0.0712,2.4033,7.0946
ffc73_Rep1_s4.png,0.4469,0.0157,-1.8029,0.6585,0.3061,1.5712,1.586,0.1329,1.6531,2.2803
ffc73_Rep1_s5.png,0.3662,0.0151,-1.8207,0.5338,0.2524,1.544,1.7214,0.1291,1.8826,3.5327
ffc73_Rep1_s6.png,0.3388,0.0125,-1.904,0.5033,0.5751,1.5662,1.8286,0.1187,1.8207,2.9484
ffc73_Rep1_s7.png,0.1148,0.0234,-1.6316,0.3343,0.8039,1.419,4.848,0.0905,1.9768,3.7095
ffc73_Rep2_s0.png,0.4696,0.0205,-1.6875,0.6963,0.2107,1.5385,1.5752,0.0867,2.0742,4.5596
ffc73_Rep2_s1.png,0.3967,0.0143,-1.8452,0.5773,0.2838,1.5676,1.6608,0.0899,2.1775,6.0227
ffc73_Rep2_s2.png,0.4153,0.0147,-1.8334,0.6164,0.2192,1.5725,1.6149,0.1258,1.805,3.1335
ffc73_Rep2_s3.png,0.5089,0.0248,-1.6056,0.7531,0.1003,1.5232,1.5066,0.07,2.5677,8.3871
ffc73_Rep2_s4.png,0.4574,0.0165,-1.7834,0.6693,0.2784,1.5658,1.5813,0.1271,1.7101,2.5536
ffc73_Rep2_s5.png,0.3665,0.016,-1.7957,0.5345,0.1928,1.5429,1.7289,0.1257,2.0232,4.1653
ffc73_Rep2_s6.png,0.4463,0.0147,-1.834,0.6674,0.2142,1.5743,1.575,0.1474,1.5044,1.3663
ffc73_Rep2_s7.png,0.1926,0.0221,-1.6551,0.3822,0.7606,1.4169,3.2762,0.0914,2.1075,4.0084
ffc74_Rep1_s0.png,0.4154,0.0183,-1.7382,0.6177,0.3518,1.5357,1.6825,0.0748,2.3195,6.2929
ffc74_Rep1_s1.png,0.3604,0.0156,-1.8078,0.5413,0.2295,1.5425,1.8023,0.0918,2.5123,7.4981
ffc74_Rep1_s2.png,0.3707,0.0133,-1.8749,0.5624,0.1192,1.5663,1.7234,0.1195,1.9497,3.7999
ffc74_Rep1_s3.png,0.3936,0.0193,-1.7155,0.5839,0.3099,1.5215,1.756,0.0631,2.2451,6.1982
ffc74_Rep1_s4.png,0.1146,0.0293,-1.5331,0.1994,0.688,1.3164,5.0035,0.1568,1.0119,0.0697
ffc74_Rep1_s5.png,0.3453,0.0161,-1.7921,0.494,0.4234,1.5236,1.8264,0.073,1.9851,4.9106
ffc74_Rep1_s6.png,0.4165,0.0165,-1.7838,0.617,0.4078,1.5536,1.6363,0.083,1.8054,3.4298
ffc74_Rep1_s7.png,0.0476,0.0447,-1.3495,0.3996,0.8315,1.3337,10.6104,0.0896,1.9073,3.0737
ffc74_Rep2_s0.png,0.4244,0.0157,-1.8046,0.636,0.2626,1.5635,1.6241,0.0856,2.015,4.494
ffc74_Rep2_s1.png,0.3846,0.0165,-1.782,0.5724,0.273,1.5469,1.7053,0.1142,2.3559,6.1076
ffc74_Rep2_s2.png,0.3605,0.0149,-1.8282,0.5486,0.219,1.5469,1.7946,0.1381,1.7186,2.4926
ffc74_Rep2_s3.png,0.4741,0.0228,-1.6427,0.6898,0.2032,1.5243,1.5646,0.0694,2.4277,6.9036
ffc74_Rep2_s4.png,0.1719,0.021,-1.6782,0.2597,0.3195,1.3968,3.362,0.1526,0.9228,-0.102
ffc74_Rep2_s5.png,0.3179,0.0155,-1.8099,0.4572,0.2846,1.5193,1.9238,0.1262,2.0272,4.3061
ffc74_Rep2_s6.png,0.4163,0.0172,-1.764,0.6219,0.3574,1.5519,1.6486,0.0838,2.026,4.5031
ffc74_Rep2_s7.png,0.0333,0.0828,-1.0821,0.4702,0.6971,1.2518,17.0586,0.0991,1.8514,2.7193
ffc75_Rep1_s0.png,0.466,0.0202,-1.6943,0.6931,0.2133,1.5416,1.5746,0.0878,1.959,3.8827
ffc75_Rep1_s1.png,0.3671,0.0128,-1.8927,0.5466,0.1428,1.5721,1.692,0.1227,1.9839,4.2653
ffc75_Rep1_s2.png,0.4249,0.0153,-1.8142,0.6438,0.2386,1.5682,1.6151,0.106,1.7644,2.9436
ffc75_Rep1_s3.png,0.4807,0.0235,-1.6291,0.7043,0.2875,1.5224,1.5605,0.0637,2.08,5.5748
ffc75_Rep1_s4.png,0.465,0.0167,-1.7763,0.6882,0.2482,1.5664,1.5421,0.1286,1.5809,1.9052
ffc75_Rep1_s5.png,0.3622,0.0133,-1.8772,0.53,0.1946,1.5592,1.6902,0.1267,1.8486,3.3819
ffc75_Rep1_s6.png,0.4506,0.0148,-1.8298,0.6655,0.3189,1.5797,1.5305,0.138,1.6491,1.8172
ffc75_Rep1_s7.png,0.0326,0.107,-0.9706,0.4386,0.9065,1.2149,17.2401,0.0656,3.1651,11.4296
ffc75_Rep2_s0.png,0.4512,0.0178,-1.7502,0.6729,0.2726,1.5494,1.5985,0.0883,1.9691,4.2281
ffc75_Rep2_s1.png,0.351,0.0143,-1.8442,0.5351,0.2721,1.5518,1.7809,0.1207,1.8231,3.3375
ffc75_Rep2_s2.png,0.3923,0.0146,-1.8366,0.5945,0.2986,1.5634,1.6936,0.0966,1.8701,3.6781
ffc75_Rep2_s3.png,0.4796,0.0272,-1.5647,0.693,0.3649,1.5005,1.585,0.0675,2.0428,5.2567
ffc75_Rep2_s4.png,0.4422,0.0183,-1.7383,0.649,0.2921,1.5454,1.61,0.119,1.8466,3.1228
ffc75_Rep2_s5.png,0.3394,0.0118,-1.928,0.4944,0.2201,1.5696,1.742,0.133,1.7563,3.0602
ffc75_Rep2_s6.png,0.4462,0.016,-1.7955,0.6518,0.3936,1.5727,1.5557,0.0888,1.7245,2.7494
ffc75_Rep2_s7.png,0.0201,0.1034,-0.9854,0.4422,0.8557,1.1211,26.6576,0.0831,1.9974,4.1756
ffc76_Rep1_s0.png,0.4406,0.0169,-1.7716,0.656,0.3228,1.557,1.5912,0.0815,2.1956,5.817
ffc76_Rep1_s1.png,0.3686,0.0136,-1.8674,0.5547,0.2197,1.5651,1.7178,0.1314,2.1398,4.5892
ffc76_Rep1_s2.png,0.3885,0.0167,-1.7765,0.5905,0.2919,1.5383,1.7188,0.1097,2.0114,4.076
ffc76_Rep1_s3.png,0.4057,0.0188,-1.7266,0.6143,0.374,1.5324,1.6793,0.066,2.0196,5.0096
ffc76_Rep1_s4.png,0.0636,0.0743,-1.1288,0.2401,0.9512,1.227,9.7766,0.184,0.4836,-0.973
ffc76_Rep1_s5.png,0.2808,0.0155,-1.8092,0.413,0.3045,1.5,2.0788,0.1122,1.9844,4.0251
ffc76_Rep1_s6.png,0.421,0.0193,-1.7145,0.6252,0.4697,1.5346,1.6657,0.0922,1.7965,2.8711
ffc76_Rep1_s7.png,0.0186,0.2174,-0.6628,0.5803,0.8918,1.0568,30.8802,0.075,2.5995,7.2413
ffc76_Rep2_s0.png,0.4445,0.0172,-1.7652,0.665,0.2192,1.5551,1.5917,0.0944,2.1687,5.2939
ffc76_Rep2_s1.png,0.3582,0.0139,-1.8577,0.542,0.1559,1.5589,1.7573,0.1371,1.9535,3.6688
ffc76_Rep2_s2.png,0.384,0.0166,-1.7801,0.5864,0.2598,1.5424,1.7263,0.1092,1.9571,3.8708
ffc76_Rep2_s3.png,0.4049,0.0207,-1.6832,0.6206,0.3483,1.5166,1.6946,0.0733,1.9291,4.3727
ffc76_Rep2_s4.png,0.3766,0.0131,-1.8839,0.5675,0.2669,1.57,1.7188,0.143,1.5057,1.5208
ffc76_Rep2_s5.png,0.3109,0.0131,-1.8811,0.4533,0.3213,1.5374,1.8939,0.1116,1.9466,4.0981
ffc76_Rep2_s6.png,0.4183,0.0183,-1.7373,0.6244,0.4683,1.5416,1.6607,0.1043,1.6881,2.2672
ffc76_Rep2_s7.png,0.0162,0.3845,-0.4152,0.7326,0.7408,0.9496,39.0995,0.0362,2.449,6.7432
ffc78_Rep1_s0.png,0.3985,0.0146,-1.837,0.5942,0.2641,1.5674,1.6659,0.0849,1.8942,4.2101
ffc78_Rep1_s1.png,0.359,0.0138,-1.8613,0.5483,0.4075,1.5581,1.7543,0.1331,1.8626,3.4419
ffc78_Rep1_s2.png,0.3874,0.016,-1.7963,0.5895,0.1798,1.5454,1.7213,0.1457,1.7518,2.5998
ffc78_Rep1_s3.png,0.44,0.0188,-1.7249,0.6616,0.1445,1.5435,1.586,0.0754,2.1658,5.5992
ffc78_Rep1_s4.png,0.4365,0.0159,-1.798,0.6396,0.2821,1.5607,1.6205,0.1238,1.6933,2.4613
ffc78_Rep1_s5.png,0.3258,0.0144,-1.8402,0.481,0.2997,1.5351,1.8516,0.1255,1.8589,3.3857
ffc78_Rep1_s6.png,0.4493,0.0154,-1.8137,0.6645,0.337,1.576,1.553,0.1337,1.7208,2.3222
ffc78_Rep1_s7.png,0.0136,0.2693,-0.5698,0.7204,0.5906,0.9754,42.838,0.0242,2.028,5.8513
ffc78_Rep2_s0.png,0.4206,0.0146,-1.8344,0.6251,0.1727,1.5723,1.614,0.0843,1.8673,3.81
ffc78_Rep2_s1.png,0.2675,0.0166,-1.7809,0.486,0.4589,1.5012,2.2743,0.0887,2.6805,9.102
ffc78_Rep2_s2.png,0.4144,0.0148,-1.8298,0.6301,0.3032,1.5692,1.6544,0.1022,1.83,3.2943
ffc78_Rep2_s3.png,0.2593,0.0153,-1.8166,0.3907,0.4559,1.4902,2.3076,0.0743,2.1298,5.4349
ffc78_Rep2_s4.png,0.4459,0.015,-1.824,0.6582,0.2616,1.5764,1.5747,0.1243,1.669,2.3884
ffc78_Rep2_s5.png,0.3685,0.0158,-1.8017,0.5341,0.2266,1.5383,1.7326,0.122,2.217,5.3229
ffc78_Rep2_s6.png,0.1464,0.0216,-1.6658,0.4095,0.8307,1.4594,3.9323,0.1353,1.6708,2.271
ffc78_Rep2_s7.png,0.0735,0.0268,-1.5715,0.2978,0.9312,1.3569,6.5089,0.1158,1.8792,3.0404
ffc79_Rep1_s0.png,0.4538,0.019,-1.7212,0.6685,0.2516,1.5426,1.5967,0.0798,2.7175,9.1379
ffc79_Rep1_s1.png,0.3383,0.0144,-1.8431,0.5212,0.3614,1.5408,1.8688,0.0906,2.3624,6.5917
ffc79_Rep1_s2.png,0.3789,0.015,-1.825,0.5759,0.2186,1.5528,1.7001,0.1025,2.0559,4.531
ffc79_Rep1_s3.png,0.4402,0.0203,-1.692,0.6493,0.1451,1.5311,1.6442,0.0585,2.196,6.1862
ffc79_Rep1_s4.png,0.427,0.0175,-1.7563,0.6294,0.3023,1.5469,1.6535,0.1101,2.0574,4.267
ffc79_Rep1_s5.png,0.3192,0.0158,-1.8009,0.4828,0.2693,1.5203,1.9097,0.0867,1.5608,2.6089
ffc79_Rep1_s6.png,0.44,0.0184,-1.7358,0.6514,0.3614,1.5459,1.6001,0.0841,1.6947,2.4937
ffc79_Rep1_s7.png,0.0205,0.1707,-0.7677,0.4595,0.8769,1.2182,26.1291,0.0637,2.9423,10.1304
ffc79_Rep2_s0.png,0.4489,0.0202,-1.6942,0.6623,0.3156,1.5318,1.6206,0.0795,2.5359,7.4458
ffc79_Rep2_s1.png,0.3919,0.0165,-1.783,0.5978,0.2802,1.5442,1.7132,0.0838,2.2974,5.938
ffc79_Rep2_s2.png,0.3663,0.0162,-1.7899,0.5569,0.094,1.5363,1.7634,0.0955,2.0175,4.5233
ffc79_Rep2_s3.png,0.387,0.0167,-1.7761,0.5836,0.2493,1.5358,1.7563,0.0588,2.0842,5.5016
ffc79_Rep2_s4.png,0.0663,0.0796,-1.099,0.2122,0.9462,1.2046,9.4709,0.172,0.4933,-0.9138
ffc79_Rep2_s5.png,0.3026,0.0156,-1.8069,0.4581,0.1559,1.5164,1.9598,0.0747,1.4581,2.2084
ffc79_Rep2_s6.png,0.4433,0.0172,-1.764,0.65,0.3657,1.5605,1.5679,0.0746,1.8636,3.6191
ffc79_Rep2_s7.png,0.0523,0.1063,-0.9736,0.5526,0.6156,1.2443,12.1595,0.1004,2.3353,4.8847
ffc80_Rep1_s0.png,0.4667,0.0198,-1.7043,0.6976,0.2063,1.5406,1.5724,0.0978,2.0263,4.4124
ffc80_Rep1_s1.png,0.2646,0.0194,-1.7131,0.4745,0.4158,1.4902,2.4114,0.0795,2.2311,6.2396
ffc80_Rep1_s2.png,0.4033,0.0156,-1.8055,0.6137,0.2372,1.5564,1.6547,0.129,1.6517,2.4282
ffc80_Rep1_s3.png,0.4913,0.0239,-1.6217,0.7314,0.1892,1.5239,1.5411,0.0749,2.2762,6.3031
ffc80_Rep1_s4.png,0.4307,0.0147,-1.8335,0.6372,0.3197,1.5742,1.6298,0.1298,1.6401,2.222
ffc80_Rep1_s5.png,0.351,0.0148,-1.8284,0.5154,0.1359,1.5412,1.7645,0.129,1.9395,3.7479
ffc80_Rep1_s6.png,0.4239,0.0125,-1.902,0.6302,0.351,1.5963,1.5685,0.1508,1.5152,1.4175
ffc80_Rep1_s7.png,0.0658,0.0317,-1.4987,0.2684,0.8648,1.2574,7.6942,0.0908,1.8436,3.3134
ffc80_Rep2_s0.png,0.452,0.0201,-1.6978,0.6798,0.2046,1.5364,1.6088,0.0978,1.9775,3.8694
ffc80_Rep2_s1.png,0.3718,0.0151,-1.8199,0.5504,0.2553,1.5522,1.737,0.1051,2.0696,5.0119
ffc80_Rep2_s2.png,0.4001,0.0157,-1.8031,0.6112,0.2134,1.5571,1.6721,0.1295,1.6664,2.4622
ffc80_Rep2_s3.png,0.4642,0.0223,-1.6508,0.6994,0.0838,1.5262,1.5818,0.0761,2.0982,5.2619
ffc80_Rep2_s4.png,0.4417,0.0164,-1.7849,0.6584,0.305,1.5605,1.6144,0.1377,1.575,1.8117
ffc80_Rep2_s5.png,0.3504,0.014,-1.8526,0.5117,0.2348,1.5513,1.7481,0.1283,2.0955,4.595
ffc80_Rep2_s6.png,0.4324,0.014,-1.8539,0.6498,0.3337,1.5911,1.5722,0.1476,1.6781,2.0413
ffc80_Rep2_s7.png,0.072,0.0411,-1.3865,0.3992,0.6954,1.305,7.823,0.0859,2.2233,4.7863
ffc81_Rep1_s0.png,0.4416,0.0181,-1.7418,0.6557,0.1513,1.5444,1.6068,0.0831,1.9776,4.208
ffc81_Rep1_s1.png,0.3915,0.0134,-1.8743,0.5752,0.3618,1.5735,1.6808,0.1113,2.0403,4.8491
ffc81_Rep1_s2.png,0.3857,0.0148,-1.8297,0.583,0.3004,1.5612,1.7265,0.1253,1.7732,2.8846
ffc81_Rep1_s3.png,0.5156,0.0319,-1.4957,0.7344,0.3877,1.4827,1.5288,0.0542,2.5905,8.6118
ffc81_Rep1_s4.png,0.4282,0.0158,-1.801,0.6376,0.2702,1.5615,1.6243,0.1269,1.5105,1.7367
ffc81_Rep1_s5.png,0.3566,0.0132,-1.8801,0.5135,0.2135,1.5601,1.7428,0.1255,1.8544,3.4992
ffc81_Rep1_s6.png,0.4439,0.0148,-1.8286,0.6587,0.346,1.5788,1.5555,0.1295,1.542,1.683
ffc81_Rep1_s7.png,0.2386,0.0133,-1.8755,0.3501,0.4852,1.4951,2.4409,0.1023,1.7927,2.6872
ffc81_Rep2_s0.png,0.4466,0.0189,-1.724,0.6681,0.2473,1.5389,1.6266,0.0859,2.0171,4.1692
ffc81_Rep2_s1.png,0.3677,0.0133,-1.8757,0.5421,0.2365,1.5674,1.7187,0.1214,1.8882,3.9541
ffc81_Rep2_s2.png,0.3997,0.0139,-1.8568,0.6066,0.1221,1.5733,1.6677,0.103,1.733,2.914
ffc81_Rep2_s3.png,0.4588,0.0201,-1.6977,0.6595,0.3403,1.536,1.5878,0.0665,2.1831,5.8375
ffc81_Rep2_s4.png,0.4417,0.0144,-1.8431,0.6532,0.2775,1.5796,1.5745,0.1335,1.5283,1.754
ffc81_Rep2_s5.png,0.347,0.0137,-1.8631,0.5073,0.1352,1.5485,1.7672,0.1311,1.8253,3.2649
ffc81_Rep2_s6.png,0.4016,0.0129,-1.8884,0.6019,0.378,1.5804,1.661,0.1464,1.524,1.5451
ffc81_Rep2_s7.png,0.0903,0.0287,-1.5419,0.3795,0.7163,1.3853,6.0307,0.1005,1.6686,1.9511
ffc82_Rep1_s0.png,0.4346,0.0154,-1.8115,0.6441,0.1061,1.5659,1.5887,0.0842,1.8317,3.5213
ffc82_Rep1_s1.png,0.28,0.0154,-1.8118,0.4731,0.3612,1.5112,2.1652,0.1016,2.1085,5.1418
ffc82_Rep1_s2.png,0.416,0.0156,-1.8066,0.6329,0.1992,1.5631,1.6572,0.099,1.7439,2.7386
ffc82_Rep1_s3.png,0.514,0.0279,-1.5537,0.7426,0.3153,1.504,1.5141,0.0623,2.3376,7.0476
ffc82_Rep1_s4.png,0.4217,0.0157,-1.8052,0.6277,0.2881,1.5658,1.626,0.1387,1.5077,1.5954
ffc82_Rep1_s5.png,0.3779,0.0152,-1.8178,0.5451,0.1374,1.5498,1.715,0.1212,1.8573,3.576
ffc82_Rep1_s6.png,0.4122,0.013,-1.8848,0.61,0.3599,1.5867,1.5922,0.1533,1.4133,1.0025
ffc82_Rep1_s7.png,0.1043,0.0305,-1.5155,0.3112,0.8474,1.3577,5.4362,0.0792,2.2987,5.2952
ffc82_Rep2_s0.png,0.4285,0.0145,-1.8388,0.6396,0.1867,1.5712,1.5991,0.0831,1.8928,3.7767
ffc82_Rep2_s1.png,0.3875,0.0141,-1.8499,0.5665,0.2375,1.5625,1.6639,0.0918,2.1375,5.6869
ffc82_Rep2_s2.png,0.4088,0.0142,-1.8477,0.6209,0.1263,1.5724,1.6359,0.1354,1.7872,2.7843
ffc82_Rep2_s3.png,0.4176,0.0207,-1.6839,0.6161,0.349,1.5196,1.6977,0.0663,2.1789,6.0093
ffc82_Rep2_s4.png,0.406,0.0153,-1.816,0.6038,0.2951,1.5617,1.6656,0.1405,1.4861,1.5246
ffc82_Rep2_s5.png,0.3714,0.0165,-1.7837,0.5341,0.2517,1.5339,1.7485,0.1007,2.1103,5.1869
ffc82_Rep2_s6.png,0.4241,0.0137,-1.8621,0.6305,0.36,1.586,1.5765,0.1094,1.6538,2.2976
ffc82_Rep2_s7.png,0.0736,0.0359,-1.445,0.3437,0.8671,1.3383,7.5622,0.0983,1.8392,2.8087
ffc83_Rep1_s0.png,0.4621,0.0189,-1.7242,0.6827,0.1562,1.5416,1.573,0.0773,2.0698,4.5575
ffc83_Rep1_s1.png,0.2006,0.0311,-1.5072,0.4967,0.5589,1.3982,3.3053,0.0881,2.4367,7.5065
ffc83_Rep1_s2.png,0.3062,0.0162,-1.7908,0.4668,0.5886,1.5257,2.0679,0.122,1.7321,2.6073
ffc83_Rep1_s3.png,0.4668,0.0217,-1.6632,0.6941,0.1034,1.5334,1.5636,0.0766,2.2529,6.1342
ffc83_Rep1_s4.png,0.466,0.0168,-1.7742,0.6814,0.3009,1.5652,1.5608,0.1209,1.7022,2.5635
ffc83_Rep1_s5.png,0.3609,0.0146,-1.8343,0.5302,0.2573,1.5471,1.7141,0.1238,1.9921,4.0072
ffc83_Rep1_s6.png,0.4309,0.0135,-1.8685,0.6385,0.3623,1.5905,1.5604,0.1429,1.6531,2.0779
ffc83_Rep1_s7.png,0.2341,0.0123,-1.9101,0.3443,0.6057,1.5066,2.462,0.0953,1.7954,2.9038
ffc83_Rep2_s0.png,0.4631,0.0191,-1.7197,0.6917,0.1461,1.5484,1.5713,0.0931,1.9736,4.0633
ffc83_Rep2_s1.png,0.403,0.0144,-1.8414,0.5925,0.1131,1.5702,1.6253,0.0981,1.9042,4.3893
ffc83_Rep2_s2.png,0.3822,0.0161,-1.7923,0.5867,0.1848,1.5495,1.7411,0.103,1.7345,2.8738
ffc83_Rep2_s3.png,0.5084,0.0287,-1.5425,0.7497,0.231,1.5036,1.5247,0.0636,2.2927,6.6765
ffc83_Rep2_s4.png,0.4363,0.015,-1.8243,0.6519,0.2513,1.5732,1.5966,0.1387,1.606,1.8676
ffc83_Rep2_s5.png,0.3445,0.014,-1.8544,0.5006,0.2623,1.5476,1.7897,0.1266,1.9408,3.8448
ffc83_Rep2_s6.png,0.4501,0.0154,-1.8112,0.6678,0.3851,1.577,1.5539,0.1368,1.5786,1.7956
ffc83_Rep2_s7.png,0.0443,0.0553,-1.2574,0.3612,0.788,1.306,11.6642,0.087,1.9838,4.1202
ffc85_Rep1_s0.png,0.4273,0.0161,-1.7922,0.6336,0.2444,1.5596,1.6123,0.0854,2.0241,4.3864
ffc85_Rep1_s1.png,0.3732,0.0132,-1.8803,0.5487,0.2294,1.5688,1.6737,0.0935,2.1314,5.3423
ffc85_Rep1_s2.png,0.3551,0.014,-1.8536,0.5338,0.4788,1.5586,1.8107,0.1352,2.0989,4.136
ffc85_Rep1_s3.png,0.4221,0.021,-1.6786,0.6202,0.2813,1.5192,1.682,0.0591,2.0316,5.0084
ffc85_Rep1_s4.png,0.4126,0.0122,-1.9153,0.6079,0.2979,1.593,1.6276,0.1296,1.5401,1.7536
ffc85_Rep1_s5.png,0.3503,0.012,-1.9195,0.5035,0.2923,1.5705,1.708,0.119,1.8403,3.7793
ffc85_Rep1_s6.png,0.4319,0.0139,-1.8585,0.6434,0.4112,1.5885,1.567,0.1406,1.6461,1.9628
ffc85_Rep1_s7.png,0.0869,0.0326,-1.4862,0.3804,0.7607,1.3612,6.5426,0.0982,1.803,2.7183
ffc85_Rep2_s0.png,0.4572,0.0194,-1.7123,0.6802,0.1355,1.5419,1.5956,0.0945,2.0323,4.1687
ffc85_Rep2_s1.png,0.3897,0.013,-1.8876,0.5722,0.2222,1.5777,1.6443,0.1241,1.8584,3.5411
ffc85_Rep2_s2.png,0.4052,0.0132,-1.8801,0.613,0.1574,1.5839,1.6433,0.1137,1.8713,3.2718
ffc85_Rep2_s3.png,0.492,0.0226,-1.6452,0.714,0.3019,1.5284,1.53,0.0622,2.5729,8.2521
ffc85_Rep2_s4.png,0.4489,0.0158,-1.8014,0.6635,0.1656,1.5701,1.5764,0.1405,1.58,1.7793
ffc85_Rep2_s5.png,0.3769,0.0148,-1.8293,0.543,0.3755,1.5527,1.6941,0.1228,2.128,4.8365
ffc85_Rep2_s6.png,0.4534,0.0152,-1.8176,0.6721,0.3706,1.578,1.5551,0.1339,1.762,2.5886
ffc85_Rep2_s7.png,0.1273,0.0225,-1.6478,0.3256,0.7804,1.3782,4.4018,0.0905,2.0904,4.1386
ffc86_Rep1_s0.png,0.4295,0.0157,-1.8044,0.6381,0.2494,1.5676,1.5877,0.096,1.7643,3.2202
ffc86_Rep1_s1.png,0.3682,0.0146,-1.8369,0.5486,0.2201,1.5568,1.7366,0.1262,1.9138,3.92
ffc86_Rep1_s2.png,0.3934,0.0147,-1.832,0.5975,0.0908,1.5643,1.6797,0.1355,1.7707,2.6209
ffc86_Rep1_s3.png,0.4113,0.0186,-1.7305,0.6143,0.2803,1.538,1.6835,0.065,2.2013,6.1011
ffc86_Rep1_s4.png,0.4256,0.0156,-1.8083,0.6254,0.3617,1.5667,1.6238,0.1308,1.6505,2.1754
ffc86_Rep1_s5.png,0.3523,0.0126,-1.9013,0.5105,0.234,1.5633,1.7185,0.128,1.8258,3.25
ffc86_Rep1_s6.png,0.4065,0.0145,-1.8375,0.6,0.3639,1.5683,1.611,0.1401,1.4545,1.2685
ffc86_Rep1_s7.png,0.0365,0.0655,-1.184,0.386,0.8561,1.2471,14.4196,0.0986,1.9152,3.2583
ffc86_Rep2_s0.png,0.4137,0.0159,-1.7986,0.6154,0.2703,1.5598,1.6312,0.084,1.8159,3.7413
ffc86_Rep2_s1.png,0.3501,0.0123,-1.9101,0.5194,0.2853,1.5701,1.7308,0.1288,1.9298,3.8622
ffc86_Rep2_s2.png,0.3581,0.0133,-1.8764,0.5446,0.1616,1.5649,1.7463,0.1307,1.7181,2.5231
ffc86_Rep2_s3.png,0.4677,0.0237,-1.6245,0.6681,0.2362,1.5152,1.5744,0.0602,2.2243,6.2303
ffc86_Rep2_s4.png,0.3257,0.0121,-1.9164,0.4818,0.46,1.5611,1.9315,0.126,1.4623,1.5598
ffc86_Rep2_s5.png,0.3242,0.014,-1.8541,0.4652,0.161,1.5336,1.8791,0.1033,1.9465,4.1653
ffc86_Rep2_s6.png,0.3483,0.0165,-1.7824,0.5242,0.5199,1.5299,1.8644,0.1024,1.4521,1.4811
ffc86_Rep2_s7.png,0.0394,0.0715,-1.1456,0.4136,0.9211,1.1647,14.8725,0.1068,2.1445,4.5708
ffc87_Rep1_s0.png,0.4709,0.0203,-1.6917,0.6992,0.1646,1.5391,1.5659,0.0838,2.0098,4.2929
ffc87_Rep1_s1.png,0.42,0.0153,-1.814,0.6149,0.2988,1.5598,1.6121,0.1193,2.1873,5.2087
ffc87_Rep1_s2.png,0.4081,0.0138,-1.8591,0.6149,0.0813,1.5764,1.6275,0.142,1.7384,2.5559
ffc87_Rep1_s3.png,0.5215,0.0246,-1.6094,0.7558,0.2164,1.5266,1.4803,0.0641,2.4258,7.4094
ffc87_Rep1_s4.png,0.4174,0.0158,-1.801,0.6198,0.2615,1.5589,1.6395,0.1365,1.4793,1.5276
ffc87_Rep1_s5.png,0.3496,0.015,-1.8231,0.5,0.2367,1.534,1.798,0.0948,1.959,4.5178
ffc87_Rep1_s6.png,0.4626,0.0168,-1.7737,0.6865,0.37,1.5679,1.5502,0.0912,1.9969,4.074
ffc87_Rep1_s7.png,0.0772,0.0302,-1.5193,0.3274,0.8167,1.3561,6.9253,0.1016,1.7638,2.4954
ffc87_Rep2_s0.png,0.4563,0.0188,-1.7248,0.6795,0.2761,1.5446,1.5788,0.0864,2.1204,4.7904
ffc87_Rep2_s1.png,0.2821,0.013,-1.8869,0.462,0.5178,1.5303,2.0921,0.099,2.4248,7.291
ffc87_Rep2_s2.png,0.41,0.0142,-1.8481,0.6238,0.134,1.5701,1.6298,0.1202,1.8134,2.978
ffc87_Rep2_s3.png,0.5142,0.025,-1.602,0.7403,0.299,1.5261,1.4907,0.065,2.2497,6.4988
ffc87_Rep2_s4.png,0.4144,0.0151,-1.8203,0.6144,0.2693,1.5722,1.6355,0.1407,1.5183,1.6733
ffc87_Rep2_s5.png,0.3513,0.0142,-1.8482,0.5071,0.1761,1.5478,1.7689,0.1291,1.9316,3.8284
ffc87_Rep2_s6.png,0.4555,0.0157,-1.8032,0.6716,0.3775,1.5758,1.5444,0.1096,1.6364,1.9554
ffc87_Rep2_s7.png,0.0408,0.0758,-1.1204,0.3982,0.8536,1.2437,13.7606,0.0889,2.0201,3.651
ffc88_Rep1_s0.png,0.4367,0.0156,-1.8057,0.6506,0.1736,1.5677,1.6014,0.0869,1.8093,3.5185
ffc88_Rep1_s1.png,0.3096,0.0129,-1.8879,0.4617,0.3266,1.5514,1.9241,0.1016,2.1865,5.7393
ffc88_Rep1_s2.png,0.409,0.0162,-1.79,0.6206,0.2124,1.5544,1.6431,0.1372,1.7954,2.8458
ffc88_Rep1_s3.png,0.5149,0.0282,-1.5491,0.7497,0.2679,1.5067,1.5134,0.0631,2.5016,8.4209
ffc88_Rep1_s4.png,0.4351,0.0163,-1.7882,0.6433,0.271,1.5663,1.6058,0.1365,1.645,2.0657
ffc88_Rep1_s5.png,0.3291,0.0147,-1.8332,0.4798,0.3282,1.5294,1.8412,0.0954,1.8668,3.9371
ffc88_Rep1_s6.png,0.4473,0.0171,-1.7666,0.6649,0.34,1.5589,1.5697,0.1021,1.7235,2.4726
ffc88_Rep1_s7.png,0.0447,0.0628,-1.2023,0.3494,0.872,1.2805,11.8586,0.081,2.468,6.0624
ffc88_Rep2_s0.png,0.4454,0.0165,-1.7832,0.6631,0.1307,1.5612,1.5979,0.0867,1.8281,3.3381
ffc88_Rep2_s1.png,0.2836,0.014,-1.8538,0.4558,0.4823,1.5202,2.0438,0.1002,2.3339,6.8862
ffc88_Rep2_s2.png,0.3981,0.0162,-1.7896,0.6048,0.2768,1.5522,1.71,0.1134,1.7646,2.8618
ffc88_Rep2_s3.png,0.5307,0.0331,-1.4798,0.7565,0.3453,1.4833,1.5088,0.0657,2.4537,7.5311
ffc88_Rep2_s4.png,0.4311,0.0139,-1.8564,0.6373,0.3066,1.578,1.5987,0.1351,1.4857,1.5517
ffc88_Rep2_s5.png,0.3279,0.0128,-1.8942,0.4742,0.345,1.5529,1.8375,0.1324,1.7246,2.8755
ffc88_Rep2_s6.png,0.4454,0.0146,-1.835,0.6573,0.3568,1.5793,1.5454,0.1342,1.7236,2.287
ffc88_Rep2_s7.png,0.0552,0.0384,-1.4161,0.3606,0.8312,1.3719,9.3257,0.0918,1.9839,3.4769
ffc89_Rep1_s0.png,0.472,0.0187,-1.7283,0.7004,0.261,1.5523,1.5594,0.0899,2.0171,4.1572
ffc89_Rep1_s1.png,0.3574,0.0132,-1.8802,0.5311,0.1693,1.5599,1.7678,0.1216,1.9098,3.911
ffc89_Rep1_s2.png,0.4252,0.0158,-1.802,0.6445,0.2471,1.5637,1.624,0.1054,1.8618,3.2148
ffc89_Rep1_s3.png,0.4618,0.0218,-1.6624,0.6897,0.243,1.53,1.5663,0.0675,2.2772,6.4842
ffc89_Rep1_s4.png,0.4127,0.0141,-1.8493,0.6104,0.2673,1.5787,1.6355,0.1422,1.4856,1.5518
ffc89_Rep1_s5.png,0.3436,0.0146,-1.8368,0.4996,0.1675,1.5399,1.7793,0.1288,1.882,3.3741
ffc89_Rep1_s6.png,0.4247,0.0145,-1.8378,0.6274,0.4041,1.571,1.5956,0.128,1.5744,1.7779
ffc89_Rep1_s7.png,0.1577,0.0168,-1.7748,0.3317,0.7671,1.4315,3.5196,0.0853,1.987,4.0508
ffc89_Rep2_s0.png,0.4467,0.0171,-1.7668,0.6606,0.2973,1.5594,1.5976,0.0843,2.0176,4.3233
ffc89_Rep2_s1.png,0.4188,0.0153,-1.8167,0.6249,0.1519,1.5654,1.6134,0.0922,2.1338,5.4863
ffc89_Rep2_s2.png,0.4011,0.0156,-1.8073,0.6035,0.1807,1.5576,1.6799,0.1542,1.6434,2.1044
ffc89_Rep2_s3.png,0.4419,0.0175,-1.7581,0.6592,0.2394,1.5576,1.5589,0.0793,2.0151,4.6847
ffc89_Rep2_s4.png,0.4157,0.0145,-1.8393,0.609,0.3732,1.5681,1.6571,0.1257,1.6448,2.361
ffc89_Rep2_s5.png,0.3536,0.0179,-1.7469,0.5106,0.3962,1.5192,1.7866,0.0879,1.7622,3.645
ffc89_Rep2_s6.png,0.4093,0.0133,-1.8754,0.6061,0.2948,1.5805,1.6177,0.1312,1.3214,0.8777
ffc89_Rep2_s7.png,0.0447,0.0563,-1.2492,0.3691,0.8986,1.2916,11.8685,0.0625,2.4654,7.5592
ffc8_Rep1_s0.png,0.4678,0.0186,-1.7304,0.6979,0.1003,1.5484,1.5656,0.0908,2.0349,4.2054
ffc8_Rep1_s1.png,0.2452,0.0162,-1.7903,0.4598,0.4529,1.4909,2.4008,0.1011,2.2615,5.8453
ffc8_Rep1_s2.png,0.4214,0.0155,-1.8089,0.6443,0.1326,1.562,1.6542,0.0943,1.8232,3.4024
ffc8_Rep1_s3.png,0.4775,0.0253,-1.5967,0.7059,0.2724,1.5136,1.5685,0.0605,2.1321,5.6373
ffc8_Rep1_s4.png,0.4294,0.0146,-1.8352,0.6453,0.3075,1.5756,1.5949,0.121,1.557,1.9481
ffc8_Rep1_s5.png,0.3465,0.0139,-1.8564,0.5041,0.2028,1.5471,1.7535,0.1264,1.9774,4.0839
ffc8_Rep1_s6.png,0.4508,0.0142,-1.8492,0.6668,0.3231,1.586,1.5297,0.1362,1.7288,2.248
ffc8_Rep1_s7.png,0.0791,0.034,-1.4684,0.3217,0.7808,1.3376,6.7995,0.0761,2.3119,5.8122
ffc8_Rep2_s0.png,0.4732,0.0184,-1.7358,0.7037,0.119,1.5507,1.5434,0.0871,2.0355,4.4796
ffc8_Rep2_s1.png,0.2477,0.0186,-1.7313,0.4898,0.4198,1.475,2.5222,0.1035,2.3337,6.4384
ffc8_Rep2_s2.png,0.4359,0.0148,-1.8295,0.6649,0.3144,1.574,1.6066,0.101,1.8805,3.375
ffc8_Rep2_s3.png,0.5091,0.0238,-1.6236,0.736,0.2828,1.5255,1.49,0.0554,2.2425,6.4901
ffc8_Rep2_s4.png,0.4151,0.0143,-1.8441,0.6184,0.2205,1.575,1.6147,0.1266,1.4649,1.6999
ffc8_Rep2_s5.png,0.3043,0.0137,-1.8625,0.4412,0.3638,1.5241,1.9416,0.1267,1.8044,3.2263
ffc8_Rep2_s6.png,0.4642,0.0158,-1.8021,0.6825,0.304,1.5775,1.5281,0.1313,1.7491,2.4226
ffc8_Rep2_s7.png,0.1091,0.0231,-1.6372,0.3121,0.8765,1.3623,5.0362,0.0758,2.2006,5.2277
ffc90_Rep1_s0.png,0.4144,0.015,-1.8235,0.6194,0.2434,1.5647,1.6337,0.0897,1.9089,3.9196
ffc90_Rep1_s1.png,0.2095,0.0183,-1.7379,0.3587,0.6465,1.4505,2.7364,0.101,2.1271,5.7893
ffc90_Rep1_s2.png,0.234,0.0202,-1.6944,0.4807,0.5675,1.4511,2.6238,0.1205,2.1985,4.8768
ffc90_Rep1_s3.png,0.4697,0.019,-1.7218,0.6785,0.3666,1.5503,1.5391,0.0718,2.3009,6.3717
ffc90_Rep1_s4.png,0.4411,0.0129,-1.8878,0.6537,0.2892,1.5961,1.5773,0.1306,1.5857,2.0193
ffc90_Rep1_s5.png,0.3604,0.0156,-1.8081,0.5248,0.2078,1.5391,1.7444,0.1253,1.9928,4.3022
ffc90_Rep1_s6.png,0.3904,0.0141,-1.8521,0.603,0.5443,1.5686,1.7062,0.1476,1.7593,2.3364
ffc90_Rep1_s7.png,0.1595,0.0249,-1.6046,0.3934,0.7824,1.4458,3.8464,0.088,2.0208,3.6054
ffc90_Rep2_s0.png,0.4011,0.014,-1.8545,0.5981,0.2328,1.5707,1.6419,0.0866,1.9985,4.6269
ffc90_Rep2_s1.png,0.3791,0.013,-1.8848,0.5577,0.2065,1.5722,1.6644,0.1214,1.936,4.0071
ffc90_Rep2_s2.png,0.3945,0.0147,-1.8319,0.5981,0.2144,1.5611,1.6989,0.1156,1.844,3.2384
ffc90_Rep2_s3.png,0.4882,0.0227,-1.6437,0.7052,0.3365,1.5283,1.5263,0.064,2.4127,7.391
ffc90_Rep2_s4.png,0.4386,0.014,-1.8549,0.6472,0.3199,1.5825,1.5786,0.1342,1.5608,1.7749
ffc90_Rep2_s5.png,0.3607,0.013,-1.8851,0.5191,0.305,1.5633,1.7113,0.1128,1.9702,4.4479
ffc90_Rep2_s6.png,0.4413,0.0143,-1.8433,0.654,0.3528,1.5884,1.5622,0.0983,1.8449,3.5954
ffc90_Rep2_s7.png,0.354,0.0139,-1.8557,0.4788,0.4519,1.5488,1.8904,0.1219,1.8371,2.854
ffc93_Rep1_s0.png,0.4341,0.0171,-1.7677,0.6475,0.2882,1.5518,1.6421,0.0775,2.0301,4.7295
ffc93_Rep1_s1.png,0.4305,0.014,-1.8548,0.6341,0.2797,1.5826,1.5988,0.1138,2.3282,6.0827
ffc93_Rep1_s2.png,0.4205,0.0144,-1.842,0.6276,0.3826,1.5719,1.6399,0.0909,2.0644,4.4593
ffc93_Rep1_s3.png,0.4114,0.0185,-1.7318,0.5929,0.3564,1.5335,1.6683,0.0602,2.0262,5.763
ffc93_Rep1_s4.png,0.4049,0.0155,-1.8085,0.602,0.3008,1.5593,1.6702,0.1316,1.467,1.5414
ffc93_Rep1_s5.png,0.3206,0.0138,-1.8588,0.4611,0.2842,1.5331,1.8799,0.1326,1.8773,3.394
ffc93_Rep1_s6.png,0.4429,0.0166,-1.7805,0.6493,0.3649,1.5659,1.5615,0.0899,1.7233,2.7753
ffc93_Rep1_s7.png,0.0206,0.2382,-0.623,0.5818,0.851,1.0454,30.3925,0.0681,2.3614,5.5437
ffc93_Rep2_s0.png,0.4527,0.0173,-1.7612,0.6706,0.2619,1.5586,1.5803,0.0833,1.9395,4.0321
ffc93_Rep2_s1.png,0.2713,0.016,-1.7964,0.3976,0.7317,1.4913,2.3297,0.0849,2.5135,8.2241
ffc93_Rep2_s2.png,0.4058,0.0146,-1.8356,0.6103,0.1986,1.5723,1.6531,0.1136,1.8981,3.5857
ffc93_Rep2_s3.png,0.4775,0.019,-1.7206,0.6785,0.388,1.5483,1.526,0.0606,2.2121,6.4238
ffc93_Rep2_s4.png,0.4185,0.016,-1.7945,0.6154,0.3075,1.5605,1.6392,0.1204,1.5349,1.9678
ffc93_Rep2_s5.png,0.3227,0.0156,-1.8064,0.4667,0.2944,1.5236,1.8936,0.1194,1.7967,3.4052
ffc93_Rep2_s6.png,0.4527,0.0167,-1.7764,0.6629,0.3038,1.5636,1.5482,0.0887,1.7227,2.6797
ffc93_Rep2_s7.png,0.0524,0.0403,-1.395,0.3397,0.8972,1.2845,9.6665,0.0848,2.0663,4.0728
ffc94_Rep1_s0.png,0.4494,0.0181,-1.7428,0.6715,0.1339,1.5515,1.5784,0.0841,1.8108,3.3831
ffc94_Rep1_s1.png,0.3801,0.0146,-1.8347,0.5787,0.1895,1.5588,1.7204,0.1246,1.9316,3.8207
ffc94_Rep1_s2.png,0.4229,0.0183,-1.7372,0.6434,0.2047,1.5401,1.6566,0.0989,1.8869,3.5626
ffc94_Rep1_s3.png,0.4728,0.0211,-1.6761,0.7196,0.1884,1.5382,1.5701,0.0707,2.0541,5.0493
ffc94_Rep1_s4.png,0.4397,0.0202,-1.6943,0.6533,0.2512,1.5327,1.6323,0.1338,1.4937,1.6718
ffc94_Rep1_s5.png,0.3356,0.0128,-1.8924,0.4955,0.3761,1.556,1.8158,0.1275,1.5963,2.2354
ffc94_Rep1_s6.png,0.4512,0.019,-1.721,0.6643,0.3564,1.5463,1.5832,0.0974,1.5678,1.7781
ffc94_Rep1_s7.png,0.1313,0.02,-1.6989,0.3619,0.7659,1.4143,4.2297,0.1011,1.7628,2.5128
ffc94_Rep2_s0.png,0.4561,0.0185,-1.7332,0.6809,0.1231,1.5506,1.5806,0.0836,1.9132,3.7324
ffc94_Rep2_s1.png,0.289,0.0147,-1.834,0.4567,0.561,1.5164,2.0421,0.0841,2.1639,6.0524
ffc94_Rep2_s2.png,0.4055,0.0146,-1.8369,0.6146,0.2433,1.5679,1.6632,0.1188,1.7921,2.9379
ffc94_Rep2_s3.png,0.5443,0.0337,-1.4723,0.7737,0.3876,1.4864,1.4843,0.0554,2.5322,8.8186
ffc94_Rep2_s4.png,0.4567,0.0184,-1.7347,0.672,0.2976,1.5508,1.5987,0.1216,1.5678,2.0469
ffc94_Rep2_s5.png,0.3582,0.0145,-1.8393,0.5164,0.242,1.5448,1.7735,0.122,1.9887,4.2541
ffc94_Rep2_s6.png,0.4149,0.015,-1.8236,0.6218,0.3606,1.5705,1.6229,0.1435,1.5266,1.5738
ffc94_Rep2_s7.png,0.1301,0.0229,-1.6406,0.3455,0.878,1.3833,4.2901,0.1024,1.9736,3.173
ffc95_Rep1_s0.png,0.4148,0.0152,-1.8188,0.615,0.2767,1.5674,1.6307,0.0828,2.0317,4.8895
ffc95_Rep1_s1.png,0.0949,0.0581,-1.2358,0.552,0.4327,1.4018,6.83,0.1174,2.2879,5.6415
ffc95_Rep1_s2.png,0.4094,0.013,-1.8844,0.6206,0.1341,1.5839,1.6272,0.1332,1.8746,3.2077
ffc95_Rep1_s3.png,0.4926,0.0215,-1.6666,0.7,0.4033,1.5284,1.5145,0.0675,2.2419,6.0672
ffc95_Rep1_s4.png,0.4448,0.0164,-1.785,0.6509,0.346,1.5616,1.5978,0.1233,1.584,2.0369
ffc95_Rep1_s5.png,0.3686,0.0145,-1.8385,0.5388,0.2868,1.55,1.7182,0.1247,1.9794,4.1305
ffc95_Rep1_s6.png,0.1832,0.0237,-1.6249,0.4767,0.6387,1.4384,3.4651,0.131,2.0367,3.744
ffc95_Rep1_s7.png,0.0834,0.0394,-1.4042,0.368,0.9139,1.3367,6.9431,0.0892,2.0914,4.1264
ffc95_Rep2_s0.png,0.4094,0.0145,-1.8383,0.6092,0.2863,1.5686,1.6445,0.0919,1.9517,4.109
ffc95_Rep2_s1.png,0.1909,0.0219,-1.6603,0.3338,0.7775,1.423,3.0912,0.1031,1.9705,4.4019
ffc95_Rep2_s2.png,0.4113,0.0139,-1.8579,0.6215,0.1219,1.5802,1.6233,0.1307,1.8126,2.9318
ffc95_Rep2_s3.png,0.4714,0.021,-1.6768,0.6869,0.2399,1.5325,1.541,0.0682,2.2848,6.4232
ffc95_Rep2_s4.png,0.4476,0.0186,-1.7298,0.6599,0.2781,1.5456,1.6073,0.1333,1.64,2.1085
ffc95_Rep2_s5.png,0.3584,0.0134,-1.8721,0.5191,0.255,1.5566,1.7178,0.129,1.8947,3.6748
ffc95_Rep2_s6.png,0.4229,0.0119,-1.9234,0.6264,0.3469,1.6083,1.5584,0.1364,1.7227,2.3999
ffc95_Rep2_s7.png,0.1695,0.0177,-1.7509,0.3713,0.7821,1.4467,3.4404,0.0966,1.8693,3.2781
ffc96_Rep1_s0.png,0.4498,0.0167,-1.7761,0.6685,0.1592,1.5612,1.564,0.0825,1.9592,4.1541
ffc96_Rep1_s1.png,0.3772,0.0138,-1.8604,0.5592,0.2209,1.5666,1.6851,0.1222,1.8095,3.1784
ffc96_Rep1_s2.png,0.3692,0.0168,-1.7754,0.5674,0.2857,1.5399,1.7877,0.127,1.5419,1.8149
ffc96_Rep1_s3.png,0.4333,0.016,-1.7969,0.6547,0.253,1.5668,1.593,0.0778,2.0508,4.9665
ffc96_Rep1_s4.png,0.4159,0.016,-1.7947,0.6129,0.3152,1.5589,1.647,0.1284,1.5132,1.8362
ffc96_Rep1_s5.png,0.3302,0.0159,-1.7999,0.4925,0.2383,1.5284,1.8687,0.1292,1.7741,2.959
ffc96_Rep1_s6.png,0.4307,0.0154,-1.8136,0.6338,0.3593,1.5714,1.5766,0.1088,1.4596,1.444
ffc96_Rep1_s7.png,0.0272,0.061,-1.2144,0.4666,0.7227,1.2695,18.0381,0.0932,1.7139,2.3788
ffc96_Rep2_s0.png,0.4514,0.019,-1.7215,0.6729,0.0996,1.5469,1.5919,0.0885,1.785,3.2057
ffc96_Rep2_s1.png,0.3493,0.0135,-1.8685,0.5248,0.2533,1.5584,1.76,0.1321,1.7699,3.1765
ffc96_Rep2_s2.png,0.3642,0.0131,-1.8828,0.5532,0.257,1.5678,1.7679,0.1398,1.5917,2.0816
ffc96_Rep2_s3.png,0.4576,0.0187,-1.7293,0.6643,0.1325,1.5504,1.563,0.0673,2.2129,6.0559
ffc96_Rep2_s4.png,0.4636,0.0181,-1.7415,0.6843,0.2851,1.5557,1.5659,0.1231,1.5394,1.7675
ffc96_Rep2_s5.png,0.3495,0.0154,-1.8115,0.5096,0.2182,1.5376,1.7757,0.126,1.8805,3.6039
ffc96_Rep2_s6.png,0.4061,0.0125,-1.9016,0.6039,0.3533,1.5945,1.6007,0.1507,1.5438,1.5931
ffc96_Rep2_s7.png,0.0246,0.0619,-1.2084,0.352,0.8426,1.3507,16.9823,0.0902,1.7616,2.8068
ffc97_Rep1_s0.png,0.4743,0.02,-1.699,0.7035,0.2176,1.5424,1.5564,0.0958,1.8087,3.0681
ffc97_Rep1_s1.png,0.2289,0.0141,-1.851,0.3374,0.5891,1.4855,2.4988,0.1077,1.8641,3.8274
ffc97_Rep1_s2.png,0.4428,0.0153,-1.8155,0.6707,0.1773,1.5733,1.595,0.1031,1.9314,3.4703
ffc97_Rep1_s3.png,0.4477,0.0178,-1.7495,0.6521,0.2479,1.5481,1.6031,0.0546,2.2287,6.2709
ffc97_Rep1_s4.png,0.468,0.0164,-1.7861,0.6835,0.279,1.5704,1.538,0.1242,1.5953,2.0798
ffc97_Rep1_s5.png,0.3486,0.0131,-1.8828,0.5034,0.1297,1.5538,1.7499,0.1264,1.8286,3.4281
ffc97_Rep1_s6.png,0.4087,0.0141,-1.8506,0.6157,0.4362,1.5757,1.6244,0.1391,1.5372,1.5448
ffc97_Rep1_s7.png,0.0413,0.0777,-1.1095,0.401,0.8572,1.2431,13.9507,0.0946,1.8771,3.0394
ffc97_Rep2_s0.png,0.458,0.0188,-1.7253,0.6769,0.1621,1.5474,1.5659,0.0824,1.7549,3.3073
ffc97_Rep2_s1.png,0.3955,0.0142,-1.8464,0.5828,0.1633,1.5677,1.638,0.1001,2.2614,5.997
ffc97_Rep2_s2.png,0.4256,0.0154,-1.8111,0.6427,0.2661,1.5653,1.6518,0.1281,1.7428,2.7586
ffc97_Rep2_s3.png,0.4626,0.0171,-1.7672,0.6902,0.1663,1.5655,1.5442,0.0627,2.6574,9.7164
ffc97_Rep2_s4.png,0.4498,0.0146,-1.8347,0.6581,0.2985,1.5819,1.5678,0.1249,1.7567,2.684
ffc97_Rep2_s5.png,0.3597,0.015,-1.8246,0.5287,0.1596,1.5412,1.7519,0.123,1.9052,3.5611
ffc97_Rep2_s6.png,0.4411,0.0162,-1.7906,0.6512,0.3215,1.5636,1.5715,0.1252,1.7385,2.5889
ffc97_Rep2_s7.png,0.0374,0.0661,-1.1797,0.4103,0.6921,1.2959,14.7489,0.0989,1.8866,3.0948
ffc9_Rep1_s0.png,0.4548,0.0168,-1.7737,0.6838,0.1808,1.5589,1.5773,0.0961,1.7878,3.0598
ffc9_Rep1_s1.png,0.3722,0.0132,-1.8786,0.5605,0.1992,1.5646,1.7087,0.118,1.7494,3.2129
ffc9_Rep1_s2.png,0.3942,0.0136,-1.8655,0.6018,0.2486,1.5714,1.6713,0.1146,1.7452,2.7685
ffc9_Rep1_s3.png,0.5005,0.0266,-1.5752,0.7341,0.237,1.5119,1.5337,0.0584,2.022,4.5662
ffc9_Rep1_s4.png,0.4163,0.014,-1.8528,0.6263,0.2667,1.5734,1.6418,0.1278,1.5546,1.8085
ffc9_Rep1_s5.png,0.3314,0.0136,-1.866,0.4797,0.3383,1.5482,1.8446,0.1218,1.8313,3.5122
ffc9_Rep1_s6.png,0.4177,0.0142,-1.8473,0.6304,0.3875,1.5809,1.6084,0.1417,1.5225,1.4556
ffc9_Rep1_s7.png,0.0175,0.3744,-0.4267,0.7413,0.771,0.9663,36.606,0.0576,2.078,4.4438
ffc9_Rep2_s0.png,0.4547,0.0196,-1.7084,0.6796,0.2143,1.5408,1.5943,0.0904,1.9246,3.9481
ffc9_Rep2_s1.png,0.3124,0.0142,-1.847,0.506,0.4885,1.5414,1.952,0.1225,2.2595,5.5627
ffc9_Rep2_s2.png,0.4077,0.0155,-1.811,0.6198,0.2456,1.5604,1.6612,0.143,1.7374,2.5022
ffc9_Rep2_s3.png,0.4268,0.0199,-1.7003,0.6413,0.3165,1.5306,1.6497,0.0712,2.1669,5.727
ffc9_Rep2_s4.png,0.4018,0.0154,-1.8127,0.5947,0.3434,1.5586,1.6991,0.1301,1.6235,2.0424
ffc9_Rep2_s5.png,0.3435,0.0139,-1.8578,0.496,0.1075,1.5422,1.8082,0.0929,2.0493,4.9241
ffc9_Rep2_s6.png,0.2849,0.0179,-1.7478,0.4975,0.5075,1.4883,2.2864,0.0794,2.2541,5.6442
ffc9_Rep2_s7.png,0.0194,0.3189,-0.4964,0.6939,0.8075,0.9744,33.3511,0.061,1.7678,3.2291
